Idx_Sample,(W/C) [Water/Cement ratio]	,[CEM]Cement content	,[F/C] Factor Fine/Coarse (*),Fine Rec Agg % (**)	,Coarse Rec Agg % (***),RAg.T [Recycled Aggregates Types] (****)
1,0,220,0,0,0,0
2,0,220,0,0,0,1
3,0,220,0,0,20,0
4,0,220,0,0,20,1
5,0,220,0,0,30,0
6,0,220,0,0,30,1
7,0,220,0,0,50,0
8,0,220,0,0,50,1
9,0,220,0,0,70,0
10,0,220,0,0,70,1
11,0,220,0,0,80,0
12,0,220,0,0,80,1
13,0,220,0,0,100,0
14,0,220,0,0,100,1
15,0,220,0,20,0,0
16,0,220,0,20,0,1
17,0,220,0,20,20,0
18,0,220,0,20,20,1
19,0,220,0,20,30,0
20,0,220,0,20,30,1
21,0,220,0,20,50,0
22,0,220,0,20,50,1
23,0,220,0,20,70,0
24,0,220,0,20,70,1
25,0,220,0,20,80,0
26,0,220,0,20,80,1
27,0,220,0,20,100,0
28,0,220,0,20,100,1
29,0,220,0,30,0,0
30,0,220,0,30,0,1
31,0,220,0,30,20,0
32,0,220,0,30,20,1
33,0,220,0,30,30,0
34,0,220,0,30,30,1
35,0,220,0,30,50,0
36,0,220,0,30,50,1
37,0,220,0,30,70,0
38,0,220,0,30,70,1
39,0,220,0,30,80,0
40,0,220,0,30,80,1
41,0,220,0,30,100,0
42,0,220,0,30,100,1
43,0,220,0,50,0,0
44,0,220,0,50,0,1
45,0,220,0,50,20,0
46,0,220,0,50,20,1
47,0,220,0,50,30,0
48,0,220,0,50,30,1
49,0,220,0,50,50,0
50,0,220,0,50,50,1
51,0,220,0,50,70,0
52,0,220,0,50,70,1
53,0,220,0,50,80,0
54,0,220,0,50,80,1
55,0,220,0,50,100,0
56,0,220,0,50,100,1
57,0,220,0,70,0,0
58,0,220,0,70,0,1
59,0,220,0,70,20,0
60,0,220,0,70,20,1
61,0,220,0,70,30,0
62,0,220,0,70,30,1
63,0,220,0,70,50,0
64,0,220,0,70,50,1
65,0,220,0,70,70,0
66,0,220,0,70,70,1
67,0,220,0,70,80,0
68,0,220,0,70,80,1
69,0,220,0,70,100,0
70,0,220,0,70,100,1
71,0,220,0,80,0,0
72,0,220,0,80,0,1
73,0,220,0,80,20,0
74,0,220,0,80,20,1
75,0,220,0,80,30,0
76,0,220,0,80,30,1
77,0,220,0,80,50,0
78,0,220,0,80,50,1
79,0,220,0,80,70,0
80,0,220,0,80,70,1
81,0,220,0,80,80,0
82,0,220,0,80,80,1
83,0,220,0,80,100,0
84,0,220,0,80,100,1
85,0,220,0,100,0,0
86,0,220,0,100,0,1
87,0,220,0,100,20,0
88,0,220,0,100,20,1
89,0,220,0,100,30,0
90,0,220,0,100,30,1
91,0,220,0,100,50,0
92,0,220,0,100,50,1
93,0,220,0,100,70,0
94,0,220,0,100,70,1
95,0,220,0,100,80,0
96,0,220,0,100,80,1
97,0,220,0,100,100,0
98,0,220,0,100,100,1
99,0,220,75,0,0,0
100,0,220,75,0,0,1
101,0,220,75,0,20,0
102,0,220,75,0,20,1
103,0,220,75,0,30,0
104,0,220,75,0,30,1
105,0,220,75,0,50,0
106,0,220,75,0,50,1
107,0,220,75,0,70,0
108,0,220,75,0,70,1
109,0,220,75,0,80,0
110,0,220,75,0,80,1
111,0,220,75,0,100,0
112,0,220,75,0,100,1
113,0,220,75,20,0,0
114,0,220,75,20,0,1
115,0,220,75,20,20,0
116,0,220,75,20,20,1
117,0,220,75,20,30,0
118,0,220,75,20,30,1
119,0,220,75,20,50,0
120,0,220,75,20,50,1
121,0,220,75,20,70,0
122,0,220,75,20,70,1
123,0,220,75,20,80,0
124,0,220,75,20,80,1
125,0,220,75,20,100,0
126,0,220,75,20,100,1
127,0,220,75,30,0,0
128,0,220,75,30,0,1
129,0,220,75,30,20,0
130,0,220,75,30,20,1
131,0,220,75,30,30,0
132,0,220,75,30,30,1
133,0,220,75,30,50,0
134,0,220,75,30,50,1
135,0,220,75,30,70,0
136,0,220,75,30,70,1
137,0,220,75,30,80,0
138,0,220,75,30,80,1
139,0,220,75,30,100,0
140,0,220,75,30,100,1
141,0,220,75,50,0,0
142,0,220,75,50,0,1
143,0,220,75,50,20,0
144,0,220,75,50,20,1
145,0,220,75,50,30,0
146,0,220,75,50,30,1
147,0,220,75,50,50,0
148,0,220,75,50,50,1
149,0,220,75,50,70,0
150,0,220,75,50,70,1
151,0,220,75,50,80,0
152,0,220,75,50,80,1
153,0,220,75,50,100,0
154,0,220,75,50,100,1
155,0,220,75,70,0,0
156,0,220,75,70,0,1
157,0,220,75,70,20,0
158,0,220,75,70,20,1
159,0,220,75,70,30,0
160,0,220,75,70,30,1
161,0,220,75,70,50,0
162,0,220,75,70,50,1
163,0,220,75,70,70,0
164,0,220,75,70,70,1
165,0,220,75,70,80,0
166,0,220,75,70,80,1
167,0,220,75,70,100,0
168,0,220,75,70,100,1
169,0,220,75,80,0,0
170,0,220,75,80,0,1
171,0,220,75,80,20,0
172,0,220,75,80,20,1
173,0,220,75,80,30,0
174,0,220,75,80,30,1
175,0,220,75,80,50,0
176,0,220,75,80,50,1
177,0,220,75,80,70,0
178,0,220,75,80,70,1
179,0,220,75,80,80,0
180,0,220,75,80,80,1
181,0,220,75,80,100,0
182,0,220,75,80,100,1
183,0,220,75,100,0,0
184,0,220,75,100,0,1
185,0,220,75,100,20,0
186,0,220,75,100,20,1
187,0,220,75,100,30,0
188,0,220,75,100,30,1
189,0,220,75,100,50,0
190,0,220,75,100,50,1
191,0,220,75,100,70,0
192,0,220,75,100,70,1
193,0,220,75,100,80,0
194,0,220,75,100,80,1
195,0,220,75,100,100,0
196,0,220,75,100,100,1
197,0,220,1,0,0,0
198,0,220,1,0,0,1
199,0,220,1,0,20,0
200,0,220,1,0,20,1
201,0,220,1,0,30,0
202,0,220,1,0,30,1
203,0,220,1,0,50,0
204,0,220,1,0,50,1
205,0,220,1,0,70,0
206,0,220,1,0,70,1
207,0,220,1,0,80,0
208,0,220,1,0,80,1
209,0,220,1,0,100,0
210,0,220,1,0,100,1
211,0,220,1,20,0,0
212,0,220,1,20,0,1
213,0,220,1,20,20,0
214,0,220,1,20,20,1
215,0,220,1,20,30,0
216,0,220,1,20,30,1
217,0,220,1,20,50,0
218,0,220,1,20,50,1
219,0,220,1,20,70,0
220,0,220,1,20,70,1
221,0,220,1,20,80,0
222,0,220,1,20,80,1
223,0,220,1,20,100,0
224,0,220,1,20,100,1
225,0,220,1,30,0,0
226,0,220,1,30,0,1
227,0,220,1,30,20,0
228,0,220,1,30,20,1
229,0,220,1,30,30,0
230,0,220,1,30,30,1
231,0,220,1,30,50,0
232,0,220,1,30,50,1
233,0,220,1,30,70,0
234,0,220,1,30,70,1
235,0,220,1,30,80,0
236,0,220,1,30,80,1
237,0,220,1,30,100,0
238,0,220,1,30,100,1
239,0,220,1,50,0,0
240,0,220,1,50,0,1
241,0,220,1,50,20,0
242,0,220,1,50,20,1
243,0,220,1,50,30,0
244,0,220,1,50,30,1
245,0,220,1,50,50,0
246,0,220,1,50,50,1
247,0,220,1,50,70,0
248,0,220,1,50,70,1
249,0,220,1,50,80,0
250,0,220,1,50,80,1
251,0,220,1,50,100,0
252,0,220,1,50,100,1
253,0,220,1,70,0,0
254,0,220,1,70,0,1
255,0,220,1,70,20,0
256,0,220,1,70,20,1
257,0,220,1,70,30,0
258,0,220,1,70,30,1
259,0,220,1,70,50,0
260,0,220,1,70,50,1
261,0,220,1,70,70,0
262,0,220,1,70,70,1
263,0,220,1,70,80,0
264,0,220,1,70,80,1
265,0,220,1,70,100,0
266,0,220,1,70,100,1
267,0,220,1,80,0,0
268,0,220,1,80,0,1
269,0,220,1,80,20,0
270,0,220,1,80,20,1
271,0,220,1,80,30,0
272,0,220,1,80,30,1
273,0,220,1,80,50,0
274,0,220,1,80,50,1
275,0,220,1,80,70,0
276,0,220,1,80,70,1
277,0,220,1,80,80,0
278,0,220,1,80,80,1
279,0,220,1,80,100,0
280,0,220,1,80,100,1
281,0,220,1,100,0,0
282,0,220,1,100,0,1
283,0,220,1,100,20,0
284,0,220,1,100,20,1
285,0,220,1,100,30,0
286,0,220,1,100,30,1
287,0,220,1,100,50,0
288,0,220,1,100,50,1
289,0,220,1,100,70,0
290,0,220,1,100,70,1
291,0,220,1,100,80,0
292,0,220,1,100,80,1
293,0,220,1,100,100,0
294,0,220,1,100,100,1
295,0,220,1,0,0,0
296,0,220,1,0,0,1
297,0,220,1,0,20,0
298,0,220,1,0,20,1
299,0,220,1,0,30,0
300,0,220,1,0,30,1
301,0,220,1,0,50,0
302,0,220,1,0,50,1
303,0,220,1,0,70,0
304,0,220,1,0,70,1
305,0,220,1,0,80,0
306,0,220,1,0,80,1
307,0,220,1,0,100,0
308,0,220,1,0,100,1
309,0,220,1,20,0,0
310,0,220,1,20,0,1
311,0,220,1,20,20,0
312,0,220,1,20,20,1
313,0,220,1,20,30,0
314,0,220,1,20,30,1
315,0,220,1,20,50,0
316,0,220,1,20,50,1
317,0,220,1,20,70,0
318,0,220,1,20,70,1
319,0,220,1,20,80,0
320,0,220,1,20,80,1
321,0,220,1,20,100,0
322,0,220,1,20,100,1
323,0,220,1,30,0,0
324,0,220,1,30,0,1
325,0,220,1,30,20,0
326,0,220,1,30,20,1
327,0,220,1,30,30,0
328,0,220,1,30,30,1
329,0,220,1,30,50,0
330,0,220,1,30,50,1
331,0,220,1,30,70,0
332,0,220,1,30,70,1
333,0,220,1,30,80,0
334,0,220,1,30,80,1
335,0,220,1,30,100,0
336,0,220,1,30,100,1
337,0,220,1,50,0,0
338,0,220,1,50,0,1
339,0,220,1,50,20,0
340,0,220,1,50,20,1
341,0,220,1,50,30,0
342,0,220,1,50,30,1
343,0,220,1,50,50,0
344,0,220,1,50,50,1
345,0,220,1,50,70,0
346,0,220,1,50,70,1
347,0,220,1,50,80,0
348,0,220,1,50,80,1
349,0,220,1,50,100,0
350,0,220,1,50,100,1
351,0,220,1,70,0,0
352,0,220,1,70,0,1
353,0,220,1,70,20,0
354,0,220,1,70,20,1
355,0,220,1,70,30,0
356,0,220,1,70,30,1
357,0,220,1,70,50,0
358,0,220,1,70,50,1
359,0,220,1,70,70,0
360,0,220,1,70,70,1
361,0,220,1,70,80,0
362,0,220,1,70,80,1
363,0,220,1,70,100,0
364,0,220,1,70,100,1
365,0,220,1,80,0,0
366,0,220,1,80,0,1
367,0,220,1,80,20,0
368,0,220,1,80,20,1
369,0,220,1,80,30,0
370,0,220,1,80,30,1
371,0,220,1,80,50,0
372,0,220,1,80,50,1
373,0,220,1,80,70,0
374,0,220,1,80,70,1
375,0,220,1,80,80,0
376,0,220,1,80,80,1
377,0,220,1,80,100,0
378,0,220,1,80,100,1
379,0,220,1,100,0,0
380,0,220,1,100,0,1
381,0,220,1,100,20,0
382,0,220,1,100,20,1
383,0,220,1,100,30,0
384,0,220,1,100,30,1
385,0,220,1,100,50,0
386,0,220,1,100,50,1
387,0,220,1,100,70,0
388,0,220,1,100,70,1
389,0,220,1,100,80,0
390,0,220,1,100,80,1
391,0,220,1,100,100,0
392,0,220,1,100,100,1
393,0,220,5,0,0,0
394,0,220,5,0,0,1
395,0,220,5,0,20,0
396,0,220,5,0,20,1
397,0,220,5,0,30,0
398,0,220,5,0,30,1
399,0,220,5,0,50,0
400,0,220,5,0,50,1
401,0,220,5,0,70,0
402,0,220,5,0,70,1
403,0,220,5,0,80,0
404,0,220,5,0,80,1
405,0,220,5,0,100,0
406,0,220,5,0,100,1
407,0,220,5,20,0,0
408,0,220,5,20,0,1
409,0,220,5,20,20,0
410,0,220,5,20,20,1
411,0,220,5,20,30,0
412,0,220,5,20,30,1
413,0,220,5,20,50,0
414,0,220,5,20,50,1
415,0,220,5,20,70,0
416,0,220,5,20,70,1
417,0,220,5,20,80,0
418,0,220,5,20,80,1
419,0,220,5,20,100,0
420,0,220,5,20,100,1
421,0,220,5,30,0,0
422,0,220,5,30,0,1
423,0,220,5,30,20,0
424,0,220,5,30,20,1
425,0,220,5,30,30,0
426,0,220,5,30,30,1
427,0,220,5,30,50,0
428,0,220,5,30,50,1
429,0,220,5,30,70,0
430,0,220,5,30,70,1
431,0,220,5,30,80,0
432,0,220,5,30,80,1
433,0,220,5,30,100,0
434,0,220,5,30,100,1
435,0,220,5,50,0,0
436,0,220,5,50,0,1
437,0,220,5,50,20,0
438,0,220,5,50,20,1
439,0,220,5,50,30,0
440,0,220,5,50,30,1
441,0,220,5,50,50,0
442,0,220,5,50,50,1
443,0,220,5,50,70,0
444,0,220,5,50,70,1
445,0,220,5,50,80,0
446,0,220,5,50,80,1
447,0,220,5,50,100,0
448,0,220,5,50,100,1
449,0,220,5,70,0,0
450,0,220,5,70,0,1
451,0,220,5,70,20,0
452,0,220,5,70,20,1
453,0,220,5,70,30,0
454,0,220,5,70,30,1
455,0,220,5,70,50,0
456,0,220,5,70,50,1
457,0,220,5,70,70,0
458,0,220,5,70,70,1
459,0,220,5,70,80,0
460,0,220,5,70,80,1
461,0,220,5,70,100,0
462,0,220,5,70,100,1
463,0,220,5,80,0,0
464,0,220,5,80,0,1
465,0,220,5,80,20,0
466,0,220,5,80,20,1
467,0,220,5,80,30,0
468,0,220,5,80,30,1
469,0,220,5,80,50,0
470,0,220,5,80,50,1
471,0,220,5,80,70,0
472,0,220,5,80,70,1
473,0,220,5,80,80,0
474,0,220,5,80,80,1
475,0,220,5,80,100,0
476,0,220,5,80,100,1
477,0,220,5,100,0,0
478,0,220,5,100,0,1
479,0,220,5,100,20,0
480,0,220,5,100,20,1
481,0,220,5,100,30,0
482,0,220,5,100,30,1
483,0,220,5,100,50,0
484,0,220,5,100,50,1
485,0,220,5,100,70,0
486,0,220,5,100,70,1
487,0,220,5,100,80,0
488,0,220,5,100,80,1
489,0,220,5,100,100,0
490,0,220,5,100,100,1
491,0,240,0,0,0,0
492,0,240,0,0,0,1
493,0,240,0,0,20,0
494,0,240,0,0,20,1
495,0,240,0,0,30,0
496,0,240,0,0,30,1
497,0,240,0,0,50,0
498,0,240,0,0,50,1
499,0,240,0,0,70,0
500,0,240,0,0,70,1
501,0,240,0,0,80,0
502,0,240,0,0,80,1
503,0,240,0,0,100,0
504,0,240,0,0,100,1
505,0,240,0,20,0,0
506,0,240,0,20,0,1
507,0,240,0,20,20,0
508,0,240,0,20,20,1
509,0,240,0,20,30,0
510,0,240,0,20,30,1
511,0,240,0,20,50,0
512,0,240,0,20,50,1
513,0,240,0,20,70,0
514,0,240,0,20,70,1
515,0,240,0,20,80,0
516,0,240,0,20,80,1
517,0,240,0,20,100,0
518,0,240,0,20,100,1
519,0,240,0,30,0,0
520,0,240,0,30,0,1
521,0,240,0,30,20,0
522,0,240,0,30,20,1
523,0,240,0,30,30,0
524,0,240,0,30,30,1
525,0,240,0,30,50,0
526,0,240,0,30,50,1
527,0,240,0,30,70,0
528,0,240,0,30,70,1
529,0,240,0,30,80,0
530,0,240,0,30,80,1
531,0,240,0,30,100,0
532,0,240,0,30,100,1
533,0,240,0,50,0,0
534,0,240,0,50,0,1
535,0,240,0,50,20,0
536,0,240,0,50,20,1
537,0,240,0,50,30,0
538,0,240,0,50,30,1
539,0,240,0,50,50,0
540,0,240,0,50,50,1
541,0,240,0,50,70,0
542,0,240,0,50,70,1
543,0,240,0,50,80,0
544,0,240,0,50,80,1
545,0,240,0,50,100,0
546,0,240,0,50,100,1
547,0,240,0,70,0,0
548,0,240,0,70,0,1
549,0,240,0,70,20,0
550,0,240,0,70,20,1
551,0,240,0,70,30,0
552,0,240,0,70,30,1
553,0,240,0,70,50,0
554,0,240,0,70,50,1
555,0,240,0,70,70,0
556,0,240,0,70,70,1
557,0,240,0,70,80,0
558,0,240,0,70,80,1
559,0,240,0,70,100,0
560,0,240,0,70,100,1
561,0,240,0,80,0,0
562,0,240,0,80,0,1
563,0,240,0,80,20,0
564,0,240,0,80,20,1
565,0,240,0,80,30,0
566,0,240,0,80,30,1
567,0,240,0,80,50,0
568,0,240,0,80,50,1
569,0,240,0,80,70,0
570,0,240,0,80,70,1
571,0,240,0,80,80,0
572,0,240,0,80,80,1
573,0,240,0,80,100,0
574,0,240,0,80,100,1
575,0,240,0,100,0,0
576,0,240,0,100,0,1
577,0,240,0,100,20,0
578,0,240,0,100,20,1
579,0,240,0,100,30,0
580,0,240,0,100,30,1
581,0,240,0,100,50,0
582,0,240,0,100,50,1
583,0,240,0,100,70,0
584,0,240,0,100,70,1
585,0,240,0,100,80,0
586,0,240,0,100,80,1
587,0,240,0,100,100,0
588,0,240,0,100,100,1
589,0,240,75,0,0,0
590,0,240,75,0,0,1
591,0,240,75,0,20,0
592,0,240,75,0,20,1
593,0,240,75,0,30,0
594,0,240,75,0,30,1
595,0,240,75,0,50,0
596,0,240,75,0,50,1
597,0,240,75,0,70,0
598,0,240,75,0,70,1
599,0,240,75,0,80,0
600,0,240,75,0,80,1
601,0,240,75,0,100,0
602,0,240,75,0,100,1
603,0,240,75,20,0,0
604,0,240,75,20,0,1
605,0,240,75,20,20,0
606,0,240,75,20,20,1
607,0,240,75,20,30,0
608,0,240,75,20,30,1
609,0,240,75,20,50,0
610,0,240,75,20,50,1
611,0,240,75,20,70,0
612,0,240,75,20,70,1
613,0,240,75,20,80,0
614,0,240,75,20,80,1
615,0,240,75,20,100,0
616,0,240,75,20,100,1
617,0,240,75,30,0,0
618,0,240,75,30,0,1
619,0,240,75,30,20,0
620,0,240,75,30,20,1
621,0,240,75,30,30,0
622,0,240,75,30,30,1
623,0,240,75,30,50,0
624,0,240,75,30,50,1
625,0,240,75,30,70,0
626,0,240,75,30,70,1
627,0,240,75,30,80,0
628,0,240,75,30,80,1
629,0,240,75,30,100,0
630,0,240,75,30,100,1
631,0,240,75,50,0,0
632,0,240,75,50,0,1
633,0,240,75,50,20,0
634,0,240,75,50,20,1
635,0,240,75,50,30,0
636,0,240,75,50,30,1
637,0,240,75,50,50,0
638,0,240,75,50,50,1
639,0,240,75,50,70,0
640,0,240,75,50,70,1
641,0,240,75,50,80,0
642,0,240,75,50,80,1
643,0,240,75,50,100,0
644,0,240,75,50,100,1
645,0,240,75,70,0,0
646,0,240,75,70,0,1
647,0,240,75,70,20,0
648,0,240,75,70,20,1
649,0,240,75,70,30,0
650,0,240,75,70,30,1
651,0,240,75,70,50,0
652,0,240,75,70,50,1
653,0,240,75,70,70,0
654,0,240,75,70,70,1
655,0,240,75,70,80,0
656,0,240,75,70,80,1
657,0,240,75,70,100,0
658,0,240,75,70,100,1
659,0,240,75,80,0,0
660,0,240,75,80,0,1
661,0,240,75,80,20,0
662,0,240,75,80,20,1
663,0,240,75,80,30,0
664,0,240,75,80,30,1
665,0,240,75,80,50,0
666,0,240,75,80,50,1
667,0,240,75,80,70,0
668,0,240,75,80,70,1
669,0,240,75,80,80,0
670,0,240,75,80,80,1
671,0,240,75,80,100,0
672,0,240,75,80,100,1
673,0,240,75,100,0,0
674,0,240,75,100,0,1
675,0,240,75,100,20,0
676,0,240,75,100,20,1
677,0,240,75,100,30,0
678,0,240,75,100,30,1
679,0,240,75,100,50,0
680,0,240,75,100,50,1
681,0,240,75,100,70,0
682,0,240,75,100,70,1
683,0,240,75,100,80,0
684,0,240,75,100,80,1
685,0,240,75,100,100,0
686,0,240,75,100,100,1
687,0,240,1,0,0,0
688,0,240,1,0,0,1
689,0,240,1,0,20,0
690,0,240,1,0,20,1
691,0,240,1,0,30,0
692,0,240,1,0,30,1
693,0,240,1,0,50,0
694,0,240,1,0,50,1
695,0,240,1,0,70,0
696,0,240,1,0,70,1
697,0,240,1,0,80,0
698,0,240,1,0,80,1
699,0,240,1,0,100,0
700,0,240,1,0,100,1
701,0,240,1,20,0,0
702,0,240,1,20,0,1
703,0,240,1,20,20,0
704,0,240,1,20,20,1
705,0,240,1,20,30,0
706,0,240,1,20,30,1
707,0,240,1,20,50,0
708,0,240,1,20,50,1
709,0,240,1,20,70,0
710,0,240,1,20,70,1
711,0,240,1,20,80,0
712,0,240,1,20,80,1
713,0,240,1,20,100,0
714,0,240,1,20,100,1
715,0,240,1,30,0,0
716,0,240,1,30,0,1
717,0,240,1,30,20,0
718,0,240,1,30,20,1
719,0,240,1,30,30,0
720,0,240,1,30,30,1
721,0,240,1,30,50,0
722,0,240,1,30,50,1
723,0,240,1,30,70,0
724,0,240,1,30,70,1
725,0,240,1,30,80,0
726,0,240,1,30,80,1
727,0,240,1,30,100,0
728,0,240,1,30,100,1
729,0,240,1,50,0,0
730,0,240,1,50,0,1
731,0,240,1,50,20,0
732,0,240,1,50,20,1
733,0,240,1,50,30,0
734,0,240,1,50,30,1
735,0,240,1,50,50,0
736,0,240,1,50,50,1
737,0,240,1,50,70,0
738,0,240,1,50,70,1
739,0,240,1,50,80,0
740,0,240,1,50,80,1
741,0,240,1,50,100,0
742,0,240,1,50,100,1
743,0,240,1,70,0,0
744,0,240,1,70,0,1
745,0,240,1,70,20,0
746,0,240,1,70,20,1
747,0,240,1,70,30,0
748,0,240,1,70,30,1
749,0,240,1,70,50,0
750,0,240,1,70,50,1
751,0,240,1,70,70,0
752,0,240,1,70,70,1
753,0,240,1,70,80,0
754,0,240,1,70,80,1
755,0,240,1,70,100,0
756,0,240,1,70,100,1
757,0,240,1,80,0,0
758,0,240,1,80,0,1
759,0,240,1,80,20,0
760,0,240,1,80,20,1
761,0,240,1,80,30,0
762,0,240,1,80,30,1
763,0,240,1,80,50,0
764,0,240,1,80,50,1
765,0,240,1,80,70,0
766,0,240,1,80,70,1
767,0,240,1,80,80,0
768,0,240,1,80,80,1
769,0,240,1,80,100,0
770,0,240,1,80,100,1
771,0,240,1,100,0,0
772,0,240,1,100,0,1
773,0,240,1,100,20,0
774,0,240,1,100,20,1
775,0,240,1,100,30,0
776,0,240,1,100,30,1
777,0,240,1,100,50,0
778,0,240,1,100,50,1
779,0,240,1,100,70,0
780,0,240,1,100,70,1
781,0,240,1,100,80,0
782,0,240,1,100,80,1
783,0,240,1,100,100,0
784,0,240,1,100,100,1
785,0,240,1,0,0,0
786,0,240,1,0,0,1
787,0,240,1,0,20,0
788,0,240,1,0,20,1
789,0,240,1,0,30,0
790,0,240,1,0,30,1
791,0,240,1,0,50,0
792,0,240,1,0,50,1
793,0,240,1,0,70,0
794,0,240,1,0,70,1
795,0,240,1,0,80,0
796,0,240,1,0,80,1
797,0,240,1,0,100,0
798,0,240,1,0,100,1
799,0,240,1,20,0,0
800,0,240,1,20,0,1
801,0,240,1,20,20,0
802,0,240,1,20,20,1
803,0,240,1,20,30,0
804,0,240,1,20,30,1
805,0,240,1,20,50,0
806,0,240,1,20,50,1
807,0,240,1,20,70,0
808,0,240,1,20,70,1
809,0,240,1,20,80,0
810,0,240,1,20,80,1
811,0,240,1,20,100,0
812,0,240,1,20,100,1
813,0,240,1,30,0,0
814,0,240,1,30,0,1
815,0,240,1,30,20,0
816,0,240,1,30,20,1
817,0,240,1,30,30,0
818,0,240,1,30,30,1
819,0,240,1,30,50,0
820,0,240,1,30,50,1
821,0,240,1,30,70,0
822,0,240,1,30,70,1
823,0,240,1,30,80,0
824,0,240,1,30,80,1
825,0,240,1,30,100,0
826,0,240,1,30,100,1
827,0,240,1,50,0,0
828,0,240,1,50,0,1
829,0,240,1,50,20,0
830,0,240,1,50,20,1
831,0,240,1,50,30,0
832,0,240,1,50,30,1
833,0,240,1,50,50,0
834,0,240,1,50,50,1
835,0,240,1,50,70,0
836,0,240,1,50,70,1
837,0,240,1,50,80,0
838,0,240,1,50,80,1
839,0,240,1,50,100,0
840,0,240,1,50,100,1
841,0,240,1,70,0,0
842,0,240,1,70,0,1
843,0,240,1,70,20,0
844,0,240,1,70,20,1
845,0,240,1,70,30,0
846,0,240,1,70,30,1
847,0,240,1,70,50,0
848,0,240,1,70,50,1
849,0,240,1,70,70,0
850,0,240,1,70,70,1
851,0,240,1,70,80,0
852,0,240,1,70,80,1
853,0,240,1,70,100,0
854,0,240,1,70,100,1
855,0,240,1,80,0,0
856,0,240,1,80,0,1
857,0,240,1,80,20,0
858,0,240,1,80,20,1
859,0,240,1,80,30,0
860,0,240,1,80,30,1
861,0,240,1,80,50,0
862,0,240,1,80,50,1
863,0,240,1,80,70,0
864,0,240,1,80,70,1
865,0,240,1,80,80,0
866,0,240,1,80,80,1
867,0,240,1,80,100,0
868,0,240,1,80,100,1
869,0,240,1,100,0,0
870,0,240,1,100,0,1
871,0,240,1,100,20,0
872,0,240,1,100,20,1
873,0,240,1,100,30,0
874,0,240,1,100,30,1
875,0,240,1,100,50,0
876,0,240,1,100,50,1
877,0,240,1,100,70,0
878,0,240,1,100,70,1
879,0,240,1,100,80,0
880,0,240,1,100,80,1
881,0,240,1,100,100,0
882,0,240,1,100,100,1
883,0,240,5,0,0,0
884,0,240,5,0,0,1
885,0,240,5,0,20,0
886,0,240,5,0,20,1
887,0,240,5,0,30,0
888,0,240,5,0,30,1
889,0,240,5,0,50,0
890,0,240,5,0,50,1
891,0,240,5,0,70,0
892,0,240,5,0,70,1
893,0,240,5,0,80,0
894,0,240,5,0,80,1
895,0,240,5,0,100,0
896,0,240,5,0,100,1
897,0,240,5,20,0,0
898,0,240,5,20,0,1
899,0,240,5,20,20,0
900,0,240,5,20,20,1
901,0,240,5,20,30,0
902,0,240,5,20,30,1
903,0,240,5,20,50,0
904,0,240,5,20,50,1
905,0,240,5,20,70,0
906,0,240,5,20,70,1
907,0,240,5,20,80,0
908,0,240,5,20,80,1
909,0,240,5,20,100,0
910,0,240,5,20,100,1
911,0,240,5,30,0,0
912,0,240,5,30,0,1
913,0,240,5,30,20,0
914,0,240,5,30,20,1
915,0,240,5,30,30,0
916,0,240,5,30,30,1
917,0,240,5,30,50,0
918,0,240,5,30,50,1
919,0,240,5,30,70,0
920,0,240,5,30,70,1
921,0,240,5,30,80,0
922,0,240,5,30,80,1
923,0,240,5,30,100,0
924,0,240,5,30,100,1
925,0,240,5,50,0,0
926,0,240,5,50,0,1
927,0,240,5,50,20,0
928,0,240,5,50,20,1
929,0,240,5,50,30,0
930,0,240,5,50,30,1
931,0,240,5,50,50,0
932,0,240,5,50,50,1
933,0,240,5,50,70,0
934,0,240,5,50,70,1
935,0,240,5,50,80,0
936,0,240,5,50,80,1
937,0,240,5,50,100,0
938,0,240,5,50,100,1
939,0,240,5,70,0,0
940,0,240,5,70,0,1
941,0,240,5,70,20,0
942,0,240,5,70,20,1
943,0,240,5,70,30,0
944,0,240,5,70,30,1
945,0,240,5,70,50,0
946,0,240,5,70,50,1
947,0,240,5,70,70,0
948,0,240,5,70,70,1
949,0,240,5,70,80,0
950,0,240,5,70,80,1
951,0,240,5,70,100,0
952,0,240,5,70,100,1
953,0,240,5,80,0,0
954,0,240,5,80,0,1
955,0,240,5,80,20,0
956,0,240,5,80,20,1
957,0,240,5,80,30,0
958,0,240,5,80,30,1
959,0,240,5,80,50,0
960,0,240,5,80,50,1
961,0,240,5,80,70,0
962,0,240,5,80,70,1
963,0,240,5,80,80,0
964,0,240,5,80,80,1
965,0,240,5,80,100,0
966,0,240,5,80,100,1
967,0,240,5,100,0,0
968,0,240,5,100,0,1
969,0,240,5,100,20,0
970,0,240,5,100,20,1
971,0,240,5,100,30,0
972,0,240,5,100,30,1
973,0,240,5,100,50,0
974,0,240,5,100,50,1
975,0,240,5,100,70,0
976,0,240,5,100,70,1
977,0,240,5,100,80,0
978,0,240,5,100,80,1
979,0,240,5,100,100,0
980,0,240,5,100,100,1
981,0,260,0,0,0,0
982,0,260,0,0,0,1
983,0,260,0,0,20,0
984,0,260,0,0,20,1
985,0,260,0,0,30,0
986,0,260,0,0,30,1
987,0,260,0,0,50,0
988,0,260,0,0,50,1
989,0,260,0,0,70,0
990,0,260,0,0,70,1
991,0,260,0,0,80,0
992,0,260,0,0,80,1
993,0,260,0,0,100,0
994,0,260,0,0,100,1
995,0,260,0,20,0,0
996,0,260,0,20,0,1
997,0,260,0,20,20,0
998,0,260,0,20,20,1
999,0,260,0,20,30,0
1000,0,260,0,20,30,1
1001,0,260,0,20,50,0
1002,0,260,0,20,50,1
1003,0,260,0,20,70,0
1004,0,260,0,20,70,1
1005,0,260,0,20,80,0
1006,0,260,0,20,80,1
1007,0,260,0,20,100,0
1008,0,260,0,20,100,1
1009,0,260,0,30,0,0
1010,0,260,0,30,0,1
1011,0,260,0,30,20,0
1012,0,260,0,30,20,1
1013,0,260,0,30,30,0
1014,0,260,0,30,30,1
1015,0,260,0,30,50,0
1016,0,260,0,30,50,1
1017,0,260,0,30,70,0
1018,0,260,0,30,70,1
1019,0,260,0,30,80,0
1020,0,260,0,30,80,1
1021,0,260,0,30,100,0
1022,0,260,0,30,100,1
1023,0,260,0,50,0,0
1024,0,260,0,50,0,1
1025,0,260,0,50,20,0
1026,0,260,0,50,20,1
1027,0,260,0,50,30,0
1028,0,260,0,50,30,1
1029,0,260,0,50,50,0
1030,0,260,0,50,50,1
1031,0,260,0,50,70,0
1032,0,260,0,50,70,1
1033,0,260,0,50,80,0
1034,0,260,0,50,80,1
1035,0,260,0,50,100,0
1036,0,260,0,50,100,1
1037,0,260,0,70,0,0
1038,0,260,0,70,0,1
1039,0,260,0,70,20,0
1040,0,260,0,70,20,1
1041,0,260,0,70,30,0
1042,0,260,0,70,30,1
1043,0,260,0,70,50,0
1044,0,260,0,70,50,1
1045,0,260,0,70,70,0
1046,0,260,0,70,70,1
1047,0,260,0,70,80,0
1048,0,260,0,70,80,1
1049,0,260,0,70,100,0
1050,0,260,0,70,100,1
1051,0,260,0,80,0,0
1052,0,260,0,80,0,1
1053,0,260,0,80,20,0
1054,0,260,0,80,20,1
1055,0,260,0,80,30,0
1056,0,260,0,80,30,1
1057,0,260,0,80,50,0
1058,0,260,0,80,50,1
1059,0,260,0,80,70,0
1060,0,260,0,80,70,1
1061,0,260,0,80,80,0
1062,0,260,0,80,80,1
1063,0,260,0,80,100,0
1064,0,260,0,80,100,1
1065,0,260,0,100,0,0
1066,0,260,0,100,0,1
1067,0,260,0,100,20,0
1068,0,260,0,100,20,1
1069,0,260,0,100,30,0
1070,0,260,0,100,30,1
1071,0,260,0,100,50,0
1072,0,260,0,100,50,1
1073,0,260,0,100,70,0
1074,0,260,0,100,70,1
1075,0,260,0,100,80,0
1076,0,260,0,100,80,1
1077,0,260,0,100,100,0
1078,0,260,0,100,100,1
1079,0,260,75,0,0,0
1080,0,260,75,0,0,1
1081,0,260,75,0,20,0
1082,0,260,75,0,20,1
1083,0,260,75,0,30,0
1084,0,260,75,0,30,1
1085,0,260,75,0,50,0
1086,0,260,75,0,50,1
1087,0,260,75,0,70,0
1088,0,260,75,0,70,1
1089,0,260,75,0,80,0
1090,0,260,75,0,80,1
1091,0,260,75,0,100,0
1092,0,260,75,0,100,1
1093,0,260,75,20,0,0
1094,0,260,75,20,0,1
1095,0,260,75,20,20,0
1096,0,260,75,20,20,1
1097,0,260,75,20,30,0
1098,0,260,75,20,30,1
1099,0,260,75,20,50,0
1100,0,260,75,20,50,1
1101,0,260,75,20,70,0
1102,0,260,75,20,70,1
1103,0,260,75,20,80,0
1104,0,260,75,20,80,1
1105,0,260,75,20,100,0
1106,0,260,75,20,100,1
1107,0,260,75,30,0,0
1108,0,260,75,30,0,1
1109,0,260,75,30,20,0
1110,0,260,75,30,20,1
1111,0,260,75,30,30,0
1112,0,260,75,30,30,1
1113,0,260,75,30,50,0
1114,0,260,75,30,50,1
1115,0,260,75,30,70,0
1116,0,260,75,30,70,1
1117,0,260,75,30,80,0
1118,0,260,75,30,80,1
1119,0,260,75,30,100,0
1120,0,260,75,30,100,1
1121,0,260,75,50,0,0
1122,0,260,75,50,0,1
1123,0,260,75,50,20,0
1124,0,260,75,50,20,1
1125,0,260,75,50,30,0
1126,0,260,75,50,30,1
1127,0,260,75,50,50,0
1128,0,260,75,50,50,1
1129,0,260,75,50,70,0
1130,0,260,75,50,70,1
1131,0,260,75,50,80,0
1132,0,260,75,50,80,1
1133,0,260,75,50,100,0
1134,0,260,75,50,100,1
1135,0,260,75,70,0,0
1136,0,260,75,70,0,1
1137,0,260,75,70,20,0
1138,0,260,75,70,20,1
1139,0,260,75,70,30,0
1140,0,260,75,70,30,1
1141,0,260,75,70,50,0
1142,0,260,75,70,50,1
1143,0,260,75,70,70,0
1144,0,260,75,70,70,1
1145,0,260,75,70,80,0
1146,0,260,75,70,80,1
1147,0,260,75,70,100,0
1148,0,260,75,70,100,1
1149,0,260,75,80,0,0
1150,0,260,75,80,0,1
1151,0,260,75,80,20,0
1152,0,260,75,80,20,1
1153,0,260,75,80,30,0
1154,0,260,75,80,30,1
1155,0,260,75,80,50,0
1156,0,260,75,80,50,1
1157,0,260,75,80,70,0
1158,0,260,75,80,70,1
1159,0,260,75,80,80,0
1160,0,260,75,80,80,1
1161,0,260,75,80,100,0
1162,0,260,75,80,100,1
1163,0,260,75,100,0,0
1164,0,260,75,100,0,1
1165,0,260,75,100,20,0
1166,0,260,75,100,20,1
1167,0,260,75,100,30,0
1168,0,260,75,100,30,1
1169,0,260,75,100,50,0
1170,0,260,75,100,50,1
1171,0,260,75,100,70,0
1172,0,260,75,100,70,1
1173,0,260,75,100,80,0
1174,0,260,75,100,80,1
1175,0,260,75,100,100,0
1176,0,260,75,100,100,1
1177,0,260,1,0,0,0
1178,0,260,1,0,0,1
1179,0,260,1,0,20,0
1180,0,260,1,0,20,1
1181,0,260,1,0,30,0
1182,0,260,1,0,30,1
1183,0,260,1,0,50,0
1184,0,260,1,0,50,1
1185,0,260,1,0,70,0
1186,0,260,1,0,70,1
1187,0,260,1,0,80,0
1188,0,260,1,0,80,1
1189,0,260,1,0,100,0
1190,0,260,1,0,100,1
1191,0,260,1,20,0,0
1192,0,260,1,20,0,1
1193,0,260,1,20,20,0
1194,0,260,1,20,20,1
1195,0,260,1,20,30,0
1196,0,260,1,20,30,1
1197,0,260,1,20,50,0
1198,0,260,1,20,50,1
1199,0,260,1,20,70,0
1200,0,260,1,20,70,1
1201,0,260,1,20,80,0
1202,0,260,1,20,80,1
1203,0,260,1,20,100,0
1204,0,260,1,20,100,1
1205,0,260,1,30,0,0
1206,0,260,1,30,0,1
1207,0,260,1,30,20,0
1208,0,260,1,30,20,1
1209,0,260,1,30,30,0
1210,0,260,1,30,30,1
1211,0,260,1,30,50,0
1212,0,260,1,30,50,1
1213,0,260,1,30,70,0
1214,0,260,1,30,70,1
1215,0,260,1,30,80,0
1216,0,260,1,30,80,1
1217,0,260,1,30,100,0
1218,0,260,1,30,100,1
1219,0,260,1,50,0,0
1220,0,260,1,50,0,1
1221,0,260,1,50,20,0
1222,0,260,1,50,20,1
1223,0,260,1,50,30,0
1224,0,260,1,50,30,1
1225,0,260,1,50,50,0
1226,0,260,1,50,50,1
1227,0,260,1,50,70,0
1228,0,260,1,50,70,1
1229,0,260,1,50,80,0
1230,0,260,1,50,80,1
1231,0,260,1,50,100,0
1232,0,260,1,50,100,1
1233,0,260,1,70,0,0
1234,0,260,1,70,0,1
1235,0,260,1,70,20,0
1236,0,260,1,70,20,1
1237,0,260,1,70,30,0
1238,0,260,1,70,30,1
1239,0,260,1,70,50,0
1240,0,260,1,70,50,1
1241,0,260,1,70,70,0
1242,0,260,1,70,70,1
1243,0,260,1,70,80,0
1244,0,260,1,70,80,1
1245,0,260,1,70,100,0
1246,0,260,1,70,100,1
1247,0,260,1,80,0,0
1248,0,260,1,80,0,1
1249,0,260,1,80,20,0
1250,0,260,1,80,20,1
1251,0,260,1,80,30,0
1252,0,260,1,80,30,1
1253,0,260,1,80,50,0
1254,0,260,1,80,50,1
1255,0,260,1,80,70,0
1256,0,260,1,80,70,1
1257,0,260,1,80,80,0
1258,0,260,1,80,80,1
1259,0,260,1,80,100,0
1260,0,260,1,80,100,1
1261,0,260,1,100,0,0
1262,0,260,1,100,0,1
1263,0,260,1,100,20,0
1264,0,260,1,100,20,1
1265,0,260,1,100,30,0
1266,0,260,1,100,30,1
1267,0,260,1,100,50,0
1268,0,260,1,100,50,1
1269,0,260,1,100,70,0
1270,0,260,1,100,70,1
1271,0,260,1,100,80,0
1272,0,260,1,100,80,1
1273,0,260,1,100,100,0
1274,0,260,1,100,100,1
1275,0,260,1,0,0,0
1276,0,260,1,0,0,1
1277,0,260,1,0,20,0
1278,0,260,1,0,20,1
1279,0,260,1,0,30,0
1280,0,260,1,0,30,1
1281,0,260,1,0,50,0
1282,0,260,1,0,50,1
1283,0,260,1,0,70,0
1284,0,260,1,0,70,1
1285,0,260,1,0,80,0
1286,0,260,1,0,80,1
1287,0,260,1,0,100,0
1288,0,260,1,0,100,1
1289,0,260,1,20,0,0
1290,0,260,1,20,0,1
1291,0,260,1,20,20,0
1292,0,260,1,20,20,1
1293,0,260,1,20,30,0
1294,0,260,1,20,30,1
1295,0,260,1,20,50,0
1296,0,260,1,20,50,1
1297,0,260,1,20,70,0
1298,0,260,1,20,70,1
1299,0,260,1,20,80,0
1300,0,260,1,20,80,1
1301,0,260,1,20,100,0
1302,0,260,1,20,100,1
1303,0,260,1,30,0,0
1304,0,260,1,30,0,1
1305,0,260,1,30,20,0
1306,0,260,1,30,20,1
1307,0,260,1,30,30,0
1308,0,260,1,30,30,1
1309,0,260,1,30,50,0
1310,0,260,1,30,50,1
1311,0,260,1,30,70,0
1312,0,260,1,30,70,1
1313,0,260,1,30,80,0
1314,0,260,1,30,80,1
1315,0,260,1,30,100,0
1316,0,260,1,30,100,1
1317,0,260,1,50,0,0
1318,0,260,1,50,0,1
1319,0,260,1,50,20,0
1320,0,260,1,50,20,1
1321,0,260,1,50,30,0
1322,0,260,1,50,30,1
1323,0,260,1,50,50,0
1324,0,260,1,50,50,1
1325,0,260,1,50,70,0
1326,0,260,1,50,70,1
1327,0,260,1,50,80,0
1328,0,260,1,50,80,1
1329,0,260,1,50,100,0
1330,0,260,1,50,100,1
1331,0,260,1,70,0,0
1332,0,260,1,70,0,1
1333,0,260,1,70,20,0
1334,0,260,1,70,20,1
1335,0,260,1,70,30,0
1336,0,260,1,70,30,1
1337,0,260,1,70,50,0
1338,0,260,1,70,50,1
1339,0,260,1,70,70,0
1340,0,260,1,70,70,1
1341,0,260,1,70,80,0
1342,0,260,1,70,80,1
1343,0,260,1,70,100,0
1344,0,260,1,70,100,1
1345,0,260,1,80,0,0
1346,0,260,1,80,0,1
1347,0,260,1,80,20,0
1348,0,260,1,80,20,1
1349,0,260,1,80,30,0
1350,0,260,1,80,30,1
1351,0,260,1,80,50,0
1352,0,260,1,80,50,1
1353,0,260,1,80,70,0
1354,0,260,1,80,70,1
1355,0,260,1,80,80,0
1356,0,260,1,80,80,1
1357,0,260,1,80,100,0
1358,0,260,1,80,100,1
1359,0,260,1,100,0,0
1360,0,260,1,100,0,1
1361,0,260,1,100,20,0
1362,0,260,1,100,20,1
1363,0,260,1,100,30,0
1364,0,260,1,100,30,1
1365,0,260,1,100,50,0
1366,0,260,1,100,50,1
1367,0,260,1,100,70,0
1368,0,260,1,100,70,1
1369,0,260,1,100,80,0
1370,0,260,1,100,80,1
1371,0,260,1,100,100,0
1372,0,260,1,100,100,1
1373,0,260,5,0,0,0
1374,0,260,5,0,0,1
1375,0,260,5,0,20,0
1376,0,260,5,0,20,1
1377,0,260,5,0,30,0
1378,0,260,5,0,30,1
1379,0,260,5,0,50,0
1380,0,260,5,0,50,1
1381,0,260,5,0,70,0
1382,0,260,5,0,70,1
1383,0,260,5,0,80,0
1384,0,260,5,0,80,1
1385,0,260,5,0,100,0
1386,0,260,5,0,100,1
1387,0,260,5,20,0,0
1388,0,260,5,20,0,1
1389,0,260,5,20,20,0
1390,0,260,5,20,20,1
1391,0,260,5,20,30,0
1392,0,260,5,20,30,1
1393,0,260,5,20,50,0
1394,0,260,5,20,50,1
1395,0,260,5,20,70,0
1396,0,260,5,20,70,1
1397,0,260,5,20,80,0
1398,0,260,5,20,80,1
1399,0,260,5,20,100,0
1400,0,260,5,20,100,1
1401,0,260,5,30,0,0
1402,0,260,5,30,0,1
1403,0,260,5,30,20,0
1404,0,260,5,30,20,1
1405,0,260,5,30,30,0
1406,0,260,5,30,30,1
1407,0,260,5,30,50,0
1408,0,260,5,30,50,1
1409,0,260,5,30,70,0
1410,0,260,5,30,70,1
1411,0,260,5,30,80,0
1412,0,260,5,30,80,1
1413,0,260,5,30,100,0
1414,0,260,5,30,100,1
1415,0,260,5,50,0,0
1416,0,260,5,50,0,1
1417,0,260,5,50,20,0
1418,0,260,5,50,20,1
1419,0,260,5,50,30,0
1420,0,260,5,50,30,1
1421,0,260,5,50,50,0
1422,0,260,5,50,50,1
1423,0,260,5,50,70,0
1424,0,260,5,50,70,1
1425,0,260,5,50,80,0
1426,0,260,5,50,80,1
1427,0,260,5,50,100,0
1428,0,260,5,50,100,1
1429,0,260,5,70,0,0
1430,0,260,5,70,0,1
1431,0,260,5,70,20,0
1432,0,260,5,70,20,1
1433,0,260,5,70,30,0
1434,0,260,5,70,30,1
1435,0,260,5,70,50,0
1436,0,260,5,70,50,1
1437,0,260,5,70,70,0
1438,0,260,5,70,70,1
1439,0,260,5,70,80,0
1440,0,260,5,70,80,1
1441,0,260,5,70,100,0
1442,0,260,5,70,100,1
1443,0,260,5,80,0,0
1444,0,260,5,80,0,1
1445,0,260,5,80,20,0
1446,0,260,5,80,20,1
1447,0,260,5,80,30,0
1448,0,260,5,80,30,1
1449,0,260,5,80,50,0
1450,0,260,5,80,50,1
1451,0,260,5,80,70,0
1452,0,260,5,80,70,1
1453,0,260,5,80,80,0
1454,0,260,5,80,80,1
1455,0,260,5,80,100,0
1456,0,260,5,80,100,1
1457,0,260,5,100,0,0
1458,0,260,5,100,0,1
1459,0,260,5,100,20,0
1460,0,260,5,100,20,1
1461,0,260,5,100,30,0
1462,0,260,5,100,30,1
1463,0,260,5,100,50,0
1464,0,260,5,100,50,1
1465,0,260,5,100,70,0
1466,0,260,5,100,70,1
1467,0,260,5,100,80,0
1468,0,260,5,100,80,1
1469,0,260,5,100,100,0
1470,0,260,5,100,100,1
1471,0,280,0,0,0,0
1472,0,280,0,0,0,1
1473,0,280,0,0,20,0
1474,0,280,0,0,20,1
1475,0,280,0,0,30,0
1476,0,280,0,0,30,1
1477,0,280,0,0,50,0
1478,0,280,0,0,50,1
1479,0,280,0,0,70,0
1480,0,280,0,0,70,1
1481,0,280,0,0,80,0
1482,0,280,0,0,80,1
1483,0,280,0,0,100,0
1484,0,280,0,0,100,1
1485,0,280,0,20,0,0
1486,0,280,0,20,0,1
1487,0,280,0,20,20,0
1488,0,280,0,20,20,1
1489,0,280,0,20,30,0
1490,0,280,0,20,30,1
1491,0,280,0,20,50,0
1492,0,280,0,20,50,1
1493,0,280,0,20,70,0
1494,0,280,0,20,70,1
1495,0,280,0,20,80,0
1496,0,280,0,20,80,1
1497,0,280,0,20,100,0
1498,0,280,0,20,100,1
1499,0,280,0,30,0,0
1500,0,280,0,30,0,1
1501,0,280,0,30,20,0
1502,0,280,0,30,20,1
1503,0,280,0,30,30,0
1504,0,280,0,30,30,1
1505,0,280,0,30,50,0
1506,0,280,0,30,50,1
1507,0,280,0,30,70,0
1508,0,280,0,30,70,1
1509,0,280,0,30,80,0
1510,0,280,0,30,80,1
1511,0,280,0,30,100,0
1512,0,280,0,30,100,1
1513,0,280,0,50,0,0
1514,0,280,0,50,0,1
1515,0,280,0,50,20,0
1516,0,280,0,50,20,1
1517,0,280,0,50,30,0
1518,0,280,0,50,30,1
1519,0,280,0,50,50,0
1520,0,280,0,50,50,1
1521,0,280,0,50,70,0
1522,0,280,0,50,70,1
1523,0,280,0,50,80,0
1524,0,280,0,50,80,1
1525,0,280,0,50,100,0
1526,0,280,0,50,100,1
1527,0,280,0,70,0,0
1528,0,280,0,70,0,1
1529,0,280,0,70,20,0
1530,0,280,0,70,20,1
1531,0,280,0,70,30,0
1532,0,280,0,70,30,1
1533,0,280,0,70,50,0
1534,0,280,0,70,50,1
1535,0,280,0,70,70,0
1536,0,280,0,70,70,1
1537,0,280,0,70,80,0
1538,0,280,0,70,80,1
1539,0,280,0,70,100,0
1540,0,280,0,70,100,1
1541,0,280,0,80,0,0
1542,0,280,0,80,0,1
1543,0,280,0,80,20,0
1544,0,280,0,80,20,1
1545,0,280,0,80,30,0
1546,0,280,0,80,30,1
1547,0,280,0,80,50,0
1548,0,280,0,80,50,1
1549,0,280,0,80,70,0
1550,0,280,0,80,70,1
1551,0,280,0,80,80,0
1552,0,280,0,80,80,1
1553,0,280,0,80,100,0
1554,0,280,0,80,100,1
1555,0,280,0,100,0,0
1556,0,280,0,100,0,1
1557,0,280,0,100,20,0
1558,0,280,0,100,20,1
1559,0,280,0,100,30,0
1560,0,280,0,100,30,1
1561,0,280,0,100,50,0
1562,0,280,0,100,50,1
1563,0,280,0,100,70,0
1564,0,280,0,100,70,1
1565,0,280,0,100,80,0
1566,0,280,0,100,80,1
1567,0,280,0,100,100,0
1568,0,280,0,100,100,1
1569,0,280,75,0,0,0
1570,0,280,75,0,0,1
1571,0,280,75,0,20,0
1572,0,280,75,0,20,1
1573,0,280,75,0,30,0
1574,0,280,75,0,30,1
1575,0,280,75,0,50,0
1576,0,280,75,0,50,1
1577,0,280,75,0,70,0
1578,0,280,75,0,70,1
1579,0,280,75,0,80,0
1580,0,280,75,0,80,1
1581,0,280,75,0,100,0
1582,0,280,75,0,100,1
1583,0,280,75,20,0,0
1584,0,280,75,20,0,1
1585,0,280,75,20,20,0
1586,0,280,75,20,20,1
1587,0,280,75,20,30,0
1588,0,280,75,20,30,1
1589,0,280,75,20,50,0
1590,0,280,75,20,50,1
1591,0,280,75,20,70,0
1592,0,280,75,20,70,1
1593,0,280,75,20,80,0
1594,0,280,75,20,80,1
1595,0,280,75,20,100,0
1596,0,280,75,20,100,1
1597,0,280,75,30,0,0
1598,0,280,75,30,0,1
1599,0,280,75,30,20,0
1600,0,280,75,30,20,1
1601,0,280,75,30,30,0
1602,0,280,75,30,30,1
1603,0,280,75,30,50,0
1604,0,280,75,30,50,1
1605,0,280,75,30,70,0
1606,0,280,75,30,70,1
1607,0,280,75,30,80,0
1608,0,280,75,30,80,1
1609,0,280,75,30,100,0
1610,0,280,75,30,100,1
1611,0,280,75,50,0,0
1612,0,280,75,50,0,1
1613,0,280,75,50,20,0
1614,0,280,75,50,20,1
1615,0,280,75,50,30,0
1616,0,280,75,50,30,1
1617,0,280,75,50,50,0
1618,0,280,75,50,50,1
1619,0,280,75,50,70,0
1620,0,280,75,50,70,1
1621,0,280,75,50,80,0
1622,0,280,75,50,80,1
1623,0,280,75,50,100,0
1624,0,280,75,50,100,1
1625,0,280,75,70,0,0
1626,0,280,75,70,0,1
1627,0,280,75,70,20,0
1628,0,280,75,70,20,1
1629,0,280,75,70,30,0
1630,0,280,75,70,30,1
1631,0,280,75,70,50,0
1632,0,280,75,70,50,1
1633,0,280,75,70,70,0
1634,0,280,75,70,70,1
1635,0,280,75,70,80,0
1636,0,280,75,70,80,1
1637,0,280,75,70,100,0
1638,0,280,75,70,100,1
1639,0,280,75,80,0,0
1640,0,280,75,80,0,1
1641,0,280,75,80,20,0
1642,0,280,75,80,20,1
1643,0,280,75,80,30,0
1644,0,280,75,80,30,1
1645,0,280,75,80,50,0
1646,0,280,75,80,50,1
1647,0,280,75,80,70,0
1648,0,280,75,80,70,1
1649,0,280,75,80,80,0
1650,0,280,75,80,80,1
1651,0,280,75,80,100,0
1652,0,280,75,80,100,1
1653,0,280,75,100,0,0
1654,0,280,75,100,0,1
1655,0,280,75,100,20,0
1656,0,280,75,100,20,1
1657,0,280,75,100,30,0
1658,0,280,75,100,30,1
1659,0,280,75,100,50,0
1660,0,280,75,100,50,1
1661,0,280,75,100,70,0
1662,0,280,75,100,70,1
1663,0,280,75,100,80,0
1664,0,280,75,100,80,1
1665,0,280,75,100,100,0
1666,0,280,75,100,100,1
1667,0,280,1,0,0,0
1668,0,280,1,0,0,1
1669,0,280,1,0,20,0
1670,0,280,1,0,20,1
1671,0,280,1,0,30,0
1672,0,280,1,0,30,1
1673,0,280,1,0,50,0
1674,0,280,1,0,50,1
1675,0,280,1,0,70,0
1676,0,280,1,0,70,1
1677,0,280,1,0,80,0
1678,0,280,1,0,80,1
1679,0,280,1,0,100,0
1680,0,280,1,0,100,1
1681,0,280,1,20,0,0
1682,0,280,1,20,0,1
1683,0,280,1,20,20,0
1684,0,280,1,20,20,1
1685,0,280,1,20,30,0
1686,0,280,1,20,30,1
1687,0,280,1,20,50,0
1688,0,280,1,20,50,1
1689,0,280,1,20,70,0
1690,0,280,1,20,70,1
1691,0,280,1,20,80,0
1692,0,280,1,20,80,1
1693,0,280,1,20,100,0
1694,0,280,1,20,100,1
1695,0,280,1,30,0,0
1696,0,280,1,30,0,1
1697,0,280,1,30,20,0
1698,0,280,1,30,20,1
1699,0,280,1,30,30,0
1700,0,280,1,30,30,1
1701,0,280,1,30,50,0
1702,0,280,1,30,50,1
1703,0,280,1,30,70,0
1704,0,280,1,30,70,1
1705,0,280,1,30,80,0
1706,0,280,1,30,80,1
1707,0,280,1,30,100,0
1708,0,280,1,30,100,1
1709,0,280,1,50,0,0
1710,0,280,1,50,0,1
1711,0,280,1,50,20,0
1712,0,280,1,50,20,1
1713,0,280,1,50,30,0
1714,0,280,1,50,30,1
1715,0,280,1,50,50,0
1716,0,280,1,50,50,1
1717,0,280,1,50,70,0
1718,0,280,1,50,70,1
1719,0,280,1,50,80,0
1720,0,280,1,50,80,1
1721,0,280,1,50,100,0
1722,0,280,1,50,100,1
1723,0,280,1,70,0,0
1724,0,280,1,70,0,1
1725,0,280,1,70,20,0
1726,0,280,1,70,20,1
1727,0,280,1,70,30,0
1728,0,280,1,70,30,1
1729,0,280,1,70,50,0
1730,0,280,1,70,50,1
1731,0,280,1,70,70,0
1732,0,280,1,70,70,1
1733,0,280,1,70,80,0
1734,0,280,1,70,80,1
1735,0,280,1,70,100,0
1736,0,280,1,70,100,1
1737,0,280,1,80,0,0
1738,0,280,1,80,0,1
1739,0,280,1,80,20,0
1740,0,280,1,80,20,1
1741,0,280,1,80,30,0
1742,0,280,1,80,30,1
1743,0,280,1,80,50,0
1744,0,280,1,80,50,1
1745,0,280,1,80,70,0
1746,0,280,1,80,70,1
1747,0,280,1,80,80,0
1748,0,280,1,80,80,1
1749,0,280,1,80,100,0
1750,0,280,1,80,100,1
1751,0,280,1,100,0,0
1752,0,280,1,100,0,1
1753,0,280,1,100,20,0
1754,0,280,1,100,20,1
1755,0,280,1,100,30,0
1756,0,280,1,100,30,1
1757,0,280,1,100,50,0
1758,0,280,1,100,50,1
1759,0,280,1,100,70,0
1760,0,280,1,100,70,1
1761,0,280,1,100,80,0
1762,0,280,1,100,80,1
1763,0,280,1,100,100,0
1764,0,280,1,100,100,1
1765,0,280,1,0,0,0
1766,0,280,1,0,0,1
1767,0,280,1,0,20,0
1768,0,280,1,0,20,1
1769,0,280,1,0,30,0
1770,0,280,1,0,30,1
1771,0,280,1,0,50,0
1772,0,280,1,0,50,1
1773,0,280,1,0,70,0
1774,0,280,1,0,70,1
1775,0,280,1,0,80,0
1776,0,280,1,0,80,1
1777,0,280,1,0,100,0
1778,0,280,1,0,100,1
1779,0,280,1,20,0,0
1780,0,280,1,20,0,1
1781,0,280,1,20,20,0
1782,0,280,1,20,20,1
1783,0,280,1,20,30,0
1784,0,280,1,20,30,1
1785,0,280,1,20,50,0
1786,0,280,1,20,50,1
1787,0,280,1,20,70,0
1788,0,280,1,20,70,1
1789,0,280,1,20,80,0
1790,0,280,1,20,80,1
1791,0,280,1,20,100,0
1792,0,280,1,20,100,1
1793,0,280,1,30,0,0
1794,0,280,1,30,0,1
1795,0,280,1,30,20,0
1796,0,280,1,30,20,1
1797,0,280,1,30,30,0
1798,0,280,1,30,30,1
1799,0,280,1,30,50,0
1800,0,280,1,30,50,1
1801,0,280,1,30,70,0
1802,0,280,1,30,70,1
1803,0,280,1,30,80,0
1804,0,280,1,30,80,1
1805,0,280,1,30,100,0
1806,0,280,1,30,100,1
1807,0,280,1,50,0,0
1808,0,280,1,50,0,1
1809,0,280,1,50,20,0
1810,0,280,1,50,20,1
1811,0,280,1,50,30,0
1812,0,280,1,50,30,1
1813,0,280,1,50,50,0
1814,0,280,1,50,50,1
1815,0,280,1,50,70,0
1816,0,280,1,50,70,1
1817,0,280,1,50,80,0
1818,0,280,1,50,80,1
1819,0,280,1,50,100,0
1820,0,280,1,50,100,1
1821,0,280,1,70,0,0
1822,0,280,1,70,0,1
1823,0,280,1,70,20,0
1824,0,280,1,70,20,1
1825,0,280,1,70,30,0
1826,0,280,1,70,30,1
1827,0,280,1,70,50,0
1828,0,280,1,70,50,1
1829,0,280,1,70,70,0
1830,0,280,1,70,70,1
1831,0,280,1,70,80,0
1832,0,280,1,70,80,1
1833,0,280,1,70,100,0
1834,0,280,1,70,100,1
1835,0,280,1,80,0,0
1836,0,280,1,80,0,1
1837,0,280,1,80,20,0
1838,0,280,1,80,20,1
1839,0,280,1,80,30,0
1840,0,280,1,80,30,1
1841,0,280,1,80,50,0
1842,0,280,1,80,50,1
1843,0,280,1,80,70,0
1844,0,280,1,80,70,1
1845,0,280,1,80,80,0
1846,0,280,1,80,80,1
1847,0,280,1,80,100,0
1848,0,280,1,80,100,1
1849,0,280,1,100,0,0
1850,0,280,1,100,0,1
1851,0,280,1,100,20,0
1852,0,280,1,100,20,1
1853,0,280,1,100,30,0
1854,0,280,1,100,30,1
1855,0,280,1,100,50,0
1856,0,280,1,100,50,1
1857,0,280,1,100,70,0
1858,0,280,1,100,70,1
1859,0,280,1,100,80,0
1860,0,280,1,100,80,1
1861,0,280,1,100,100,0
1862,0,280,1,100,100,1
1863,0,280,5,0,0,0
1864,0,280,5,0,0,1
1865,0,280,5,0,20,0
1866,0,280,5,0,20,1
1867,0,280,5,0,30,0
1868,0,280,5,0,30,1
1869,0,280,5,0,50,0
1870,0,280,5,0,50,1
1871,0,280,5,0,70,0
1872,0,280,5,0,70,1
1873,0,280,5,0,80,0
1874,0,280,5,0,80,1
1875,0,280,5,0,100,0
1876,0,280,5,0,100,1
1877,0,280,5,20,0,0
1878,0,280,5,20,0,1
1879,0,280,5,20,20,0
1880,0,280,5,20,20,1
1881,0,280,5,20,30,0
1882,0,280,5,20,30,1
1883,0,280,5,20,50,0
1884,0,280,5,20,50,1
1885,0,280,5,20,70,0
1886,0,280,5,20,70,1
1887,0,280,5,20,80,0
1888,0,280,5,20,80,1
1889,0,280,5,20,100,0
1890,0,280,5,20,100,1
1891,0,280,5,30,0,0
1892,0,280,5,30,0,1
1893,0,280,5,30,20,0
1894,0,280,5,30,20,1
1895,0,280,5,30,30,0
1896,0,280,5,30,30,1
1897,0,280,5,30,50,0
1898,0,280,5,30,50,1
1899,0,280,5,30,70,0
1900,0,280,5,30,70,1
1901,0,280,5,30,80,0
1902,0,280,5,30,80,1
1903,0,280,5,30,100,0
1904,0,280,5,30,100,1
1905,0,280,5,50,0,0
1906,0,280,5,50,0,1
1907,0,280,5,50,20,0
1908,0,280,5,50,20,1
1909,0,280,5,50,30,0
1910,0,280,5,50,30,1
1911,0,280,5,50,50,0
1912,0,280,5,50,50,1
1913,0,280,5,50,70,0
1914,0,280,5,50,70,1
1915,0,280,5,50,80,0
1916,0,280,5,50,80,1
1917,0,280,5,50,100,0
1918,0,280,5,50,100,1
1919,0,280,5,70,0,0
1920,0,280,5,70,0,1
1921,0,280,5,70,20,0
1922,0,280,5,70,20,1
1923,0,280,5,70,30,0
1924,0,280,5,70,30,1
1925,0,280,5,70,50,0
1926,0,280,5,70,50,1
1927,0,280,5,70,70,0
1928,0,280,5,70,70,1
1929,0,280,5,70,80,0
1930,0,280,5,70,80,1
1931,0,280,5,70,100,0
1932,0,280,5,70,100,1
1933,0,280,5,80,0,0
1934,0,280,5,80,0,1
1935,0,280,5,80,20,0
1936,0,280,5,80,20,1
1937,0,280,5,80,30,0
1938,0,280,5,80,30,1
1939,0,280,5,80,50,0
1940,0,280,5,80,50,1
1941,0,280,5,80,70,0
1942,0,280,5,80,70,1
1943,0,280,5,80,80,0
1944,0,280,5,80,80,1
1945,0,280,5,80,100,0
1946,0,280,5,80,100,1
1947,0,280,5,100,0,0
1948,0,280,5,100,0,1
1949,0,280,5,100,20,0
1950,0,280,5,100,20,1
1951,0,280,5,100,30,0
1952,0,280,5,100,30,1
1953,0,280,5,100,50,0
1954,0,280,5,100,50,1
1955,0,280,5,100,70,0
1956,0,280,5,100,70,1
1957,0,280,5,100,80,0
1958,0,280,5,100,80,1
1959,0,280,5,100,100,0
1960,0,280,5,100,100,1
1961,0,300,0,0,0,0
1962,0,300,0,0,0,1
1963,0,300,0,0,20,0
1964,0,300,0,0,20,1
1965,0,300,0,0,30,0
1966,0,300,0,0,30,1
1967,0,300,0,0,50,0
1968,0,300,0,0,50,1
1969,0,300,0,0,70,0
1970,0,300,0,0,70,1
1971,0,300,0,0,80,0
1972,0,300,0,0,80,1
1973,0,300,0,0,100,0
1974,0,300,0,0,100,1
1975,0,300,0,20,0,0
1976,0,300,0,20,0,1
1977,0,300,0,20,20,0
1978,0,300,0,20,20,1
1979,0,300,0,20,30,0
1980,0,300,0,20,30,1
1981,0,300,0,20,50,0
1982,0,300,0,20,50,1
1983,0,300,0,20,70,0
1984,0,300,0,20,70,1
1985,0,300,0,20,80,0
1986,0,300,0,20,80,1
1987,0,300,0,20,100,0
1988,0,300,0,20,100,1
1989,0,300,0,30,0,0
1990,0,300,0,30,0,1
1991,0,300,0,30,20,0
1992,0,300,0,30,20,1
1993,0,300,0,30,30,0
1994,0,300,0,30,30,1
1995,0,300,0,30,50,0
1996,0,300,0,30,50,1
1997,0,300,0,30,70,0
1998,0,300,0,30,70,1
1999,0,300,0,30,80,0
2000,0,300,0,30,80,1
2001,0,300,0,30,100,0
2002,0,300,0,30,100,1
2003,0,300,0,50,0,0
2004,0,300,0,50,0,1
2005,0,300,0,50,20,0
2006,0,300,0,50,20,1
2007,0,300,0,50,30,0
2008,0,300,0,50,30,1
2009,0,300,0,50,50,0
2010,0,300,0,50,50,1
2011,0,300,0,50,70,0
2012,0,300,0,50,70,1
2013,0,300,0,50,80,0
2014,0,300,0,50,80,1
2015,0,300,0,50,100,0
2016,0,300,0,50,100,1
2017,0,300,0,70,0,0
2018,0,300,0,70,0,1
2019,0,300,0,70,20,0
2020,0,300,0,70,20,1
2021,0,300,0,70,30,0
2022,0,300,0,70,30,1
2023,0,300,0,70,50,0
2024,0,300,0,70,50,1
2025,0,300,0,70,70,0
2026,0,300,0,70,70,1
2027,0,300,0,70,80,0
2028,0,300,0,70,80,1
2029,0,300,0,70,100,0
2030,0,300,0,70,100,1
2031,0,300,0,80,0,0
2032,0,300,0,80,0,1
2033,0,300,0,80,20,0
2034,0,300,0,80,20,1
2035,0,300,0,80,30,0
2036,0,300,0,80,30,1
2037,0,300,0,80,50,0
2038,0,300,0,80,50,1
2039,0,300,0,80,70,0
2040,0,300,0,80,70,1
2041,0,300,0,80,80,0
2042,0,300,0,80,80,1
2043,0,300,0,80,100,0
2044,0,300,0,80,100,1
2045,0,300,0,100,0,0
2046,0,300,0,100,0,1
2047,0,300,0,100,20,0
2048,0,300,0,100,20,1
2049,0,300,0,100,30,0
2050,0,300,0,100,30,1
2051,0,300,0,100,50,0
2052,0,300,0,100,50,1
2053,0,300,0,100,70,0
2054,0,300,0,100,70,1
2055,0,300,0,100,80,0
2056,0,300,0,100,80,1
2057,0,300,0,100,100,0
2058,0,300,0,100,100,1
2059,0,300,75,0,0,0
2060,0,300,75,0,0,1
2061,0,300,75,0,20,0
2062,0,300,75,0,20,1
2063,0,300,75,0,30,0
2064,0,300,75,0,30,1
2065,0,300,75,0,50,0
2066,0,300,75,0,50,1
2067,0,300,75,0,70,0
2068,0,300,75,0,70,1
2069,0,300,75,0,80,0
2070,0,300,75,0,80,1
2071,0,300,75,0,100,0
2072,0,300,75,0,100,1
2073,0,300,75,20,0,0
2074,0,300,75,20,0,1
2075,0,300,75,20,20,0
2076,0,300,75,20,20,1
2077,0,300,75,20,30,0
2078,0,300,75,20,30,1
2079,0,300,75,20,50,0
2080,0,300,75,20,50,1
2081,0,300,75,20,70,0
2082,0,300,75,20,70,1
2083,0,300,75,20,80,0
2084,0,300,75,20,80,1
2085,0,300,75,20,100,0
2086,0,300,75,20,100,1
2087,0,300,75,30,0,0
2088,0,300,75,30,0,1
2089,0,300,75,30,20,0
2090,0,300,75,30,20,1
2091,0,300,75,30,30,0
2092,0,300,75,30,30,1
2093,0,300,75,30,50,0
2094,0,300,75,30,50,1
2095,0,300,75,30,70,0
2096,0,300,75,30,70,1
2097,0,300,75,30,80,0
2098,0,300,75,30,80,1
2099,0,300,75,30,100,0
2100,0,300,75,30,100,1
2101,0,300,75,50,0,0
2102,0,300,75,50,0,1
2103,0,300,75,50,20,0
2104,0,300,75,50,20,1
2105,0,300,75,50,30,0
2106,0,300,75,50,30,1
2107,0,300,75,50,50,0
2108,0,300,75,50,50,1
2109,0,300,75,50,70,0
2110,0,300,75,50,70,1
2111,0,300,75,50,80,0
2112,0,300,75,50,80,1
2113,0,300,75,50,100,0
2114,0,300,75,50,100,1
2115,0,300,75,70,0,0
2116,0,300,75,70,0,1
2117,0,300,75,70,20,0
2118,0,300,75,70,20,1
2119,0,300,75,70,30,0
2120,0,300,75,70,30,1
2121,0,300,75,70,50,0
2122,0,300,75,70,50,1
2123,0,300,75,70,70,0
2124,0,300,75,70,70,1
2125,0,300,75,70,80,0
2126,0,300,75,70,80,1
2127,0,300,75,70,100,0
2128,0,300,75,70,100,1
2129,0,300,75,80,0,0
2130,0,300,75,80,0,1
2131,0,300,75,80,20,0
2132,0,300,75,80,20,1
2133,0,300,75,80,30,0
2134,0,300,75,80,30,1
2135,0,300,75,80,50,0
2136,0,300,75,80,50,1
2137,0,300,75,80,70,0
2138,0,300,75,80,70,1
2139,0,300,75,80,80,0
2140,0,300,75,80,80,1
2141,0,300,75,80,100,0
2142,0,300,75,80,100,1
2143,0,300,75,100,0,0
2144,0,300,75,100,0,1
2145,0,300,75,100,20,0
2146,0,300,75,100,20,1
2147,0,300,75,100,30,0
2148,0,300,75,100,30,1
2149,0,300,75,100,50,0
2150,0,300,75,100,50,1
2151,0,300,75,100,70,0
2152,0,300,75,100,70,1
2153,0,300,75,100,80,0
2154,0,300,75,100,80,1
2155,0,300,75,100,100,0
2156,0,300,75,100,100,1
2157,0,300,1,0,0,0
2158,0,300,1,0,0,1
2159,0,300,1,0,20,0
2160,0,300,1,0,20,1
2161,0,300,1,0,30,0
2162,0,300,1,0,30,1
2163,0,300,1,0,50,0
2164,0,300,1,0,50,1
2165,0,300,1,0,70,0
2166,0,300,1,0,70,1
2167,0,300,1,0,80,0
2168,0,300,1,0,80,1
2169,0,300,1,0,100,0
2170,0,300,1,0,100,1
2171,0,300,1,20,0,0
2172,0,300,1,20,0,1
2173,0,300,1,20,20,0
2174,0,300,1,20,20,1
2175,0,300,1,20,30,0
2176,0,300,1,20,30,1
2177,0,300,1,20,50,0
2178,0,300,1,20,50,1
2179,0,300,1,20,70,0
2180,0,300,1,20,70,1
2181,0,300,1,20,80,0
2182,0,300,1,20,80,1
2183,0,300,1,20,100,0
2184,0,300,1,20,100,1
2185,0,300,1,30,0,0
2186,0,300,1,30,0,1
2187,0,300,1,30,20,0
2188,0,300,1,30,20,1
2189,0,300,1,30,30,0
2190,0,300,1,30,30,1
2191,0,300,1,30,50,0
2192,0,300,1,30,50,1
2193,0,300,1,30,70,0
2194,0,300,1,30,70,1
2195,0,300,1,30,80,0
2196,0,300,1,30,80,1
2197,0,300,1,30,100,0
2198,0,300,1,30,100,1
2199,0,300,1,50,0,0
2200,0,300,1,50,0,1
2201,0,300,1,50,20,0
2202,0,300,1,50,20,1
2203,0,300,1,50,30,0
2204,0,300,1,50,30,1
2205,0,300,1,50,50,0
2206,0,300,1,50,50,1
2207,0,300,1,50,70,0
2208,0,300,1,50,70,1
2209,0,300,1,50,80,0
2210,0,300,1,50,80,1
2211,0,300,1,50,100,0
2212,0,300,1,50,100,1
2213,0,300,1,70,0,0
2214,0,300,1,70,0,1
2215,0,300,1,70,20,0
2216,0,300,1,70,20,1
2217,0,300,1,70,30,0
2218,0,300,1,70,30,1
2219,0,300,1,70,50,0
2220,0,300,1,70,50,1
2221,0,300,1,70,70,0
2222,0,300,1,70,70,1
2223,0,300,1,70,80,0
2224,0,300,1,70,80,1
2225,0,300,1,70,100,0
2226,0,300,1,70,100,1
2227,0,300,1,80,0,0
2228,0,300,1,80,0,1
2229,0,300,1,80,20,0
2230,0,300,1,80,20,1
2231,0,300,1,80,30,0
2232,0,300,1,80,30,1
2233,0,300,1,80,50,0
2234,0,300,1,80,50,1
2235,0,300,1,80,70,0
2236,0,300,1,80,70,1
2237,0,300,1,80,80,0
2238,0,300,1,80,80,1
2239,0,300,1,80,100,0
2240,0,300,1,80,100,1
2241,0,300,1,100,0,0
2242,0,300,1,100,0,1
2243,0,300,1,100,20,0
2244,0,300,1,100,20,1
2245,0,300,1,100,30,0
2246,0,300,1,100,30,1
2247,0,300,1,100,50,0
2248,0,300,1,100,50,1
2249,0,300,1,100,70,0
2250,0,300,1,100,70,1
2251,0,300,1,100,80,0
2252,0,300,1,100,80,1
2253,0,300,1,100,100,0
2254,0,300,1,100,100,1
2255,0,300,1,0,0,0
2256,0,300,1,0,0,1
2257,0,300,1,0,20,0
2258,0,300,1,0,20,1
2259,0,300,1,0,30,0
2260,0,300,1,0,30,1
2261,0,300,1,0,50,0
2262,0,300,1,0,50,1
2263,0,300,1,0,70,0
2264,0,300,1,0,70,1
2265,0,300,1,0,80,0
2266,0,300,1,0,80,1
2267,0,300,1,0,100,0
2268,0,300,1,0,100,1
2269,0,300,1,20,0,0
2270,0,300,1,20,0,1
2271,0,300,1,20,20,0
2272,0,300,1,20,20,1
2273,0,300,1,20,30,0
2274,0,300,1,20,30,1
2275,0,300,1,20,50,0
2276,0,300,1,20,50,1
2277,0,300,1,20,70,0
2278,0,300,1,20,70,1
2279,0,300,1,20,80,0
2280,0,300,1,20,80,1
2281,0,300,1,20,100,0
2282,0,300,1,20,100,1
2283,0,300,1,30,0,0
2284,0,300,1,30,0,1
2285,0,300,1,30,20,0
2286,0,300,1,30,20,1
2287,0,300,1,30,30,0
2288,0,300,1,30,30,1
2289,0,300,1,30,50,0
2290,0,300,1,30,50,1
2291,0,300,1,30,70,0
2292,0,300,1,30,70,1
2293,0,300,1,30,80,0
2294,0,300,1,30,80,1
2295,0,300,1,30,100,0
2296,0,300,1,30,100,1
2297,0,300,1,50,0,0
2298,0,300,1,50,0,1
2299,0,300,1,50,20,0
2300,0,300,1,50,20,1
2301,0,300,1,50,30,0
2302,0,300,1,50,30,1
2303,0,300,1,50,50,0
2304,0,300,1,50,50,1
2305,0,300,1,50,70,0
2306,0,300,1,50,70,1
2307,0,300,1,50,80,0
2308,0,300,1,50,80,1
2309,0,300,1,50,100,0
2310,0,300,1,50,100,1
2311,0,300,1,70,0,0
2312,0,300,1,70,0,1
2313,0,300,1,70,20,0
2314,0,300,1,70,20,1
2315,0,300,1,70,30,0
2316,0,300,1,70,30,1
2317,0,300,1,70,50,0
2318,0,300,1,70,50,1
2319,0,300,1,70,70,0
2320,0,300,1,70,70,1
2321,0,300,1,70,80,0
2322,0,300,1,70,80,1
2323,0,300,1,70,100,0
2324,0,300,1,70,100,1
2325,0,300,1,80,0,0
2326,0,300,1,80,0,1
2327,0,300,1,80,20,0
2328,0,300,1,80,20,1
2329,0,300,1,80,30,0
2330,0,300,1,80,30,1
2331,0,300,1,80,50,0
2332,0,300,1,80,50,1
2333,0,300,1,80,70,0
2334,0,300,1,80,70,1
2335,0,300,1,80,80,0
2336,0,300,1,80,80,1
2337,0,300,1,80,100,0
2338,0,300,1,80,100,1
2339,0,300,1,100,0,0
2340,0,300,1,100,0,1
2341,0,300,1,100,20,0
2342,0,300,1,100,20,1
2343,0,300,1,100,30,0
2344,0,300,1,100,30,1
2345,0,300,1,100,50,0
2346,0,300,1,100,50,1
2347,0,300,1,100,70,0
2348,0,300,1,100,70,1
2349,0,300,1,100,80,0
2350,0,300,1,100,80,1
2351,0,300,1,100,100,0
2352,0,300,1,100,100,1
2353,0,300,5,0,0,0
2354,0,300,5,0,0,1
2355,0,300,5,0,20,0
2356,0,300,5,0,20,1
2357,0,300,5,0,30,0
2358,0,300,5,0,30,1
2359,0,300,5,0,50,0
2360,0,300,5,0,50,1
2361,0,300,5,0,70,0
2362,0,300,5,0,70,1
2363,0,300,5,0,80,0
2364,0,300,5,0,80,1
2365,0,300,5,0,100,0
2366,0,300,5,0,100,1
2367,0,300,5,20,0,0
2368,0,300,5,20,0,1
2369,0,300,5,20,20,0
2370,0,300,5,20,20,1
2371,0,300,5,20,30,0
2372,0,300,5,20,30,1
2373,0,300,5,20,50,0
2374,0,300,5,20,50,1
2375,0,300,5,20,70,0
2376,0,300,5,20,70,1
2377,0,300,5,20,80,0
2378,0,300,5,20,80,1
2379,0,300,5,20,100,0
2380,0,300,5,20,100,1
2381,0,300,5,30,0,0
2382,0,300,5,30,0,1
2383,0,300,5,30,20,0
2384,0,300,5,30,20,1
2385,0,300,5,30,30,0
2386,0,300,5,30,30,1
2387,0,300,5,30,50,0
2388,0,300,5,30,50,1
2389,0,300,5,30,70,0
2390,0,300,5,30,70,1
2391,0,300,5,30,80,0
2392,0,300,5,30,80,1
2393,0,300,5,30,100,0
2394,0,300,5,30,100,1
2395,0,300,5,50,0,0
2396,0,300,5,50,0,1
2397,0,300,5,50,20,0
2398,0,300,5,50,20,1
2399,0,300,5,50,30,0
2400,0,300,5,50,30,1
2401,0,300,5,50,50,0
2402,0,300,5,50,50,1
2403,0,300,5,50,70,0
2404,0,300,5,50,70,1
2405,0,300,5,50,80,0
2406,0,300,5,50,80,1
2407,0,300,5,50,100,0
2408,0,300,5,50,100,1
2409,0,300,5,70,0,0
2410,0,300,5,70,0,1
2411,0,300,5,70,20,0
2412,0,300,5,70,20,1
2413,0,300,5,70,30,0
2414,0,300,5,70,30,1
2415,0,300,5,70,50,0
2416,0,300,5,70,50,1
2417,0,300,5,70,70,0
2418,0,300,5,70,70,1
2419,0,300,5,70,80,0
2420,0,300,5,70,80,1
2421,0,300,5,70,100,0
2422,0,300,5,70,100,1
2423,0,300,5,80,0,0
2424,0,300,5,80,0,1
2425,0,300,5,80,20,0
2426,0,300,5,80,20,1
2427,0,300,5,80,30,0
2428,0,300,5,80,30,1
2429,0,300,5,80,50,0
2430,0,300,5,80,50,1
2431,0,300,5,80,70,0
2432,0,300,5,80,70,1
2433,0,300,5,80,80,0
2434,0,300,5,80,80,1
2435,0,300,5,80,100,0
2436,0,300,5,80,100,1
2437,0,300,5,100,0,0
2438,0,300,5,100,0,1
2439,0,300,5,100,20,0
2440,0,300,5,100,20,1
2441,0,300,5,100,30,0
2442,0,300,5,100,30,1
2443,0,300,5,100,50,0
2444,0,300,5,100,50,1
2445,0,300,5,100,70,0
2446,0,300,5,100,70,1
2447,0,300,5,100,80,0
2448,0,300,5,100,80,1
2449,0,300,5,100,100,0
2450,0,300,5,100,100,1
2451,0,320,0,0,0,0
2452,0,320,0,0,0,1
2453,0,320,0,0,20,0
2454,0,320,0,0,20,1
2455,0,320,0,0,30,0
2456,0,320,0,0,30,1
2457,0,320,0,0,50,0
2458,0,320,0,0,50,1
2459,0,320,0,0,70,0
2460,0,320,0,0,70,1
2461,0,320,0,0,80,0
2462,0,320,0,0,80,1
2463,0,320,0,0,100,0
2464,0,320,0,0,100,1
2465,0,320,0,20,0,0
2466,0,320,0,20,0,1
2467,0,320,0,20,20,0
2468,0,320,0,20,20,1
2469,0,320,0,20,30,0
2470,0,320,0,20,30,1
2471,0,320,0,20,50,0
2472,0,320,0,20,50,1
2473,0,320,0,20,70,0
2474,0,320,0,20,70,1
2475,0,320,0,20,80,0
2476,0,320,0,20,80,1
2477,0,320,0,20,100,0
2478,0,320,0,20,100,1
2479,0,320,0,30,0,0
2480,0,320,0,30,0,1
2481,0,320,0,30,20,0
2482,0,320,0,30,20,1
2483,0,320,0,30,30,0
2484,0,320,0,30,30,1
2485,0,320,0,30,50,0
2486,0,320,0,30,50,1
2487,0,320,0,30,70,0
2488,0,320,0,30,70,1
2489,0,320,0,30,80,0
2490,0,320,0,30,80,1
2491,0,320,0,30,100,0
2492,0,320,0,30,100,1
2493,0,320,0,50,0,0
2494,0,320,0,50,0,1
2495,0,320,0,50,20,0
2496,0,320,0,50,20,1
2497,0,320,0,50,30,0
2498,0,320,0,50,30,1
2499,0,320,0,50,50,0
2500,0,320,0,50,50,1
2501,0,320,0,50,70,0
2502,0,320,0,50,70,1
2503,0,320,0,50,80,0
2504,0,320,0,50,80,1
2505,0,320,0,50,100,0
2506,0,320,0,50,100,1
2507,0,320,0,70,0,0
2508,0,320,0,70,0,1
2509,0,320,0,70,20,0
2510,0,320,0,70,20,1
2511,0,320,0,70,30,0
2512,0,320,0,70,30,1
2513,0,320,0,70,50,0
2514,0,320,0,70,50,1
2515,0,320,0,70,70,0
2516,0,320,0,70,70,1
2517,0,320,0,70,80,0
2518,0,320,0,70,80,1
2519,0,320,0,70,100,0
2520,0,320,0,70,100,1
2521,0,320,0,80,0,0
2522,0,320,0,80,0,1
2523,0,320,0,80,20,0
2524,0,320,0,80,20,1
2525,0,320,0,80,30,0
2526,0,320,0,80,30,1
2527,0,320,0,80,50,0
2528,0,320,0,80,50,1
2529,0,320,0,80,70,0
2530,0,320,0,80,70,1
2531,0,320,0,80,80,0
2532,0,320,0,80,80,1
2533,0,320,0,80,100,0
2534,0,320,0,80,100,1
2535,0,320,0,100,0,0
2536,0,320,0,100,0,1
2537,0,320,0,100,20,0
2538,0,320,0,100,20,1
2539,0,320,0,100,30,0
2540,0,320,0,100,30,1
2541,0,320,0,100,50,0
2542,0,320,0,100,50,1
2543,0,320,0,100,70,0
2544,0,320,0,100,70,1
2545,0,320,0,100,80,0
2546,0,320,0,100,80,1
2547,0,320,0,100,100,0
2548,0,320,0,100,100,1
2549,0,320,75,0,0,0
2550,0,320,75,0,0,1
2551,0,320,75,0,20,0
2552,0,320,75,0,20,1
2553,0,320,75,0,30,0
2554,0,320,75,0,30,1
2555,0,320,75,0,50,0
2556,0,320,75,0,50,1
2557,0,320,75,0,70,0
2558,0,320,75,0,70,1
2559,0,320,75,0,80,0
2560,0,320,75,0,80,1
2561,0,320,75,0,100,0
2562,0,320,75,0,100,1
2563,0,320,75,20,0,0
2564,0,320,75,20,0,1
2565,0,320,75,20,20,0
2566,0,320,75,20,20,1
2567,0,320,75,20,30,0
2568,0,320,75,20,30,1
2569,0,320,75,20,50,0
2570,0,320,75,20,50,1
2571,0,320,75,20,70,0
2572,0,320,75,20,70,1
2573,0,320,75,20,80,0
2574,0,320,75,20,80,1
2575,0,320,75,20,100,0
2576,0,320,75,20,100,1
2577,0,320,75,30,0,0
2578,0,320,75,30,0,1
2579,0,320,75,30,20,0
2580,0,320,75,30,20,1
2581,0,320,75,30,30,0
2582,0,320,75,30,30,1
2583,0,320,75,30,50,0
2584,0,320,75,30,50,1
2585,0,320,75,30,70,0
2586,0,320,75,30,70,1
2587,0,320,75,30,80,0
2588,0,320,75,30,80,1
2589,0,320,75,30,100,0
2590,0,320,75,30,100,1
2591,0,320,75,50,0,0
2592,0,320,75,50,0,1
2593,0,320,75,50,20,0
2594,0,320,75,50,20,1
2595,0,320,75,50,30,0
2596,0,320,75,50,30,1
2597,0,320,75,50,50,0
2598,0,320,75,50,50,1
2599,0,320,75,50,70,0
2600,0,320,75,50,70,1
2601,0,320,75,50,80,0
2602,0,320,75,50,80,1
2603,0,320,75,50,100,0
2604,0,320,75,50,100,1
2605,0,320,75,70,0,0
2606,0,320,75,70,0,1
2607,0,320,75,70,20,0
2608,0,320,75,70,20,1
2609,0,320,75,70,30,0
2610,0,320,75,70,30,1
2611,0,320,75,70,50,0
2612,0,320,75,70,50,1
2613,0,320,75,70,70,0
2614,0,320,75,70,70,1
2615,0,320,75,70,80,0
2616,0,320,75,70,80,1
2617,0,320,75,70,100,0
2618,0,320,75,70,100,1
2619,0,320,75,80,0,0
2620,0,320,75,80,0,1
2621,0,320,75,80,20,0
2622,0,320,75,80,20,1
2623,0,320,75,80,30,0
2624,0,320,75,80,30,1
2625,0,320,75,80,50,0
2626,0,320,75,80,50,1
2627,0,320,75,80,70,0
2628,0,320,75,80,70,1
2629,0,320,75,80,80,0
2630,0,320,75,80,80,1
2631,0,320,75,80,100,0
2632,0,320,75,80,100,1
2633,0,320,75,100,0,0
2634,0,320,75,100,0,1
2635,0,320,75,100,20,0
2636,0,320,75,100,20,1
2637,0,320,75,100,30,0
2638,0,320,75,100,30,1
2639,0,320,75,100,50,0
2640,0,320,75,100,50,1
2641,0,320,75,100,70,0
2642,0,320,75,100,70,1
2643,0,320,75,100,80,0
2644,0,320,75,100,80,1
2645,0,320,75,100,100,0
2646,0,320,75,100,100,1
2647,0,320,1,0,0,0
2648,0,320,1,0,0,1
2649,0,320,1,0,20,0
2650,0,320,1,0,20,1
2651,0,320,1,0,30,0
2652,0,320,1,0,30,1
2653,0,320,1,0,50,0
2654,0,320,1,0,50,1
2655,0,320,1,0,70,0
2656,0,320,1,0,70,1
2657,0,320,1,0,80,0
2658,0,320,1,0,80,1
2659,0,320,1,0,100,0
2660,0,320,1,0,100,1
2661,0,320,1,20,0,0
2662,0,320,1,20,0,1
2663,0,320,1,20,20,0
2664,0,320,1,20,20,1
2665,0,320,1,20,30,0
2666,0,320,1,20,30,1
2667,0,320,1,20,50,0
2668,0,320,1,20,50,1
2669,0,320,1,20,70,0
2670,0,320,1,20,70,1
2671,0,320,1,20,80,0
2672,0,320,1,20,80,1
2673,0,320,1,20,100,0
2674,0,320,1,20,100,1
2675,0,320,1,30,0,0
2676,0,320,1,30,0,1
2677,0,320,1,30,20,0
2678,0,320,1,30,20,1
2679,0,320,1,30,30,0
2680,0,320,1,30,30,1
2681,0,320,1,30,50,0
2682,0,320,1,30,50,1
2683,0,320,1,30,70,0
2684,0,320,1,30,70,1
2685,0,320,1,30,80,0
2686,0,320,1,30,80,1
2687,0,320,1,30,100,0
2688,0,320,1,30,100,1
2689,0,320,1,50,0,0
2690,0,320,1,50,0,1
2691,0,320,1,50,20,0
2692,0,320,1,50,20,1
2693,0,320,1,50,30,0
2694,0,320,1,50,30,1
2695,0,320,1,50,50,0
2696,0,320,1,50,50,1
2697,0,320,1,50,70,0
2698,0,320,1,50,70,1
2699,0,320,1,50,80,0
2700,0,320,1,50,80,1
2701,0,320,1,50,100,0
2702,0,320,1,50,100,1
2703,0,320,1,70,0,0
2704,0,320,1,70,0,1
2705,0,320,1,70,20,0
2706,0,320,1,70,20,1
2707,0,320,1,70,30,0
2708,0,320,1,70,30,1
2709,0,320,1,70,50,0
2710,0,320,1,70,50,1
2711,0,320,1,70,70,0
2712,0,320,1,70,70,1
2713,0,320,1,70,80,0
2714,0,320,1,70,80,1
2715,0,320,1,70,100,0
2716,0,320,1,70,100,1
2717,0,320,1,80,0,0
2718,0,320,1,80,0,1
2719,0,320,1,80,20,0
2720,0,320,1,80,20,1
2721,0,320,1,80,30,0
2722,0,320,1,80,30,1
2723,0,320,1,80,50,0
2724,0,320,1,80,50,1
2725,0,320,1,80,70,0
2726,0,320,1,80,70,1
2727,0,320,1,80,80,0
2728,0,320,1,80,80,1
2729,0,320,1,80,100,0
2730,0,320,1,80,100,1
2731,0,320,1,100,0,0
2732,0,320,1,100,0,1
2733,0,320,1,100,20,0
2734,0,320,1,100,20,1
2735,0,320,1,100,30,0
2736,0,320,1,100,30,1
2737,0,320,1,100,50,0
2738,0,320,1,100,50,1
2739,0,320,1,100,70,0
2740,0,320,1,100,70,1
2741,0,320,1,100,80,0
2742,0,320,1,100,80,1
2743,0,320,1,100,100,0
2744,0,320,1,100,100,1
2745,0,320,1,0,0,0
2746,0,320,1,0,0,1
2747,0,320,1,0,20,0
2748,0,320,1,0,20,1
2749,0,320,1,0,30,0
2750,0,320,1,0,30,1
2751,0,320,1,0,50,0
2752,0,320,1,0,50,1
2753,0,320,1,0,70,0
2754,0,320,1,0,70,1
2755,0,320,1,0,80,0
2756,0,320,1,0,80,1
2757,0,320,1,0,100,0
2758,0,320,1,0,100,1
2759,0,320,1,20,0,0
2760,0,320,1,20,0,1
2761,0,320,1,20,20,0
2762,0,320,1,20,20,1
2763,0,320,1,20,30,0
2764,0,320,1,20,30,1
2765,0,320,1,20,50,0
2766,0,320,1,20,50,1
2767,0,320,1,20,70,0
2768,0,320,1,20,70,1
2769,0,320,1,20,80,0
2770,0,320,1,20,80,1
2771,0,320,1,20,100,0
2772,0,320,1,20,100,1
2773,0,320,1,30,0,0
2774,0,320,1,30,0,1
2775,0,320,1,30,20,0
2776,0,320,1,30,20,1
2777,0,320,1,30,30,0
2778,0,320,1,30,30,1
2779,0,320,1,30,50,0
2780,0,320,1,30,50,1
2781,0,320,1,30,70,0
2782,0,320,1,30,70,1
2783,0,320,1,30,80,0
2784,0,320,1,30,80,1
2785,0,320,1,30,100,0
2786,0,320,1,30,100,1
2787,0,320,1,50,0,0
2788,0,320,1,50,0,1
2789,0,320,1,50,20,0
2790,0,320,1,50,20,1
2791,0,320,1,50,30,0
2792,0,320,1,50,30,1
2793,0,320,1,50,50,0
2794,0,320,1,50,50,1
2795,0,320,1,50,70,0
2796,0,320,1,50,70,1
2797,0,320,1,50,80,0
2798,0,320,1,50,80,1
2799,0,320,1,50,100,0
2800,0,320,1,50,100,1
2801,0,320,1,70,0,0
2802,0,320,1,70,0,1
2803,0,320,1,70,20,0
2804,0,320,1,70,20,1
2805,0,320,1,70,30,0
2806,0,320,1,70,30,1
2807,0,320,1,70,50,0
2808,0,320,1,70,50,1
2809,0,320,1,70,70,0
2810,0,320,1,70,70,1
2811,0,320,1,70,80,0
2812,0,320,1,70,80,1
2813,0,320,1,70,100,0
2814,0,320,1,70,100,1
2815,0,320,1,80,0,0
2816,0,320,1,80,0,1
2817,0,320,1,80,20,0
2818,0,320,1,80,20,1
2819,0,320,1,80,30,0
2820,0,320,1,80,30,1
2821,0,320,1,80,50,0
2822,0,320,1,80,50,1
2823,0,320,1,80,70,0
2824,0,320,1,80,70,1
2825,0,320,1,80,80,0
2826,0,320,1,80,80,1
2827,0,320,1,80,100,0
2828,0,320,1,80,100,1
2829,0,320,1,100,0,0
2830,0,320,1,100,0,1
2831,0,320,1,100,20,0
2832,0,320,1,100,20,1
2833,0,320,1,100,30,0
2834,0,320,1,100,30,1
2835,0,320,1,100,50,0
2836,0,320,1,100,50,1
2837,0,320,1,100,70,0
2838,0,320,1,100,70,1
2839,0,320,1,100,80,0
2840,0,320,1,100,80,1
2841,0,320,1,100,100,0
2842,0,320,1,100,100,1
2843,0,320,5,0,0,0
2844,0,320,5,0,0,1
2845,0,320,5,0,20,0
2846,0,320,5,0,20,1
2847,0,320,5,0,30,0
2848,0,320,5,0,30,1
2849,0,320,5,0,50,0
2850,0,320,5,0,50,1
2851,0,320,5,0,70,0
2852,0,320,5,0,70,1
2853,0,320,5,0,80,0
2854,0,320,5,0,80,1
2855,0,320,5,0,100,0
2856,0,320,5,0,100,1
2857,0,320,5,20,0,0
2858,0,320,5,20,0,1
2859,0,320,5,20,20,0
2860,0,320,5,20,20,1
2861,0,320,5,20,30,0
2862,0,320,5,20,30,1
2863,0,320,5,20,50,0
2864,0,320,5,20,50,1
2865,0,320,5,20,70,0
2866,0,320,5,20,70,1
2867,0,320,5,20,80,0
2868,0,320,5,20,80,1
2869,0,320,5,20,100,0
2870,0,320,5,20,100,1
2871,0,320,5,30,0,0
2872,0,320,5,30,0,1
2873,0,320,5,30,20,0
2874,0,320,5,30,20,1
2875,0,320,5,30,30,0
2876,0,320,5,30,30,1
2877,0,320,5,30,50,0
2878,0,320,5,30,50,1
2879,0,320,5,30,70,0
2880,0,320,5,30,70,1
2881,0,320,5,30,80,0
2882,0,320,5,30,80,1
2883,0,320,5,30,100,0
2884,0,320,5,30,100,1
2885,0,320,5,50,0,0
2886,0,320,5,50,0,1
2887,0,320,5,50,20,0
2888,0,320,5,50,20,1
2889,0,320,5,50,30,0
2890,0,320,5,50,30,1
2891,0,320,5,50,50,0
2892,0,320,5,50,50,1
2893,0,320,5,50,70,0
2894,0,320,5,50,70,1
2895,0,320,5,50,80,0
2896,0,320,5,50,80,1
2897,0,320,5,50,100,0
2898,0,320,5,50,100,1
2899,0,320,5,70,0,0
2900,0,320,5,70,0,1
2901,0,320,5,70,20,0
2902,0,320,5,70,20,1
2903,0,320,5,70,30,0
2904,0,320,5,70,30,1
2905,0,320,5,70,50,0
2906,0,320,5,70,50,1
2907,0,320,5,70,70,0
2908,0,320,5,70,70,1
2909,0,320,5,70,80,0
2910,0,320,5,70,80,1
2911,0,320,5,70,100,0
2912,0,320,5,70,100,1
2913,0,320,5,80,0,0
2914,0,320,5,80,0,1
2915,0,320,5,80,20,0
2916,0,320,5,80,20,1
2917,0,320,5,80,30,0
2918,0,320,5,80,30,1
2919,0,320,5,80,50,0
2920,0,320,5,80,50,1
2921,0,320,5,80,70,0
2922,0,320,5,80,70,1
2923,0,320,5,80,80,0
2924,0,320,5,80,80,1
2925,0,320,5,80,100,0
2926,0,320,5,80,100,1
2927,0,320,5,100,0,0
2928,0,320,5,100,0,1
2929,0,320,5,100,20,0
2930,0,320,5,100,20,1
2931,0,320,5,100,30,0
2932,0,320,5,100,30,1
2933,0,320,5,100,50,0
2934,0,320,5,100,50,1
2935,0,320,5,100,70,0
2936,0,320,5,100,70,1
2937,0,320,5,100,80,0
2938,0,320,5,100,80,1
2939,0,320,5,100,100,0
2940,0,320,5,100,100,1
2941,45-0,220,0,0,0,0
2942,45-0,220,0,0,0,1
2943,45-0,220,0,0,20,0
2944,45-0,220,0,0,20,1
2945,45-0,220,0,0,30,0
2946,45-0,220,0,0,30,1
2947,45-0,220,0,0,50,0
2948,45-0,220,0,0,50,1
2949,45-0,220,0,0,70,0
2950,45-0,220,0,0,70,1
2951,45-0,220,0,0,80,0
2952,45-0,220,0,0,80,1
2953,45-0,220,0,0,100,0
2954,45-0,220,0,0,100,1
2955,45-0,220,0,20,0,0
2956,45-0,220,0,20,0,1
2957,45-0,220,0,20,20,0
2958,45-0,220,0,20,20,1
2959,45-0,220,0,20,30,0
2960,45-0,220,0,20,30,1
2961,45-0,220,0,20,50,0
2962,45-0,220,0,20,50,1
2963,45-0,220,0,20,70,0
2964,45-0,220,0,20,70,1
2965,45-0,220,0,20,80,0
2966,45-0,220,0,20,80,1
2967,45-0,220,0,20,100,0
2968,45-0,220,0,20,100,1
2969,45-0,220,0,30,0,0
2970,45-0,220,0,30,0,1
2971,45-0,220,0,30,20,0
2972,45-0,220,0,30,20,1
2973,45-0,220,0,30,30,0
2974,45-0,220,0,30,30,1
2975,45-0,220,0,30,50,0
2976,45-0,220,0,30,50,1
2977,45-0,220,0,30,70,0
2978,45-0,220,0,30,70,1
2979,45-0,220,0,30,80,0
2980,45-0,220,0,30,80,1
2981,45-0,220,0,30,100,0
2982,45-0,220,0,30,100,1
2983,45-0,220,0,50,0,0
2984,45-0,220,0,50,0,1
2985,45-0,220,0,50,20,0
2986,45-0,220,0,50,20,1
2987,45-0,220,0,50,30,0
2988,45-0,220,0,50,30,1
2989,45-0,220,0,50,50,0
2990,45-0,220,0,50,50,1
2991,45-0,220,0,50,70,0
2992,45-0,220,0,50,70,1
2993,45-0,220,0,50,80,0
2994,45-0,220,0,50,80,1
2995,45-0,220,0,50,100,0
2996,45-0,220,0,50,100,1
2997,45-0,220,0,70,0,0
2998,45-0,220,0,70,0,1
2999,45-0,220,0,70,20,0
3000,45-0,220,0,70,20,1
3001,45-0,220,0,70,30,0
3002,45-0,220,0,70,30,1
3003,45-0,220,0,70,50,0
3004,45-0,220,0,70,50,1
3005,45-0,220,0,70,70,0
3006,45-0,220,0,70,70,1
3007,45-0,220,0,70,80,0
3008,45-0,220,0,70,80,1
3009,45-0,220,0,70,100,0
3010,45-0,220,0,70,100,1
3011,45-0,220,0,80,0,0
3012,45-0,220,0,80,0,1
3013,45-0,220,0,80,20,0
3014,45-0,220,0,80,20,1
3015,45-0,220,0,80,30,0
3016,45-0,220,0,80,30,1
3017,45-0,220,0,80,50,0
3018,45-0,220,0,80,50,1
3019,45-0,220,0,80,70,0
3020,45-0,220,0,80,70,1
3021,45-0,220,0,80,80,0
3022,45-0,220,0,80,80,1
3023,45-0,220,0,80,100,0
3024,45-0,220,0,80,100,1
3025,45-0,220,0,100,0,0
3026,45-0,220,0,100,0,1
3027,45-0,220,0,100,20,0
3028,45-0,220,0,100,20,1
3029,45-0,220,0,100,30,0
3030,45-0,220,0,100,30,1
3031,45-0,220,0,100,50,0
3032,45-0,220,0,100,50,1
3033,45-0,220,0,100,70,0
3034,45-0,220,0,100,70,1
3035,45-0,220,0,100,80,0
3036,45-0,220,0,100,80,1
3037,45-0,220,0,100,100,0
3038,45-0,220,0,100,100,1
3039,45-0,220,75,0,0,0
3040,45-0,220,75,0,0,1
3041,45-0,220,75,0,20,0
3042,45-0,220,75,0,20,1
3043,45-0,220,75,0,30,0
3044,45-0,220,75,0,30,1
3045,45-0,220,75,0,50,0
3046,45-0,220,75,0,50,1
3047,45-0,220,75,0,70,0
3048,45-0,220,75,0,70,1
3049,45-0,220,75,0,80,0
3050,45-0,220,75,0,80,1
3051,45-0,220,75,0,100,0
3052,45-0,220,75,0,100,1
3053,45-0,220,75,20,0,0
3054,45-0,220,75,20,0,1
3055,45-0,220,75,20,20,0
3056,45-0,220,75,20,20,1
3057,45-0,220,75,20,30,0
3058,45-0,220,75,20,30,1
3059,45-0,220,75,20,50,0
3060,45-0,220,75,20,50,1
3061,45-0,220,75,20,70,0
3062,45-0,220,75,20,70,1
3063,45-0,220,75,20,80,0
3064,45-0,220,75,20,80,1
3065,45-0,220,75,20,100,0
3066,45-0,220,75,20,100,1
3067,45-0,220,75,30,0,0
3068,45-0,220,75,30,0,1
3069,45-0,220,75,30,20,0
3070,45-0,220,75,30,20,1
3071,45-0,220,75,30,30,0
3072,45-0,220,75,30,30,1
3073,45-0,220,75,30,50,0
3074,45-0,220,75,30,50,1
3075,45-0,220,75,30,70,0
3076,45-0,220,75,30,70,1
3077,45-0,220,75,30,80,0
3078,45-0,220,75,30,80,1
3079,45-0,220,75,30,100,0
3080,45-0,220,75,30,100,1
3081,45-0,220,75,50,0,0
3082,45-0,220,75,50,0,1
3083,45-0,220,75,50,20,0
3084,45-0,220,75,50,20,1
3085,45-0,220,75,50,30,0
3086,45-0,220,75,50,30,1
3087,45-0,220,75,50,50,0
3088,45-0,220,75,50,50,1
3089,45-0,220,75,50,70,0
3090,45-0,220,75,50,70,1
3091,45-0,220,75,50,80,0
3092,45-0,220,75,50,80,1
3093,45-0,220,75,50,100,0
3094,45-0,220,75,50,100,1
3095,45-0,220,75,70,0,0
3096,45-0,220,75,70,0,1
3097,45-0,220,75,70,20,0
3098,45-0,220,75,70,20,1
3099,45-0,220,75,70,30,0
3100,45-0,220,75,70,30,1
3101,45-0,220,75,70,50,0
3102,45-0,220,75,70,50,1
3103,45-0,220,75,70,70,0
3104,45-0,220,75,70,70,1
3105,45-0,220,75,70,80,0
3106,45-0,220,75,70,80,1
3107,45-0,220,75,70,100,0
3108,45-0,220,75,70,100,1
3109,45-0,220,75,80,0,0
3110,45-0,220,75,80,0,1
3111,45-0,220,75,80,20,0
3112,45-0,220,75,80,20,1
3113,45-0,220,75,80,30,0
3114,45-0,220,75,80,30,1
3115,45-0,220,75,80,50,0
3116,45-0,220,75,80,50,1
3117,45-0,220,75,80,70,0
3118,45-0,220,75,80,70,1
3119,45-0,220,75,80,80,0
3120,45-0,220,75,80,80,1
3121,45-0,220,75,80,100,0
3122,45-0,220,75,80,100,1
3123,45-0,220,75,100,0,0
3124,45-0,220,75,100,0,1
3125,45-0,220,75,100,20,0
3126,45-0,220,75,100,20,1
3127,45-0,220,75,100,30,0
3128,45-0,220,75,100,30,1
3129,45-0,220,75,100,50,0
3130,45-0,220,75,100,50,1
3131,45-0,220,75,100,70,0
3132,45-0,220,75,100,70,1
3133,45-0,220,75,100,80,0
3134,45-0,220,75,100,80,1
3135,45-0,220,75,100,100,0
3136,45-0,220,75,100,100,1
3137,45-0,220,1,0,0,0
3138,45-0,220,1,0,0,1
3139,45-0,220,1,0,20,0
3140,45-0,220,1,0,20,1
3141,45-0,220,1,0,30,0
3142,45-0,220,1,0,30,1
3143,45-0,220,1,0,50,0
3144,45-0,220,1,0,50,1
3145,45-0,220,1,0,70,0
3146,45-0,220,1,0,70,1
3147,45-0,220,1,0,80,0
3148,45-0,220,1,0,80,1
3149,45-0,220,1,0,100,0
3150,45-0,220,1,0,100,1
3151,45-0,220,1,20,0,0
3152,45-0,220,1,20,0,1
3153,45-0,220,1,20,20,0
3154,45-0,220,1,20,20,1
3155,45-0,220,1,20,30,0
3156,45-0,220,1,20,30,1
3157,45-0,220,1,20,50,0
3158,45-0,220,1,20,50,1
3159,45-0,220,1,20,70,0
3160,45-0,220,1,20,70,1
3161,45-0,220,1,20,80,0
3162,45-0,220,1,20,80,1
3163,45-0,220,1,20,100,0
3164,45-0,220,1,20,100,1
3165,45-0,220,1,30,0,0
3166,45-0,220,1,30,0,1
3167,45-0,220,1,30,20,0
3168,45-0,220,1,30,20,1
3169,45-0,220,1,30,30,0
3170,45-0,220,1,30,30,1
3171,45-0,220,1,30,50,0
3172,45-0,220,1,30,50,1
3173,45-0,220,1,30,70,0
3174,45-0,220,1,30,70,1
3175,45-0,220,1,30,80,0
3176,45-0,220,1,30,80,1
3177,45-0,220,1,30,100,0
3178,45-0,220,1,30,100,1
3179,45-0,220,1,50,0,0
3180,45-0,220,1,50,0,1
3181,45-0,220,1,50,20,0
3182,45-0,220,1,50,20,1
3183,45-0,220,1,50,30,0
3184,45-0,220,1,50,30,1
3185,45-0,220,1,50,50,0
3186,45-0,220,1,50,50,1
3187,45-0,220,1,50,70,0
3188,45-0,220,1,50,70,1
3189,45-0,220,1,50,80,0
3190,45-0,220,1,50,80,1
3191,45-0,220,1,50,100,0
3192,45-0,220,1,50,100,1
3193,45-0,220,1,70,0,0
3194,45-0,220,1,70,0,1
3195,45-0,220,1,70,20,0
3196,45-0,220,1,70,20,1
3197,45-0,220,1,70,30,0
3198,45-0,220,1,70,30,1
3199,45-0,220,1,70,50,0
3200,45-0,220,1,70,50,1
3201,45-0,220,1,70,70,0
3202,45-0,220,1,70,70,1
3203,45-0,220,1,70,80,0
3204,45-0,220,1,70,80,1
3205,45-0,220,1,70,100,0
3206,45-0,220,1,70,100,1
3207,45-0,220,1,80,0,0
3208,45-0,220,1,80,0,1
3209,45-0,220,1,80,20,0
3210,45-0,220,1,80,20,1
3211,45-0,220,1,80,30,0
3212,45-0,220,1,80,30,1
3213,45-0,220,1,80,50,0
3214,45-0,220,1,80,50,1
3215,45-0,220,1,80,70,0
3216,45-0,220,1,80,70,1
3217,45-0,220,1,80,80,0
3218,45-0,220,1,80,80,1
3219,45-0,220,1,80,100,0
3220,45-0,220,1,80,100,1
3221,45-0,220,1,100,0,0
3222,45-0,220,1,100,0,1
3223,45-0,220,1,100,20,0
3224,45-0,220,1,100,20,1
3225,45-0,220,1,100,30,0
3226,45-0,220,1,100,30,1
3227,45-0,220,1,100,50,0
3228,45-0,220,1,100,50,1
3229,45-0,220,1,100,70,0
3230,45-0,220,1,100,70,1
3231,45-0,220,1,100,80,0
3232,45-0,220,1,100,80,1
3233,45-0,220,1,100,100,0
3234,45-0,220,1,100,100,1
3235,45-0,220,1,0,0,0
3236,45-0,220,1,0,0,1
3237,45-0,220,1,0,20,0
3238,45-0,220,1,0,20,1
3239,45-0,220,1,0,30,0
3240,45-0,220,1,0,30,1
3241,45-0,220,1,0,50,0
3242,45-0,220,1,0,50,1
3243,45-0,220,1,0,70,0
3244,45-0,220,1,0,70,1
3245,45-0,220,1,0,80,0
3246,45-0,220,1,0,80,1
3247,45-0,220,1,0,100,0
3248,45-0,220,1,0,100,1
3249,45-0,220,1,20,0,0
3250,45-0,220,1,20,0,1
3251,45-0,220,1,20,20,0
3252,45-0,220,1,20,20,1
3253,45-0,220,1,20,30,0
3254,45-0,220,1,20,30,1
3255,45-0,220,1,20,50,0
3256,45-0,220,1,20,50,1
3257,45-0,220,1,20,70,0
3258,45-0,220,1,20,70,1
3259,45-0,220,1,20,80,0
3260,45-0,220,1,20,80,1
3261,45-0,220,1,20,100,0
3262,45-0,220,1,20,100,1
3263,45-0,220,1,30,0,0
3264,45-0,220,1,30,0,1
3265,45-0,220,1,30,20,0
3266,45-0,220,1,30,20,1
3267,45-0,220,1,30,30,0
3268,45-0,220,1,30,30,1
3269,45-0,220,1,30,50,0
3270,45-0,220,1,30,50,1
3271,45-0,220,1,30,70,0
3272,45-0,220,1,30,70,1
3273,45-0,220,1,30,80,0
3274,45-0,220,1,30,80,1
3275,45-0,220,1,30,100,0
3276,45-0,220,1,30,100,1
3277,45-0,220,1,50,0,0
3278,45-0,220,1,50,0,1
3279,45-0,220,1,50,20,0
3280,45-0,220,1,50,20,1
3281,45-0,220,1,50,30,0
3282,45-0,220,1,50,30,1
3283,45-0,220,1,50,50,0
3284,45-0,220,1,50,50,1
3285,45-0,220,1,50,70,0
3286,45-0,220,1,50,70,1
3287,45-0,220,1,50,80,0
3288,45-0,220,1,50,80,1
3289,45-0,220,1,50,100,0
3290,45-0,220,1,50,100,1
3291,45-0,220,1,70,0,0
3292,45-0,220,1,70,0,1
3293,45-0,220,1,70,20,0
3294,45-0,220,1,70,20,1
3295,45-0,220,1,70,30,0
3296,45-0,220,1,70,30,1
3297,45-0,220,1,70,50,0
3298,45-0,220,1,70,50,1
3299,45-0,220,1,70,70,0
3300,45-0,220,1,70,70,1
3301,45-0,220,1,70,80,0
3302,45-0,220,1,70,80,1
3303,45-0,220,1,70,100,0
3304,45-0,220,1,70,100,1
3305,45-0,220,1,80,0,0
3306,45-0,220,1,80,0,1
3307,45-0,220,1,80,20,0
3308,45-0,220,1,80,20,1
3309,45-0,220,1,80,30,0
3310,45-0,220,1,80,30,1
3311,45-0,220,1,80,50,0
3312,45-0,220,1,80,50,1
3313,45-0,220,1,80,70,0
3314,45-0,220,1,80,70,1
3315,45-0,220,1,80,80,0
3316,45-0,220,1,80,80,1
3317,45-0,220,1,80,100,0
3318,45-0,220,1,80,100,1
3319,45-0,220,1,100,0,0
3320,45-0,220,1,100,0,1
3321,45-0,220,1,100,20,0
3322,45-0,220,1,100,20,1
3323,45-0,220,1,100,30,0
3324,45-0,220,1,100,30,1
3325,45-0,220,1,100,50,0
3326,45-0,220,1,100,50,1
3327,45-0,220,1,100,70,0
3328,45-0,220,1,100,70,1
3329,45-0,220,1,100,80,0
3330,45-0,220,1,100,80,1
3331,45-0,220,1,100,100,0
3332,45-0,220,1,100,100,1
3333,45-0,220,5,0,0,0
3334,45-0,220,5,0,0,1
3335,45-0,220,5,0,20,0
3336,45-0,220,5,0,20,1
3337,45-0,220,5,0,30,0
3338,45-0,220,5,0,30,1
3339,45-0,220,5,0,50,0
3340,45-0,220,5,0,50,1
3341,45-0,220,5,0,70,0
3342,45-0,220,5,0,70,1
3343,45-0,220,5,0,80,0
3344,45-0,220,5,0,80,1
3345,45-0,220,5,0,100,0
3346,45-0,220,5,0,100,1
3347,45-0,220,5,20,0,0
3348,45-0,220,5,20,0,1
3349,45-0,220,5,20,20,0
3350,45-0,220,5,20,20,1
3351,45-0,220,5,20,30,0
3352,45-0,220,5,20,30,1
3353,45-0,220,5,20,50,0
3354,45-0,220,5,20,50,1
3355,45-0,220,5,20,70,0
3356,45-0,220,5,20,70,1
3357,45-0,220,5,20,80,0
3358,45-0,220,5,20,80,1
3359,45-0,220,5,20,100,0
3360,45-0,220,5,20,100,1
3361,45-0,220,5,30,0,0
3362,45-0,220,5,30,0,1
3363,45-0,220,5,30,20,0
3364,45-0,220,5,30,20,1
3365,45-0,220,5,30,30,0
3366,45-0,220,5,30,30,1
3367,45-0,220,5,30,50,0
3368,45-0,220,5,30,50,1
3369,45-0,220,5,30,70,0
3370,45-0,220,5,30,70,1
3371,45-0,220,5,30,80,0
3372,45-0,220,5,30,80,1
3373,45-0,220,5,30,100,0
3374,45-0,220,5,30,100,1
3375,45-0,220,5,50,0,0
3376,45-0,220,5,50,0,1
3377,45-0,220,5,50,20,0
3378,45-0,220,5,50,20,1
3379,45-0,220,5,50,30,0
3380,45-0,220,5,50,30,1
3381,45-0,220,5,50,50,0
3382,45-0,220,5,50,50,1
3383,45-0,220,5,50,70,0
3384,45-0,220,5,50,70,1
3385,45-0,220,5,50,80,0
3386,45-0,220,5,50,80,1
3387,45-0,220,5,50,100,0
3388,45-0,220,5,50,100,1
3389,45-0,220,5,70,0,0
3390,45-0,220,5,70,0,1
3391,45-0,220,5,70,20,0
3392,45-0,220,5,70,20,1
3393,45-0,220,5,70,30,0
3394,45-0,220,5,70,30,1
3395,45-0,220,5,70,50,0
3396,45-0,220,5,70,50,1
3397,45-0,220,5,70,70,0
3398,45-0,220,5,70,70,1
3399,45-0,220,5,70,80,0
3400,45-0,220,5,70,80,1
3401,45-0,220,5,70,100,0
3402,45-0,220,5,70,100,1
3403,45-0,220,5,80,0,0
3404,45-0,220,5,80,0,1
3405,45-0,220,5,80,20,0
3406,45-0,220,5,80,20,1
3407,45-0,220,5,80,30,0
3408,45-0,220,5,80,30,1
3409,45-0,220,5,80,50,0
3410,45-0,220,5,80,50,1
3411,45-0,220,5,80,70,0
3412,45-0,220,5,80,70,1
3413,45-0,220,5,80,80,0
3414,45-0,220,5,80,80,1
3415,45-0,220,5,80,100,0
3416,45-0,220,5,80,100,1
3417,45-0,220,5,100,0,0
3418,45-0,220,5,100,0,1
3419,45-0,220,5,100,20,0
3420,45-0,220,5,100,20,1
3421,45-0,220,5,100,30,0
3422,45-0,220,5,100,30,1
3423,45-0,220,5,100,50,0
3424,45-0,220,5,100,50,1
3425,45-0,220,5,100,70,0
3426,45-0,220,5,100,70,1
3427,45-0,220,5,100,80,0
3428,45-0,220,5,100,80,1
3429,45-0,220,5,100,100,0
3430,45-0,220,5,100,100,1
3431,45-0,240,0,0,0,0
3432,45-0,240,0,0,0,1
3433,45-0,240,0,0,20,0
3434,45-0,240,0,0,20,1
3435,45-0,240,0,0,30,0
3436,45-0,240,0,0,30,1
3437,45-0,240,0,0,50,0
3438,45-0,240,0,0,50,1
3439,45-0,240,0,0,70,0
3440,45-0,240,0,0,70,1
3441,45-0,240,0,0,80,0
3442,45-0,240,0,0,80,1
3443,45-0,240,0,0,100,0
3444,45-0,240,0,0,100,1
3445,45-0,240,0,20,0,0
3446,45-0,240,0,20,0,1
3447,45-0,240,0,20,20,0
3448,45-0,240,0,20,20,1
3449,45-0,240,0,20,30,0
3450,45-0,240,0,20,30,1
3451,45-0,240,0,20,50,0
3452,45-0,240,0,20,50,1
3453,45-0,240,0,20,70,0
3454,45-0,240,0,20,70,1
3455,45-0,240,0,20,80,0
3456,45-0,240,0,20,80,1
3457,45-0,240,0,20,100,0
3458,45-0,240,0,20,100,1
3459,45-0,240,0,30,0,0
3460,45-0,240,0,30,0,1
3461,45-0,240,0,30,20,0
3462,45-0,240,0,30,20,1
3463,45-0,240,0,30,30,0
3464,45-0,240,0,30,30,1
3465,45-0,240,0,30,50,0
3466,45-0,240,0,30,50,1
3467,45-0,240,0,30,70,0
3468,45-0,240,0,30,70,1
3469,45-0,240,0,30,80,0
3470,45-0,240,0,30,80,1
3471,45-0,240,0,30,100,0
3472,45-0,240,0,30,100,1
3473,45-0,240,0,50,0,0
3474,45-0,240,0,50,0,1
3475,45-0,240,0,50,20,0
3476,45-0,240,0,50,20,1
3477,45-0,240,0,50,30,0
3478,45-0,240,0,50,30,1
3479,45-0,240,0,50,50,0
3480,45-0,240,0,50,50,1
3481,45-0,240,0,50,70,0
3482,45-0,240,0,50,70,1
3483,45-0,240,0,50,80,0
3484,45-0,240,0,50,80,1
3485,45-0,240,0,50,100,0
3486,45-0,240,0,50,100,1
3487,45-0,240,0,70,0,0
3488,45-0,240,0,70,0,1
3489,45-0,240,0,70,20,0
3490,45-0,240,0,70,20,1
3491,45-0,240,0,70,30,0
3492,45-0,240,0,70,30,1
3493,45-0,240,0,70,50,0
3494,45-0,240,0,70,50,1
3495,45-0,240,0,70,70,0
3496,45-0,240,0,70,70,1
3497,45-0,240,0,70,80,0
3498,45-0,240,0,70,80,1
3499,45-0,240,0,70,100,0
3500,45-0,240,0,70,100,1
3501,45-0,240,0,80,0,0
3502,45-0,240,0,80,0,1
3503,45-0,240,0,80,20,0
3504,45-0,240,0,80,20,1
3505,45-0,240,0,80,30,0
3506,45-0,240,0,80,30,1
3507,45-0,240,0,80,50,0
3508,45-0,240,0,80,50,1
3509,45-0,240,0,80,70,0
3510,45-0,240,0,80,70,1
3511,45-0,240,0,80,80,0
3512,45-0,240,0,80,80,1
3513,45-0,240,0,80,100,0
3514,45-0,240,0,80,100,1
3515,45-0,240,0,100,0,0
3516,45-0,240,0,100,0,1
3517,45-0,240,0,100,20,0
3518,45-0,240,0,100,20,1
3519,45-0,240,0,100,30,0
3520,45-0,240,0,100,30,1
3521,45-0,240,0,100,50,0
3522,45-0,240,0,100,50,1
3523,45-0,240,0,100,70,0
3524,45-0,240,0,100,70,1
3525,45-0,240,0,100,80,0
3526,45-0,240,0,100,80,1
3527,45-0,240,0,100,100,0
3528,45-0,240,0,100,100,1
3529,45-0,240,75,0,0,0
3530,45-0,240,75,0,0,1
3531,45-0,240,75,0,20,0
3532,45-0,240,75,0,20,1
3533,45-0,240,75,0,30,0
3534,45-0,240,75,0,30,1
3535,45-0,240,75,0,50,0
3536,45-0,240,75,0,50,1
3537,45-0,240,75,0,70,0
3538,45-0,240,75,0,70,1
3539,45-0,240,75,0,80,0
3540,45-0,240,75,0,80,1
3541,45-0,240,75,0,100,0
3542,45-0,240,75,0,100,1
3543,45-0,240,75,20,0,0
3544,45-0,240,75,20,0,1
3545,45-0,240,75,20,20,0
3546,45-0,240,75,20,20,1
3547,45-0,240,75,20,30,0
3548,45-0,240,75,20,30,1
3549,45-0,240,75,20,50,0
3550,45-0,240,75,20,50,1
3551,45-0,240,75,20,70,0
3552,45-0,240,75,20,70,1
3553,45-0,240,75,20,80,0
3554,45-0,240,75,20,80,1
3555,45-0,240,75,20,100,0
3556,45-0,240,75,20,100,1
3557,45-0,240,75,30,0,0
3558,45-0,240,75,30,0,1
3559,45-0,240,75,30,20,0
3560,45-0,240,75,30,20,1
3561,45-0,240,75,30,30,0
3562,45-0,240,75,30,30,1
3563,45-0,240,75,30,50,0
3564,45-0,240,75,30,50,1
3565,45-0,240,75,30,70,0
3566,45-0,240,75,30,70,1
3567,45-0,240,75,30,80,0
3568,45-0,240,75,30,80,1
3569,45-0,240,75,30,100,0
3570,45-0,240,75,30,100,1
3571,45-0,240,75,50,0,0
3572,45-0,240,75,50,0,1
3573,45-0,240,75,50,20,0
3574,45-0,240,75,50,20,1
3575,45-0,240,75,50,30,0
3576,45-0,240,75,50,30,1
3577,45-0,240,75,50,50,0
3578,45-0,240,75,50,50,1
3579,45-0,240,75,50,70,0
3580,45-0,240,75,50,70,1
3581,45-0,240,75,50,80,0
3582,45-0,240,75,50,80,1
3583,45-0,240,75,50,100,0
3584,45-0,240,75,50,100,1
3585,45-0,240,75,70,0,0
3586,45-0,240,75,70,0,1
3587,45-0,240,75,70,20,0
3588,45-0,240,75,70,20,1
3589,45-0,240,75,70,30,0
3590,45-0,240,75,70,30,1
3591,45-0,240,75,70,50,0
3592,45-0,240,75,70,50,1
3593,45-0,240,75,70,70,0
3594,45-0,240,75,70,70,1
3595,45-0,240,75,70,80,0
3596,45-0,240,75,70,80,1
3597,45-0,240,75,70,100,0
3598,45-0,240,75,70,100,1
3599,45-0,240,75,80,0,0
3600,45-0,240,75,80,0,1
3601,45-0,240,75,80,20,0
3602,45-0,240,75,80,20,1
3603,45-0,240,75,80,30,0
3604,45-0,240,75,80,30,1
3605,45-0,240,75,80,50,0
3606,45-0,240,75,80,50,1
3607,45-0,240,75,80,70,0
3608,45-0,240,75,80,70,1
3609,45-0,240,75,80,80,0
3610,45-0,240,75,80,80,1
3611,45-0,240,75,80,100,0
3612,45-0,240,75,80,100,1
3613,45-0,240,75,100,0,0
3614,45-0,240,75,100,0,1
3615,45-0,240,75,100,20,0
3616,45-0,240,75,100,20,1
3617,45-0,240,75,100,30,0
3618,45-0,240,75,100,30,1
3619,45-0,240,75,100,50,0
3620,45-0,240,75,100,50,1
3621,45-0,240,75,100,70,0
3622,45-0,240,75,100,70,1
3623,45-0,240,75,100,80,0
3624,45-0,240,75,100,80,1
3625,45-0,240,75,100,100,0
3626,45-0,240,75,100,100,1
3627,45-0,240,1,0,0,0
3628,45-0,240,1,0,0,1
3629,45-0,240,1,0,20,0
3630,45-0,240,1,0,20,1
3631,45-0,240,1,0,30,0
3632,45-0,240,1,0,30,1
3633,45-0,240,1,0,50,0
3634,45-0,240,1,0,50,1
3635,45-0,240,1,0,70,0
3636,45-0,240,1,0,70,1
3637,45-0,240,1,0,80,0
3638,45-0,240,1,0,80,1
3639,45-0,240,1,0,100,0
3640,45-0,240,1,0,100,1
3641,45-0,240,1,20,0,0
3642,45-0,240,1,20,0,1
3643,45-0,240,1,20,20,0
3644,45-0,240,1,20,20,1
3645,45-0,240,1,20,30,0
3646,45-0,240,1,20,30,1
3647,45-0,240,1,20,50,0
3648,45-0,240,1,20,50,1
3649,45-0,240,1,20,70,0
3650,45-0,240,1,20,70,1
3651,45-0,240,1,20,80,0
3652,45-0,240,1,20,80,1
3653,45-0,240,1,20,100,0
3654,45-0,240,1,20,100,1
3655,45-0,240,1,30,0,0
3656,45-0,240,1,30,0,1
3657,45-0,240,1,30,20,0
3658,45-0,240,1,30,20,1
3659,45-0,240,1,30,30,0
3660,45-0,240,1,30,30,1
3661,45-0,240,1,30,50,0
3662,45-0,240,1,30,50,1
3663,45-0,240,1,30,70,0
3664,45-0,240,1,30,70,1
3665,45-0,240,1,30,80,0
3666,45-0,240,1,30,80,1
3667,45-0,240,1,30,100,0
3668,45-0,240,1,30,100,1
3669,45-0,240,1,50,0,0
3670,45-0,240,1,50,0,1
3671,45-0,240,1,50,20,0
3672,45-0,240,1,50,20,1
3673,45-0,240,1,50,30,0
3674,45-0,240,1,50,30,1
3675,45-0,240,1,50,50,0
3676,45-0,240,1,50,50,1
3677,45-0,240,1,50,70,0
3678,45-0,240,1,50,70,1
3679,45-0,240,1,50,80,0
3680,45-0,240,1,50,80,1
3681,45-0,240,1,50,100,0
3682,45-0,240,1,50,100,1
3683,45-0,240,1,70,0,0
3684,45-0,240,1,70,0,1
3685,45-0,240,1,70,20,0
3686,45-0,240,1,70,20,1
3687,45-0,240,1,70,30,0
3688,45-0,240,1,70,30,1
3689,45-0,240,1,70,50,0
3690,45-0,240,1,70,50,1
3691,45-0,240,1,70,70,0
3692,45-0,240,1,70,70,1
3693,45-0,240,1,70,80,0
3694,45-0,240,1,70,80,1
3695,45-0,240,1,70,100,0
3696,45-0,240,1,70,100,1
3697,45-0,240,1,80,0,0
3698,45-0,240,1,80,0,1
3699,45-0,240,1,80,20,0
3700,45-0,240,1,80,20,1
3701,45-0,240,1,80,30,0
3702,45-0,240,1,80,30,1
3703,45-0,240,1,80,50,0
3704,45-0,240,1,80,50,1
3705,45-0,240,1,80,70,0
3706,45-0,240,1,80,70,1
3707,45-0,240,1,80,80,0
3708,45-0,240,1,80,80,1
3709,45-0,240,1,80,100,0
3710,45-0,240,1,80,100,1
3711,45-0,240,1,100,0,0
3712,45-0,240,1,100,0,1
3713,45-0,240,1,100,20,0
3714,45-0,240,1,100,20,1
3715,45-0,240,1,100,30,0
3716,45-0,240,1,100,30,1
3717,45-0,240,1,100,50,0
3718,45-0,240,1,100,50,1
3719,45-0,240,1,100,70,0
3720,45-0,240,1,100,70,1
3721,45-0,240,1,100,80,0
3722,45-0,240,1,100,80,1
3723,45-0,240,1,100,100,0
3724,45-0,240,1,100,100,1
3725,45-0,240,1,0,0,0
3726,45-0,240,1,0,0,1
3727,45-0,240,1,0,20,0
3728,45-0,240,1,0,20,1
3729,45-0,240,1,0,30,0
3730,45-0,240,1,0,30,1
3731,45-0,240,1,0,50,0
3732,45-0,240,1,0,50,1
3733,45-0,240,1,0,70,0
3734,45-0,240,1,0,70,1
3735,45-0,240,1,0,80,0
3736,45-0,240,1,0,80,1
3737,45-0,240,1,0,100,0
3738,45-0,240,1,0,100,1
3739,45-0,240,1,20,0,0
3740,45-0,240,1,20,0,1
3741,45-0,240,1,20,20,0
3742,45-0,240,1,20,20,1
3743,45-0,240,1,20,30,0
3744,45-0,240,1,20,30,1
3745,45-0,240,1,20,50,0
3746,45-0,240,1,20,50,1
3747,45-0,240,1,20,70,0
3748,45-0,240,1,20,70,1
3749,45-0,240,1,20,80,0
3750,45-0,240,1,20,80,1
3751,45-0,240,1,20,100,0
3752,45-0,240,1,20,100,1
3753,45-0,240,1,30,0,0
3754,45-0,240,1,30,0,1
3755,45-0,240,1,30,20,0
3756,45-0,240,1,30,20,1
3757,45-0,240,1,30,30,0
3758,45-0,240,1,30,30,1
3759,45-0,240,1,30,50,0
3760,45-0,240,1,30,50,1
3761,45-0,240,1,30,70,0
3762,45-0,240,1,30,70,1
3763,45-0,240,1,30,80,0
3764,45-0,240,1,30,80,1
3765,45-0,240,1,30,100,0
3766,45-0,240,1,30,100,1
3767,45-0,240,1,50,0,0
3768,45-0,240,1,50,0,1
3769,45-0,240,1,50,20,0
3770,45-0,240,1,50,20,1
3771,45-0,240,1,50,30,0
3772,45-0,240,1,50,30,1
3773,45-0,240,1,50,50,0
3774,45-0,240,1,50,50,1
3775,45-0,240,1,50,70,0
3776,45-0,240,1,50,70,1
3777,45-0,240,1,50,80,0
3778,45-0,240,1,50,80,1
3779,45-0,240,1,50,100,0
3780,45-0,240,1,50,100,1
3781,45-0,240,1,70,0,0
3782,45-0,240,1,70,0,1
3783,45-0,240,1,70,20,0
3784,45-0,240,1,70,20,1
3785,45-0,240,1,70,30,0
3786,45-0,240,1,70,30,1
3787,45-0,240,1,70,50,0
3788,45-0,240,1,70,50,1
3789,45-0,240,1,70,70,0
3790,45-0,240,1,70,70,1
3791,45-0,240,1,70,80,0
3792,45-0,240,1,70,80,1
3793,45-0,240,1,70,100,0
3794,45-0,240,1,70,100,1
3795,45-0,240,1,80,0,0
3796,45-0,240,1,80,0,1
3797,45-0,240,1,80,20,0
3798,45-0,240,1,80,20,1
3799,45-0,240,1,80,30,0
3800,45-0,240,1,80,30,1
3801,45-0,240,1,80,50,0
3802,45-0,240,1,80,50,1
3803,45-0,240,1,80,70,0
3804,45-0,240,1,80,70,1
3805,45-0,240,1,80,80,0
3806,45-0,240,1,80,80,1
3807,45-0,240,1,80,100,0
3808,45-0,240,1,80,100,1
3809,45-0,240,1,100,0,0
3810,45-0,240,1,100,0,1
3811,45-0,240,1,100,20,0
3812,45-0,240,1,100,20,1
3813,45-0,240,1,100,30,0
3814,45-0,240,1,100,30,1
3815,45-0,240,1,100,50,0
3816,45-0,240,1,100,50,1
3817,45-0,240,1,100,70,0
3818,45-0,240,1,100,70,1
3819,45-0,240,1,100,80,0
3820,45-0,240,1,100,80,1
3821,45-0,240,1,100,100,0
3822,45-0,240,1,100,100,1
3823,45-0,240,5,0,0,0
3824,45-0,240,5,0,0,1
3825,45-0,240,5,0,20,0
3826,45-0,240,5,0,20,1
3827,45-0,240,5,0,30,0
3828,45-0,240,5,0,30,1
3829,45-0,240,5,0,50,0
3830,45-0,240,5,0,50,1
3831,45-0,240,5,0,70,0
3832,45-0,240,5,0,70,1
3833,45-0,240,5,0,80,0
3834,45-0,240,5,0,80,1
3835,45-0,240,5,0,100,0
3836,45-0,240,5,0,100,1
3837,45-0,240,5,20,0,0
3838,45-0,240,5,20,0,1
3839,45-0,240,5,20,20,0
3840,45-0,240,5,20,20,1
3841,45-0,240,5,20,30,0
3842,45-0,240,5,20,30,1
3843,45-0,240,5,20,50,0
3844,45-0,240,5,20,50,1
3845,45-0,240,5,20,70,0
3846,45-0,240,5,20,70,1
3847,45-0,240,5,20,80,0
3848,45-0,240,5,20,80,1
3849,45-0,240,5,20,100,0
3850,45-0,240,5,20,100,1
3851,45-0,240,5,30,0,0
3852,45-0,240,5,30,0,1
3853,45-0,240,5,30,20,0
3854,45-0,240,5,30,20,1
3855,45-0,240,5,30,30,0
3856,45-0,240,5,30,30,1
3857,45-0,240,5,30,50,0
3858,45-0,240,5,30,50,1
3859,45-0,240,5,30,70,0
3860,45-0,240,5,30,70,1
3861,45-0,240,5,30,80,0
3862,45-0,240,5,30,80,1
3863,45-0,240,5,30,100,0
3864,45-0,240,5,30,100,1
3865,45-0,240,5,50,0,0
3866,45-0,240,5,50,0,1
3867,45-0,240,5,50,20,0
3868,45-0,240,5,50,20,1
3869,45-0,240,5,50,30,0
3870,45-0,240,5,50,30,1
3871,45-0,240,5,50,50,0
3872,45-0,240,5,50,50,1
3873,45-0,240,5,50,70,0
3874,45-0,240,5,50,70,1
3875,45-0,240,5,50,80,0
3876,45-0,240,5,50,80,1
3877,45-0,240,5,50,100,0
3878,45-0,240,5,50,100,1
3879,45-0,240,5,70,0,0
3880,45-0,240,5,70,0,1
3881,45-0,240,5,70,20,0
3882,45-0,240,5,70,20,1
3883,45-0,240,5,70,30,0
3884,45-0,240,5,70,30,1
3885,45-0,240,5,70,50,0
3886,45-0,240,5,70,50,1
3887,45-0,240,5,70,70,0
3888,45-0,240,5,70,70,1
3889,45-0,240,5,70,80,0
3890,45-0,240,5,70,80,1
3891,45-0,240,5,70,100,0
3892,45-0,240,5,70,100,1
3893,45-0,240,5,80,0,0
3894,45-0,240,5,80,0,1
3895,45-0,240,5,80,20,0
3896,45-0,240,5,80,20,1
3897,45-0,240,5,80,30,0
3898,45-0,240,5,80,30,1
3899,45-0,240,5,80,50,0
3900,45-0,240,5,80,50,1
3901,45-0,240,5,80,70,0
3902,45-0,240,5,80,70,1
3903,45-0,240,5,80,80,0
3904,45-0,240,5,80,80,1
3905,45-0,240,5,80,100,0
3906,45-0,240,5,80,100,1
3907,45-0,240,5,100,0,0
3908,45-0,240,5,100,0,1
3909,45-0,240,5,100,20,0
3910,45-0,240,5,100,20,1
3911,45-0,240,5,100,30,0
3912,45-0,240,5,100,30,1
3913,45-0,240,5,100,50,0
3914,45-0,240,5,100,50,1
3915,45-0,240,5,100,70,0
3916,45-0,240,5,100,70,1
3917,45-0,240,5,100,80,0
3918,45-0,240,5,100,80,1
3919,45-0,240,5,100,100,0
3920,45-0,240,5,100,100,1
3921,45-0,260,0,0,0,0
3922,45-0,260,0,0,0,1
3923,45-0,260,0,0,20,0
3924,45-0,260,0,0,20,1
3925,45-0,260,0,0,30,0
3926,45-0,260,0,0,30,1
3927,45-0,260,0,0,50,0
3928,45-0,260,0,0,50,1
3929,45-0,260,0,0,70,0
3930,45-0,260,0,0,70,1
3931,45-0,260,0,0,80,0
3932,45-0,260,0,0,80,1
3933,45-0,260,0,0,100,0
3934,45-0,260,0,0,100,1
3935,45-0,260,0,20,0,0
3936,45-0,260,0,20,0,1
3937,45-0,260,0,20,20,0
3938,45-0,260,0,20,20,1
3939,45-0,260,0,20,30,0
3940,45-0,260,0,20,30,1
3941,45-0,260,0,20,50,0
3942,45-0,260,0,20,50,1
3943,45-0,260,0,20,70,0
3944,45-0,260,0,20,70,1
3945,45-0,260,0,20,80,0
3946,45-0,260,0,20,80,1
3947,45-0,260,0,20,100,0
3948,45-0,260,0,20,100,1
3949,45-0,260,0,30,0,0
3950,45-0,260,0,30,0,1
3951,45-0,260,0,30,20,0
3952,45-0,260,0,30,20,1
3953,45-0,260,0,30,30,0
3954,45-0,260,0,30,30,1
3955,45-0,260,0,30,50,0
3956,45-0,260,0,30,50,1
3957,45-0,260,0,30,70,0
3958,45-0,260,0,30,70,1
3959,45-0,260,0,30,80,0
3960,45-0,260,0,30,80,1
3961,45-0,260,0,30,100,0
3962,45-0,260,0,30,100,1
3963,45-0,260,0,50,0,0
3964,45-0,260,0,50,0,1
3965,45-0,260,0,50,20,0
3966,45-0,260,0,50,20,1
3967,45-0,260,0,50,30,0
3968,45-0,260,0,50,30,1
3969,45-0,260,0,50,50,0
3970,45-0,260,0,50,50,1
3971,45-0,260,0,50,70,0
3972,45-0,260,0,50,70,1
3973,45-0,260,0,50,80,0
3974,45-0,260,0,50,80,1
3975,45-0,260,0,50,100,0
3976,45-0,260,0,50,100,1
3977,45-0,260,0,70,0,0
3978,45-0,260,0,70,0,1
3979,45-0,260,0,70,20,0
3980,45-0,260,0,70,20,1
3981,45-0,260,0,70,30,0
3982,45-0,260,0,70,30,1
3983,45-0,260,0,70,50,0
3984,45-0,260,0,70,50,1
3985,45-0,260,0,70,70,0
3986,45-0,260,0,70,70,1
3987,45-0,260,0,70,80,0
3988,45-0,260,0,70,80,1
3989,45-0,260,0,70,100,0
3990,45-0,260,0,70,100,1
3991,45-0,260,0,80,0,0
3992,45-0,260,0,80,0,1
3993,45-0,260,0,80,20,0
3994,45-0,260,0,80,20,1
3995,45-0,260,0,80,30,0
3996,45-0,260,0,80,30,1
3997,45-0,260,0,80,50,0
3998,45-0,260,0,80,50,1
3999,45-0,260,0,80,70,0
4000,45-0,260,0,80,70,1
4001,45-0,260,0,80,80,0
4002,45-0,260,0,80,80,1
4003,45-0,260,0,80,100,0
4004,45-0,260,0,80,100,1
4005,45-0,260,0,100,0,0
4006,45-0,260,0,100,0,1
4007,45-0,260,0,100,20,0
4008,45-0,260,0,100,20,1
4009,45-0,260,0,100,30,0
4010,45-0,260,0,100,30,1
4011,45-0,260,0,100,50,0
4012,45-0,260,0,100,50,1
4013,45-0,260,0,100,70,0
4014,45-0,260,0,100,70,1
4015,45-0,260,0,100,80,0
4016,45-0,260,0,100,80,1
4017,45-0,260,0,100,100,0
4018,45-0,260,0,100,100,1
4019,45-0,260,75,0,0,0
4020,45-0,260,75,0,0,1
4021,45-0,260,75,0,20,0
4022,45-0,260,75,0,20,1
4023,45-0,260,75,0,30,0
4024,45-0,260,75,0,30,1
4025,45-0,260,75,0,50,0
4026,45-0,260,75,0,50,1
4027,45-0,260,75,0,70,0
4028,45-0,260,75,0,70,1
4029,45-0,260,75,0,80,0
4030,45-0,260,75,0,80,1
4031,45-0,260,75,0,100,0
4032,45-0,260,75,0,100,1
4033,45-0,260,75,20,0,0
4034,45-0,260,75,20,0,1
4035,45-0,260,75,20,20,0
4036,45-0,260,75,20,20,1
4037,45-0,260,75,20,30,0
4038,45-0,260,75,20,30,1
4039,45-0,260,75,20,50,0
4040,45-0,260,75,20,50,1
4041,45-0,260,75,20,70,0
4042,45-0,260,75,20,70,1
4043,45-0,260,75,20,80,0
4044,45-0,260,75,20,80,1
4045,45-0,260,75,20,100,0
4046,45-0,260,75,20,100,1
4047,45-0,260,75,30,0,0
4048,45-0,260,75,30,0,1
4049,45-0,260,75,30,20,0
4050,45-0,260,75,30,20,1
4051,45-0,260,75,30,30,0
4052,45-0,260,75,30,30,1
4053,45-0,260,75,30,50,0
4054,45-0,260,75,30,50,1
4055,45-0,260,75,30,70,0
4056,45-0,260,75,30,70,1
4057,45-0,260,75,30,80,0
4058,45-0,260,75,30,80,1
4059,45-0,260,75,30,100,0
4060,45-0,260,75,30,100,1
4061,45-0,260,75,50,0,0
4062,45-0,260,75,50,0,1
4063,45-0,260,75,50,20,0
4064,45-0,260,75,50,20,1
4065,45-0,260,75,50,30,0
4066,45-0,260,75,50,30,1
4067,45-0,260,75,50,50,0
4068,45-0,260,75,50,50,1
4069,45-0,260,75,50,70,0
4070,45-0,260,75,50,70,1
4071,45-0,260,75,50,80,0
4072,45-0,260,75,50,80,1
4073,45-0,260,75,50,100,0
4074,45-0,260,75,50,100,1
4075,45-0,260,75,70,0,0
4076,45-0,260,75,70,0,1
4077,45-0,260,75,70,20,0
4078,45-0,260,75,70,20,1
4079,45-0,260,75,70,30,0
4080,45-0,260,75,70,30,1
4081,45-0,260,75,70,50,0
4082,45-0,260,75,70,50,1
4083,45-0,260,75,70,70,0
4084,45-0,260,75,70,70,1
4085,45-0,260,75,70,80,0
4086,45-0,260,75,70,80,1
4087,45-0,260,75,70,100,0
4088,45-0,260,75,70,100,1
4089,45-0,260,75,80,0,0
4090,45-0,260,75,80,0,1
4091,45-0,260,75,80,20,0
4092,45-0,260,75,80,20,1
4093,45-0,260,75,80,30,0
4094,45-0,260,75,80,30,1
4095,45-0,260,75,80,50,0
4096,45-0,260,75,80,50,1
4097,45-0,260,75,80,70,0
4098,45-0,260,75,80,70,1
4099,45-0,260,75,80,80,0
4100,45-0,260,75,80,80,1
4101,45-0,260,75,80,100,0
4102,45-0,260,75,80,100,1
4103,45-0,260,75,100,0,0
4104,45-0,260,75,100,0,1
4105,45-0,260,75,100,20,0
4106,45-0,260,75,100,20,1
4107,45-0,260,75,100,30,0
4108,45-0,260,75,100,30,1
4109,45-0,260,75,100,50,0
4110,45-0,260,75,100,50,1
4111,45-0,260,75,100,70,0
4112,45-0,260,75,100,70,1
4113,45-0,260,75,100,80,0
4114,45-0,260,75,100,80,1
4115,45-0,260,75,100,100,0
4116,45-0,260,75,100,100,1
4117,45-0,260,1,0,0,0
4118,45-0,260,1,0,0,1
4119,45-0,260,1,0,20,0
4120,45-0,260,1,0,20,1
4121,45-0,260,1,0,30,0
4122,45-0,260,1,0,30,1
4123,45-0,260,1,0,50,0
4124,45-0,260,1,0,50,1
4125,45-0,260,1,0,70,0
4126,45-0,260,1,0,70,1
4127,45-0,260,1,0,80,0
4128,45-0,260,1,0,80,1
4129,45-0,260,1,0,100,0
4130,45-0,260,1,0,100,1
4131,45-0,260,1,20,0,0
4132,45-0,260,1,20,0,1
4133,45-0,260,1,20,20,0
4134,45-0,260,1,20,20,1
4135,45-0,260,1,20,30,0
4136,45-0,260,1,20,30,1
4137,45-0,260,1,20,50,0
4138,45-0,260,1,20,50,1
4139,45-0,260,1,20,70,0
4140,45-0,260,1,20,70,1
4141,45-0,260,1,20,80,0
4142,45-0,260,1,20,80,1
4143,45-0,260,1,20,100,0
4144,45-0,260,1,20,100,1
4145,45-0,260,1,30,0,0
4146,45-0,260,1,30,0,1
4147,45-0,260,1,30,20,0
4148,45-0,260,1,30,20,1
4149,45-0,260,1,30,30,0
4150,45-0,260,1,30,30,1
4151,45-0,260,1,30,50,0
4152,45-0,260,1,30,50,1
4153,45-0,260,1,30,70,0
4154,45-0,260,1,30,70,1
4155,45-0,260,1,30,80,0
4156,45-0,260,1,30,80,1
4157,45-0,260,1,30,100,0
4158,45-0,260,1,30,100,1
4159,45-0,260,1,50,0,0
4160,45-0,260,1,50,0,1
4161,45-0,260,1,50,20,0
4162,45-0,260,1,50,20,1
4163,45-0,260,1,50,30,0
4164,45-0,260,1,50,30,1
4165,45-0,260,1,50,50,0
4166,45-0,260,1,50,50,1
4167,45-0,260,1,50,70,0
4168,45-0,260,1,50,70,1
4169,45-0,260,1,50,80,0
4170,45-0,260,1,50,80,1
4171,45-0,260,1,50,100,0
4172,45-0,260,1,50,100,1
4173,45-0,260,1,70,0,0
4174,45-0,260,1,70,0,1
4175,45-0,260,1,70,20,0
4176,45-0,260,1,70,20,1
4177,45-0,260,1,70,30,0
4178,45-0,260,1,70,30,1
4179,45-0,260,1,70,50,0
4180,45-0,260,1,70,50,1
4181,45-0,260,1,70,70,0
4182,45-0,260,1,70,70,1
4183,45-0,260,1,70,80,0
4184,45-0,260,1,70,80,1
4185,45-0,260,1,70,100,0
4186,45-0,260,1,70,100,1
4187,45-0,260,1,80,0,0
4188,45-0,260,1,80,0,1
4189,45-0,260,1,80,20,0
4190,45-0,260,1,80,20,1
4191,45-0,260,1,80,30,0
4192,45-0,260,1,80,30,1
4193,45-0,260,1,80,50,0
4194,45-0,260,1,80,50,1
4195,45-0,260,1,80,70,0
4196,45-0,260,1,80,70,1
4197,45-0,260,1,80,80,0
4198,45-0,260,1,80,80,1
4199,45-0,260,1,80,100,0
4200,45-0,260,1,80,100,1
4201,45-0,260,1,100,0,0
4202,45-0,260,1,100,0,1
4203,45-0,260,1,100,20,0
4204,45-0,260,1,100,20,1
4205,45-0,260,1,100,30,0
4206,45-0,260,1,100,30,1
4207,45-0,260,1,100,50,0
4208,45-0,260,1,100,50,1
4209,45-0,260,1,100,70,0
4210,45-0,260,1,100,70,1
4211,45-0,260,1,100,80,0
4212,45-0,260,1,100,80,1
4213,45-0,260,1,100,100,0
4214,45-0,260,1,100,100,1
4215,45-0,260,1,0,0,0
4216,45-0,260,1,0,0,1
4217,45-0,260,1,0,20,0
4218,45-0,260,1,0,20,1
4219,45-0,260,1,0,30,0
4220,45-0,260,1,0,30,1
4221,45-0,260,1,0,50,0
4222,45-0,260,1,0,50,1
4223,45-0,260,1,0,70,0
4224,45-0,260,1,0,70,1
4225,45-0,260,1,0,80,0
4226,45-0,260,1,0,80,1
4227,45-0,260,1,0,100,0
4228,45-0,260,1,0,100,1
4229,45-0,260,1,20,0,0
4230,45-0,260,1,20,0,1
4231,45-0,260,1,20,20,0
4232,45-0,260,1,20,20,1
4233,45-0,260,1,20,30,0
4234,45-0,260,1,20,30,1
4235,45-0,260,1,20,50,0
4236,45-0,260,1,20,50,1
4237,45-0,260,1,20,70,0
4238,45-0,260,1,20,70,1
4239,45-0,260,1,20,80,0
4240,45-0,260,1,20,80,1
4241,45-0,260,1,20,100,0
4242,45-0,260,1,20,100,1
4243,45-0,260,1,30,0,0
4244,45-0,260,1,30,0,1
4245,45-0,260,1,30,20,0
4246,45-0,260,1,30,20,1
4247,45-0,260,1,30,30,0
4248,45-0,260,1,30,30,1
4249,45-0,260,1,30,50,0
4250,45-0,260,1,30,50,1
4251,45-0,260,1,30,70,0
4252,45-0,260,1,30,70,1
4253,45-0,260,1,30,80,0
4254,45-0,260,1,30,80,1
4255,45-0,260,1,30,100,0
4256,45-0,260,1,30,100,1
4257,45-0,260,1,50,0,0
4258,45-0,260,1,50,0,1
4259,45-0,260,1,50,20,0
4260,45-0,260,1,50,20,1
4261,45-0,260,1,50,30,0
4262,45-0,260,1,50,30,1
4263,45-0,260,1,50,50,0
4264,45-0,260,1,50,50,1
4265,45-0,260,1,50,70,0
4266,45-0,260,1,50,70,1
4267,45-0,260,1,50,80,0
4268,45-0,260,1,50,80,1
4269,45-0,260,1,50,100,0
4270,45-0,260,1,50,100,1
4271,45-0,260,1,70,0,0
4272,45-0,260,1,70,0,1
4273,45-0,260,1,70,20,0
4274,45-0,260,1,70,20,1
4275,45-0,260,1,70,30,0
4276,45-0,260,1,70,30,1
4277,45-0,260,1,70,50,0
4278,45-0,260,1,70,50,1
4279,45-0,260,1,70,70,0
4280,45-0,260,1,70,70,1
4281,45-0,260,1,70,80,0
4282,45-0,260,1,70,80,1
4283,45-0,260,1,70,100,0
4284,45-0,260,1,70,100,1
4285,45-0,260,1,80,0,0
4286,45-0,260,1,80,0,1
4287,45-0,260,1,80,20,0
4288,45-0,260,1,80,20,1
4289,45-0,260,1,80,30,0
4290,45-0,260,1,80,30,1
4291,45-0,260,1,80,50,0
4292,45-0,260,1,80,50,1
4293,45-0,260,1,80,70,0
4294,45-0,260,1,80,70,1
4295,45-0,260,1,80,80,0
4296,45-0,260,1,80,80,1
4297,45-0,260,1,80,100,0
4298,45-0,260,1,80,100,1
4299,45-0,260,1,100,0,0
4300,45-0,260,1,100,0,1
4301,45-0,260,1,100,20,0
4302,45-0,260,1,100,20,1
4303,45-0,260,1,100,30,0
4304,45-0,260,1,100,30,1
4305,45-0,260,1,100,50,0
4306,45-0,260,1,100,50,1
4307,45-0,260,1,100,70,0
4308,45-0,260,1,100,70,1
4309,45-0,260,1,100,80,0
4310,45-0,260,1,100,80,1
4311,45-0,260,1,100,100,0
4312,45-0,260,1,100,100,1
4313,45-0,260,5,0,0,0
4314,45-0,260,5,0,0,1
4315,45-0,260,5,0,20,0
4316,45-0,260,5,0,20,1
4317,45-0,260,5,0,30,0
4318,45-0,260,5,0,30,1
4319,45-0,260,5,0,50,0
4320,45-0,260,5,0,50,1
4321,45-0,260,5,0,70,0
4322,45-0,260,5,0,70,1
4323,45-0,260,5,0,80,0
4324,45-0,260,5,0,80,1
4325,45-0,260,5,0,100,0
4326,45-0,260,5,0,100,1
4327,45-0,260,5,20,0,0
4328,45-0,260,5,20,0,1
4329,45-0,260,5,20,20,0
4330,45-0,260,5,20,20,1
4331,45-0,260,5,20,30,0
4332,45-0,260,5,20,30,1
4333,45-0,260,5,20,50,0
4334,45-0,260,5,20,50,1
4335,45-0,260,5,20,70,0
4336,45-0,260,5,20,70,1
4337,45-0,260,5,20,80,0
4338,45-0,260,5,20,80,1
4339,45-0,260,5,20,100,0
4340,45-0,260,5,20,100,1
4341,45-0,260,5,30,0,0
4342,45-0,260,5,30,0,1
4343,45-0,260,5,30,20,0
4344,45-0,260,5,30,20,1
4345,45-0,260,5,30,30,0
4346,45-0,260,5,30,30,1
4347,45-0,260,5,30,50,0
4348,45-0,260,5,30,50,1
4349,45-0,260,5,30,70,0
4350,45-0,260,5,30,70,1
4351,45-0,260,5,30,80,0
4352,45-0,260,5,30,80,1
4353,45-0,260,5,30,100,0
4354,45-0,260,5,30,100,1
4355,45-0,260,5,50,0,0
4356,45-0,260,5,50,0,1
4357,45-0,260,5,50,20,0
4358,45-0,260,5,50,20,1
4359,45-0,260,5,50,30,0
4360,45-0,260,5,50,30,1
4361,45-0,260,5,50,50,0
4362,45-0,260,5,50,50,1
4363,45-0,260,5,50,70,0
4364,45-0,260,5,50,70,1
4365,45-0,260,5,50,80,0
4366,45-0,260,5,50,80,1
4367,45-0,260,5,50,100,0
4368,45-0,260,5,50,100,1
4369,45-0,260,5,70,0,0
4370,45-0,260,5,70,0,1
4371,45-0,260,5,70,20,0
4372,45-0,260,5,70,20,1
4373,45-0,260,5,70,30,0
4374,45-0,260,5,70,30,1
4375,45-0,260,5,70,50,0
4376,45-0,260,5,70,50,1
4377,45-0,260,5,70,70,0
4378,45-0,260,5,70,70,1
4379,45-0,260,5,70,80,0
4380,45-0,260,5,70,80,1
4381,45-0,260,5,70,100,0
4382,45-0,260,5,70,100,1
4383,45-0,260,5,80,0,0
4384,45-0,260,5,80,0,1
4385,45-0,260,5,80,20,0
4386,45-0,260,5,80,20,1
4387,45-0,260,5,80,30,0
4388,45-0,260,5,80,30,1
4389,45-0,260,5,80,50,0
4390,45-0,260,5,80,50,1
4391,45-0,260,5,80,70,0
4392,45-0,260,5,80,70,1
4393,45-0,260,5,80,80,0
4394,45-0,260,5,80,80,1
4395,45-0,260,5,80,100,0
4396,45-0,260,5,80,100,1
4397,45-0,260,5,100,0,0
4398,45-0,260,5,100,0,1
4399,45-0,260,5,100,20,0
4400,45-0,260,5,100,20,1
4401,45-0,260,5,100,30,0
4402,45-0,260,5,100,30,1
4403,45-0,260,5,100,50,0
4404,45-0,260,5,100,50,1
4405,45-0,260,5,100,70,0
4406,45-0,260,5,100,70,1
4407,45-0,260,5,100,80,0
4408,45-0,260,5,100,80,1
4409,45-0,260,5,100,100,0
4410,45-0,260,5,100,100,1
4411,45-0,280,0,0,0,0
4412,45-0,280,0,0,0,1
4413,45-0,280,0,0,20,0
4414,45-0,280,0,0,20,1
4415,45-0,280,0,0,30,0
4416,45-0,280,0,0,30,1
4417,45-0,280,0,0,50,0
4418,45-0,280,0,0,50,1
4419,45-0,280,0,0,70,0
4420,45-0,280,0,0,70,1
4421,45-0,280,0,0,80,0
4422,45-0,280,0,0,80,1
4423,45-0,280,0,0,100,0
4424,45-0,280,0,0,100,1
4425,45-0,280,0,20,0,0
4426,45-0,280,0,20,0,1
4427,45-0,280,0,20,20,0
4428,45-0,280,0,20,20,1
4429,45-0,280,0,20,30,0
4430,45-0,280,0,20,30,1
4431,45-0,280,0,20,50,0
4432,45-0,280,0,20,50,1
4433,45-0,280,0,20,70,0
4434,45-0,280,0,20,70,1
4435,45-0,280,0,20,80,0
4436,45-0,280,0,20,80,1
4437,45-0,280,0,20,100,0
4438,45-0,280,0,20,100,1
4439,45-0,280,0,30,0,0
4440,45-0,280,0,30,0,1
4441,45-0,280,0,30,20,0
4442,45-0,280,0,30,20,1
4443,45-0,280,0,30,30,0
4444,45-0,280,0,30,30,1
4445,45-0,280,0,30,50,0
4446,45-0,280,0,30,50,1
4447,45-0,280,0,30,70,0
4448,45-0,280,0,30,70,1
4449,45-0,280,0,30,80,0
4450,45-0,280,0,30,80,1
4451,45-0,280,0,30,100,0
4452,45-0,280,0,30,100,1
4453,45-0,280,0,50,0,0
4454,45-0,280,0,50,0,1
4455,45-0,280,0,50,20,0
4456,45-0,280,0,50,20,1
4457,45-0,280,0,50,30,0
4458,45-0,280,0,50,30,1
4459,45-0,280,0,50,50,0
4460,45-0,280,0,50,50,1
4461,45-0,280,0,50,70,0
4462,45-0,280,0,50,70,1
4463,45-0,280,0,50,80,0
4464,45-0,280,0,50,80,1
4465,45-0,280,0,50,100,0
4466,45-0,280,0,50,100,1
4467,45-0,280,0,70,0,0
4468,45-0,280,0,70,0,1
4469,45-0,280,0,70,20,0
4470,45-0,280,0,70,20,1
4471,45-0,280,0,70,30,0
4472,45-0,280,0,70,30,1
4473,45-0,280,0,70,50,0
4474,45-0,280,0,70,50,1
4475,45-0,280,0,70,70,0
4476,45-0,280,0,70,70,1
4477,45-0,280,0,70,80,0
4478,45-0,280,0,70,80,1
4479,45-0,280,0,70,100,0
4480,45-0,280,0,70,100,1
4481,45-0,280,0,80,0,0
4482,45-0,280,0,80,0,1
4483,45-0,280,0,80,20,0
4484,45-0,280,0,80,20,1
4485,45-0,280,0,80,30,0
4486,45-0,280,0,80,30,1
4487,45-0,280,0,80,50,0
4488,45-0,280,0,80,50,1
4489,45-0,280,0,80,70,0
4490,45-0,280,0,80,70,1
4491,45-0,280,0,80,80,0
4492,45-0,280,0,80,80,1
4493,45-0,280,0,80,100,0
4494,45-0,280,0,80,100,1
4495,45-0,280,0,100,0,0
4496,45-0,280,0,100,0,1
4497,45-0,280,0,100,20,0
4498,45-0,280,0,100,20,1
4499,45-0,280,0,100,30,0
4500,45-0,280,0,100,30,1
4501,45-0,280,0,100,50,0
4502,45-0,280,0,100,50,1
4503,45-0,280,0,100,70,0
4504,45-0,280,0,100,70,1
4505,45-0,280,0,100,80,0
4506,45-0,280,0,100,80,1
4507,45-0,280,0,100,100,0
4508,45-0,280,0,100,100,1
4509,45-0,280,75,0,0,0
4510,45-0,280,75,0,0,1
4511,45-0,280,75,0,20,0
4512,45-0,280,75,0,20,1
4513,45-0,280,75,0,30,0
4514,45-0,280,75,0,30,1
4515,45-0,280,75,0,50,0
4516,45-0,280,75,0,50,1
4517,45-0,280,75,0,70,0
4518,45-0,280,75,0,70,1
4519,45-0,280,75,0,80,0
4520,45-0,280,75,0,80,1
4521,45-0,280,75,0,100,0
4522,45-0,280,75,0,100,1
4523,45-0,280,75,20,0,0
4524,45-0,280,75,20,0,1
4525,45-0,280,75,20,20,0
4526,45-0,280,75,20,20,1
4527,45-0,280,75,20,30,0
4528,45-0,280,75,20,30,1
4529,45-0,280,75,20,50,0
4530,45-0,280,75,20,50,1
4531,45-0,280,75,20,70,0
4532,45-0,280,75,20,70,1
4533,45-0,280,75,20,80,0
4534,45-0,280,75,20,80,1
4535,45-0,280,75,20,100,0
4536,45-0,280,75,20,100,1
4537,45-0,280,75,30,0,0
4538,45-0,280,75,30,0,1
4539,45-0,280,75,30,20,0
4540,45-0,280,75,30,20,1
4541,45-0,280,75,30,30,0
4542,45-0,280,75,30,30,1
4543,45-0,280,75,30,50,0
4544,45-0,280,75,30,50,1
4545,45-0,280,75,30,70,0
4546,45-0,280,75,30,70,1
4547,45-0,280,75,30,80,0
4548,45-0,280,75,30,80,1
4549,45-0,280,75,30,100,0
4550,45-0,280,75,30,100,1
4551,45-0,280,75,50,0,0
4552,45-0,280,75,50,0,1
4553,45-0,280,75,50,20,0
4554,45-0,280,75,50,20,1
4555,45-0,280,75,50,30,0
4556,45-0,280,75,50,30,1
4557,45-0,280,75,50,50,0
4558,45-0,280,75,50,50,1
4559,45-0,280,75,50,70,0
4560,45-0,280,75,50,70,1
4561,45-0,280,75,50,80,0
4562,45-0,280,75,50,80,1
4563,45-0,280,75,50,100,0
4564,45-0,280,75,50,100,1
4565,45-0,280,75,70,0,0
4566,45-0,280,75,70,0,1
4567,45-0,280,75,70,20,0
4568,45-0,280,75,70,20,1
4569,45-0,280,75,70,30,0
4570,45-0,280,75,70,30,1
4571,45-0,280,75,70,50,0
4572,45-0,280,75,70,50,1
4573,45-0,280,75,70,70,0
4574,45-0,280,75,70,70,1
4575,45-0,280,75,70,80,0
4576,45-0,280,75,70,80,1
4577,45-0,280,75,70,100,0
4578,45-0,280,75,70,100,1
4579,45-0,280,75,80,0,0
4580,45-0,280,75,80,0,1
4581,45-0,280,75,80,20,0
4582,45-0,280,75,80,20,1
4583,45-0,280,75,80,30,0
4584,45-0,280,75,80,30,1
4585,45-0,280,75,80,50,0
4586,45-0,280,75,80,50,1
4587,45-0,280,75,80,70,0
4588,45-0,280,75,80,70,1
4589,45-0,280,75,80,80,0
4590,45-0,280,75,80,80,1
4591,45-0,280,75,80,100,0
4592,45-0,280,75,80,100,1
4593,45-0,280,75,100,0,0
4594,45-0,280,75,100,0,1
4595,45-0,280,75,100,20,0
4596,45-0,280,75,100,20,1
4597,45-0,280,75,100,30,0
4598,45-0,280,75,100,30,1
4599,45-0,280,75,100,50,0
4600,45-0,280,75,100,50,1
4601,45-0,280,75,100,70,0
4602,45-0,280,75,100,70,1
4603,45-0,280,75,100,80,0
4604,45-0,280,75,100,80,1
4605,45-0,280,75,100,100,0
4606,45-0,280,75,100,100,1
4607,45-0,280,1,0,0,0
4608,45-0,280,1,0,0,1
4609,45-0,280,1,0,20,0
4610,45-0,280,1,0,20,1
4611,45-0,280,1,0,30,0
4612,45-0,280,1,0,30,1
4613,45-0,280,1,0,50,0
4614,45-0,280,1,0,50,1
4615,45-0,280,1,0,70,0
4616,45-0,280,1,0,70,1
4617,45-0,280,1,0,80,0
4618,45-0,280,1,0,80,1
4619,45-0,280,1,0,100,0
4620,45-0,280,1,0,100,1
4621,45-0,280,1,20,0,0
4622,45-0,280,1,20,0,1
4623,45-0,280,1,20,20,0
4624,45-0,280,1,20,20,1
4625,45-0,280,1,20,30,0
4626,45-0,280,1,20,30,1
4627,45-0,280,1,20,50,0
4628,45-0,280,1,20,50,1
4629,45-0,280,1,20,70,0
4630,45-0,280,1,20,70,1
4631,45-0,280,1,20,80,0
4632,45-0,280,1,20,80,1
4633,45-0,280,1,20,100,0
4634,45-0,280,1,20,100,1
4635,45-0,280,1,30,0,0
4636,45-0,280,1,30,0,1
4637,45-0,280,1,30,20,0
4638,45-0,280,1,30,20,1
4639,45-0,280,1,30,30,0
4640,45-0,280,1,30,30,1
4641,45-0,280,1,30,50,0
4642,45-0,280,1,30,50,1
4643,45-0,280,1,30,70,0
4644,45-0,280,1,30,70,1
4645,45-0,280,1,30,80,0
4646,45-0,280,1,30,80,1
4647,45-0,280,1,30,100,0
4648,45-0,280,1,30,100,1
4649,45-0,280,1,50,0,0
4650,45-0,280,1,50,0,1
4651,45-0,280,1,50,20,0
4652,45-0,280,1,50,20,1
4653,45-0,280,1,50,30,0
4654,45-0,280,1,50,30,1
4655,45-0,280,1,50,50,0
4656,45-0,280,1,50,50,1
4657,45-0,280,1,50,70,0
4658,45-0,280,1,50,70,1
4659,45-0,280,1,50,80,0
4660,45-0,280,1,50,80,1
4661,45-0,280,1,50,100,0
4662,45-0,280,1,50,100,1
4663,45-0,280,1,70,0,0
4664,45-0,280,1,70,0,1
4665,45-0,280,1,70,20,0
4666,45-0,280,1,70,20,1
4667,45-0,280,1,70,30,0
4668,45-0,280,1,70,30,1
4669,45-0,280,1,70,50,0
4670,45-0,280,1,70,50,1
4671,45-0,280,1,70,70,0
4672,45-0,280,1,70,70,1
4673,45-0,280,1,70,80,0
4674,45-0,280,1,70,80,1
4675,45-0,280,1,70,100,0
4676,45-0,280,1,70,100,1
4677,45-0,280,1,80,0,0
4678,45-0,280,1,80,0,1
4679,45-0,280,1,80,20,0
4680,45-0,280,1,80,20,1
4681,45-0,280,1,80,30,0
4682,45-0,280,1,80,30,1
4683,45-0,280,1,80,50,0
4684,45-0,280,1,80,50,1
4685,45-0,280,1,80,70,0
4686,45-0,280,1,80,70,1
4687,45-0,280,1,80,80,0
4688,45-0,280,1,80,80,1
4689,45-0,280,1,80,100,0
4690,45-0,280,1,80,100,1
4691,45-0,280,1,100,0,0
4692,45-0,280,1,100,0,1
4693,45-0,280,1,100,20,0
4694,45-0,280,1,100,20,1
4695,45-0,280,1,100,30,0
4696,45-0,280,1,100,30,1
4697,45-0,280,1,100,50,0
4698,45-0,280,1,100,50,1
4699,45-0,280,1,100,70,0
4700,45-0,280,1,100,70,1
4701,45-0,280,1,100,80,0
4702,45-0,280,1,100,80,1
4703,45-0,280,1,100,100,0
4704,45-0,280,1,100,100,1
4705,45-0,280,1,0,0,0
4706,45-0,280,1,0,0,1
4707,45-0,280,1,0,20,0
4708,45-0,280,1,0,20,1
4709,45-0,280,1,0,30,0
4710,45-0,280,1,0,30,1
4711,45-0,280,1,0,50,0
4712,45-0,280,1,0,50,1
4713,45-0,280,1,0,70,0
4714,45-0,280,1,0,70,1
4715,45-0,280,1,0,80,0
4716,45-0,280,1,0,80,1
4717,45-0,280,1,0,100,0
4718,45-0,280,1,0,100,1
4719,45-0,280,1,20,0,0
4720,45-0,280,1,20,0,1
4721,45-0,280,1,20,20,0
4722,45-0,280,1,20,20,1
4723,45-0,280,1,20,30,0
4724,45-0,280,1,20,30,1
4725,45-0,280,1,20,50,0
4726,45-0,280,1,20,50,1
4727,45-0,280,1,20,70,0
4728,45-0,280,1,20,70,1
4729,45-0,280,1,20,80,0
4730,45-0,280,1,20,80,1
4731,45-0,280,1,20,100,0
4732,45-0,280,1,20,100,1
4733,45-0,280,1,30,0,0
4734,45-0,280,1,30,0,1
4735,45-0,280,1,30,20,0
4736,45-0,280,1,30,20,1
4737,45-0,280,1,30,30,0
4738,45-0,280,1,30,30,1
4739,45-0,280,1,30,50,0
4740,45-0,280,1,30,50,1
4741,45-0,280,1,30,70,0
4742,45-0,280,1,30,70,1
4743,45-0,280,1,30,80,0
4744,45-0,280,1,30,80,1
4745,45-0,280,1,30,100,0
4746,45-0,280,1,30,100,1
4747,45-0,280,1,50,0,0
4748,45-0,280,1,50,0,1
4749,45-0,280,1,50,20,0
4750,45-0,280,1,50,20,1
4751,45-0,280,1,50,30,0
4752,45-0,280,1,50,30,1
4753,45-0,280,1,50,50,0
4754,45-0,280,1,50,50,1
4755,45-0,280,1,50,70,0
4756,45-0,280,1,50,70,1
4757,45-0,280,1,50,80,0
4758,45-0,280,1,50,80,1
4759,45-0,280,1,50,100,0
4760,45-0,280,1,50,100,1
4761,45-0,280,1,70,0,0
4762,45-0,280,1,70,0,1
4763,45-0,280,1,70,20,0
4764,45-0,280,1,70,20,1
4765,45-0,280,1,70,30,0
4766,45-0,280,1,70,30,1
4767,45-0,280,1,70,50,0
4768,45-0,280,1,70,50,1
4769,45-0,280,1,70,70,0
4770,45-0,280,1,70,70,1
4771,45-0,280,1,70,80,0
4772,45-0,280,1,70,80,1
4773,45-0,280,1,70,100,0
4774,45-0,280,1,70,100,1
4775,45-0,280,1,80,0,0
4776,45-0,280,1,80,0,1
4777,45-0,280,1,80,20,0
4778,45-0,280,1,80,20,1
4779,45-0,280,1,80,30,0
4780,45-0,280,1,80,30,1
4781,45-0,280,1,80,50,0
4782,45-0,280,1,80,50,1
4783,45-0,280,1,80,70,0
4784,45-0,280,1,80,70,1
4785,45-0,280,1,80,80,0
4786,45-0,280,1,80,80,1
4787,45-0,280,1,80,100,0
4788,45-0,280,1,80,100,1
4789,45-0,280,1,100,0,0
4790,45-0,280,1,100,0,1
4791,45-0,280,1,100,20,0
4792,45-0,280,1,100,20,1
4793,45-0,280,1,100,30,0
4794,45-0,280,1,100,30,1
4795,45-0,280,1,100,50,0
4796,45-0,280,1,100,50,1
4797,45-0,280,1,100,70,0
4798,45-0,280,1,100,70,1
4799,45-0,280,1,100,80,0
4800,45-0,280,1,100,80,1
4801,45-0,280,1,100,100,0
4802,45-0,280,1,100,100,1
4803,45-0,280,5,0,0,0
4804,45-0,280,5,0,0,1
4805,45-0,280,5,0,20,0
4806,45-0,280,5,0,20,1
4807,45-0,280,5,0,30,0
4808,45-0,280,5,0,30,1
4809,45-0,280,5,0,50,0
4810,45-0,280,5,0,50,1
4811,45-0,280,5,0,70,0
4812,45-0,280,5,0,70,1
4813,45-0,280,5,0,80,0
4814,45-0,280,5,0,80,1
4815,45-0,280,5,0,100,0
4816,45-0,280,5,0,100,1
4817,45-0,280,5,20,0,0
4818,45-0,280,5,20,0,1
4819,45-0,280,5,20,20,0
4820,45-0,280,5,20,20,1
4821,45-0,280,5,20,30,0
4822,45-0,280,5,20,30,1
4823,45-0,280,5,20,50,0
4824,45-0,280,5,20,50,1
4825,45-0,280,5,20,70,0
4826,45-0,280,5,20,70,1
4827,45-0,280,5,20,80,0
4828,45-0,280,5,20,80,1
4829,45-0,280,5,20,100,0
4830,45-0,280,5,20,100,1
4831,45-0,280,5,30,0,0
4832,45-0,280,5,30,0,1
4833,45-0,280,5,30,20,0
4834,45-0,280,5,30,20,1
4835,45-0,280,5,30,30,0
4836,45-0,280,5,30,30,1
4837,45-0,280,5,30,50,0
4838,45-0,280,5,30,50,1
4839,45-0,280,5,30,70,0
4840,45-0,280,5,30,70,1
4841,45-0,280,5,30,80,0
4842,45-0,280,5,30,80,1
4843,45-0,280,5,30,100,0
4844,45-0,280,5,30,100,1
4845,45-0,280,5,50,0,0
4846,45-0,280,5,50,0,1
4847,45-0,280,5,50,20,0
4848,45-0,280,5,50,20,1
4849,45-0,280,5,50,30,0
4850,45-0,280,5,50,30,1
4851,45-0,280,5,50,50,0
4852,45-0,280,5,50,50,1
4853,45-0,280,5,50,70,0
4854,45-0,280,5,50,70,1
4855,45-0,280,5,50,80,0
4856,45-0,280,5,50,80,1
4857,45-0,280,5,50,100,0
4858,45-0,280,5,50,100,1
4859,45-0,280,5,70,0,0
4860,45-0,280,5,70,0,1
4861,45-0,280,5,70,20,0
4862,45-0,280,5,70,20,1
4863,45-0,280,5,70,30,0
4864,45-0,280,5,70,30,1
4865,45-0,280,5,70,50,0
4866,45-0,280,5,70,50,1
4867,45-0,280,5,70,70,0
4868,45-0,280,5,70,70,1
4869,45-0,280,5,70,80,0
4870,45-0,280,5,70,80,1
4871,45-0,280,5,70,100,0
4872,45-0,280,5,70,100,1
4873,45-0,280,5,80,0,0
4874,45-0,280,5,80,0,1
4875,45-0,280,5,80,20,0
4876,45-0,280,5,80,20,1
4877,45-0,280,5,80,30,0
4878,45-0,280,5,80,30,1
4879,45-0,280,5,80,50,0
4880,45-0,280,5,80,50,1
4881,45-0,280,5,80,70,0
4882,45-0,280,5,80,70,1
4883,45-0,280,5,80,80,0
4884,45-0,280,5,80,80,1
4885,45-0,280,5,80,100,0
4886,45-0,280,5,80,100,1
4887,45-0,280,5,100,0,0
4888,45-0,280,5,100,0,1
4889,45-0,280,5,100,20,0
4890,45-0,280,5,100,20,1
4891,45-0,280,5,100,30,0
4892,45-0,280,5,100,30,1
4893,45-0,280,5,100,50,0
4894,45-0,280,5,100,50,1
4895,45-0,280,5,100,70,0
4896,45-0,280,5,100,70,1
4897,45-0,280,5,100,80,0
4898,45-0,280,5,100,80,1
4899,45-0,280,5,100,100,0
4900,45-0,280,5,100,100,1
4901,45-0,300,0,0,0,0
4902,45-0,300,0,0,0,1
4903,45-0,300,0,0,20,0
4904,45-0,300,0,0,20,1
4905,45-0,300,0,0,30,0
4906,45-0,300,0,0,30,1
4907,45-0,300,0,0,50,0
4908,45-0,300,0,0,50,1
4909,45-0,300,0,0,70,0
4910,45-0,300,0,0,70,1
4911,45-0,300,0,0,80,0
4912,45-0,300,0,0,80,1
4913,45-0,300,0,0,100,0
4914,45-0,300,0,0,100,1
4915,45-0,300,0,20,0,0
4916,45-0,300,0,20,0,1
4917,45-0,300,0,20,20,0
4918,45-0,300,0,20,20,1
4919,45-0,300,0,20,30,0
4920,45-0,300,0,20,30,1
4921,45-0,300,0,20,50,0
4922,45-0,300,0,20,50,1
4923,45-0,300,0,20,70,0
4924,45-0,300,0,20,70,1
4925,45-0,300,0,20,80,0
4926,45-0,300,0,20,80,1
4927,45-0,300,0,20,100,0
4928,45-0,300,0,20,100,1
4929,45-0,300,0,30,0,0
4930,45-0,300,0,30,0,1
4931,45-0,300,0,30,20,0
4932,45-0,300,0,30,20,1
4933,45-0,300,0,30,30,0
4934,45-0,300,0,30,30,1
4935,45-0,300,0,30,50,0
4936,45-0,300,0,30,50,1
4937,45-0,300,0,30,70,0
4938,45-0,300,0,30,70,1
4939,45-0,300,0,30,80,0
4940,45-0,300,0,30,80,1
4941,45-0,300,0,30,100,0
4942,45-0,300,0,30,100,1
4943,45-0,300,0,50,0,0
4944,45-0,300,0,50,0,1
4945,45-0,300,0,50,20,0
4946,45-0,300,0,50,20,1
4947,45-0,300,0,50,30,0
4948,45-0,300,0,50,30,1
4949,45-0,300,0,50,50,0
4950,45-0,300,0,50,50,1
4951,45-0,300,0,50,70,0
4952,45-0,300,0,50,70,1
4953,45-0,300,0,50,80,0
4954,45-0,300,0,50,80,1
4955,45-0,300,0,50,100,0
4956,45-0,300,0,50,100,1
4957,45-0,300,0,70,0,0
4958,45-0,300,0,70,0,1
4959,45-0,300,0,70,20,0
4960,45-0,300,0,70,20,1
4961,45-0,300,0,70,30,0
4962,45-0,300,0,70,30,1
4963,45-0,300,0,70,50,0
4964,45-0,300,0,70,50,1
4965,45-0,300,0,70,70,0
4966,45-0,300,0,70,70,1
4967,45-0,300,0,70,80,0
4968,45-0,300,0,70,80,1
4969,45-0,300,0,70,100,0
4970,45-0,300,0,70,100,1
4971,45-0,300,0,80,0,0
4972,45-0,300,0,80,0,1
4973,45-0,300,0,80,20,0
4974,45-0,300,0,80,20,1
4975,45-0,300,0,80,30,0
4976,45-0,300,0,80,30,1
4977,45-0,300,0,80,50,0
4978,45-0,300,0,80,50,1
4979,45-0,300,0,80,70,0
4980,45-0,300,0,80,70,1
4981,45-0,300,0,80,80,0
4982,45-0,300,0,80,80,1
4983,45-0,300,0,80,100,0
4984,45-0,300,0,80,100,1
4985,45-0,300,0,100,0,0
4986,45-0,300,0,100,0,1
4987,45-0,300,0,100,20,0
4988,45-0,300,0,100,20,1
4989,45-0,300,0,100,30,0
4990,45-0,300,0,100,30,1
4991,45-0,300,0,100,50,0
4992,45-0,300,0,100,50,1
4993,45-0,300,0,100,70,0
4994,45-0,300,0,100,70,1
4995,45-0,300,0,100,80,0
4996,45-0,300,0,100,80,1
4997,45-0,300,0,100,100,0
4998,45-0,300,0,100,100,1
4999,45-0,300,75,0,0,0
5000,45-0,300,75,0,0,1
5001,45-0,300,75,0,20,0
5002,45-0,300,75,0,20,1
5003,45-0,300,75,0,30,0
5004,45-0,300,75,0,30,1
5005,45-0,300,75,0,50,0
5006,45-0,300,75,0,50,1
5007,45-0,300,75,0,70,0
5008,45-0,300,75,0,70,1
5009,45-0,300,75,0,80,0
5010,45-0,300,75,0,80,1
5011,45-0,300,75,0,100,0
5012,45-0,300,75,0,100,1
5013,45-0,300,75,20,0,0
5014,45-0,300,75,20,0,1
5015,45-0,300,75,20,20,0
5016,45-0,300,75,20,20,1
5017,45-0,300,75,20,30,0
5018,45-0,300,75,20,30,1
5019,45-0,300,75,20,50,0
5020,45-0,300,75,20,50,1
5021,45-0,300,75,20,70,0
5022,45-0,300,75,20,70,1
5023,45-0,300,75,20,80,0
5024,45-0,300,75,20,80,1
5025,45-0,300,75,20,100,0
5026,45-0,300,75,20,100,1
5027,45-0,300,75,30,0,0
5028,45-0,300,75,30,0,1
5029,45-0,300,75,30,20,0
5030,45-0,300,75,30,20,1
5031,45-0,300,75,30,30,0
5032,45-0,300,75,30,30,1
5033,45-0,300,75,30,50,0
5034,45-0,300,75,30,50,1
5035,45-0,300,75,30,70,0
5036,45-0,300,75,30,70,1
5037,45-0,300,75,30,80,0
5038,45-0,300,75,30,80,1
5039,45-0,300,75,30,100,0
5040,45-0,300,75,30,100,1
5041,45-0,300,75,50,0,0
5042,45-0,300,75,50,0,1
5043,45-0,300,75,50,20,0
5044,45-0,300,75,50,20,1
5045,45-0,300,75,50,30,0
5046,45-0,300,75,50,30,1
5047,45-0,300,75,50,50,0
5048,45-0,300,75,50,50,1
5049,45-0,300,75,50,70,0
5050,45-0,300,75,50,70,1
5051,45-0,300,75,50,80,0
5052,45-0,300,75,50,80,1
5053,45-0,300,75,50,100,0
5054,45-0,300,75,50,100,1
5055,45-0,300,75,70,0,0
5056,45-0,300,75,70,0,1
5057,45-0,300,75,70,20,0
5058,45-0,300,75,70,20,1
5059,45-0,300,75,70,30,0
5060,45-0,300,75,70,30,1
5061,45-0,300,75,70,50,0
5062,45-0,300,75,70,50,1
5063,45-0,300,75,70,70,0
5064,45-0,300,75,70,70,1
5065,45-0,300,75,70,80,0
5066,45-0,300,75,70,80,1
5067,45-0,300,75,70,100,0
5068,45-0,300,75,70,100,1
5069,45-0,300,75,80,0,0
5070,45-0,300,75,80,0,1
5071,45-0,300,75,80,20,0
5072,45-0,300,75,80,20,1
5073,45-0,300,75,80,30,0
5074,45-0,300,75,80,30,1
5075,45-0,300,75,80,50,0
5076,45-0,300,75,80,50,1
5077,45-0,300,75,80,70,0
5078,45-0,300,75,80,70,1
5079,45-0,300,75,80,80,0
5080,45-0,300,75,80,80,1
5081,45-0,300,75,80,100,0
5082,45-0,300,75,80,100,1
5083,45-0,300,75,100,0,0
5084,45-0,300,75,100,0,1
5085,45-0,300,75,100,20,0
5086,45-0,300,75,100,20,1
5087,45-0,300,75,100,30,0
5088,45-0,300,75,100,30,1
5089,45-0,300,75,100,50,0
5090,45-0,300,75,100,50,1
5091,45-0,300,75,100,70,0
5092,45-0,300,75,100,70,1
5093,45-0,300,75,100,80,0
5094,45-0,300,75,100,80,1
5095,45-0,300,75,100,100,0
5096,45-0,300,75,100,100,1
5097,45-0,300,1,0,0,0
5098,45-0,300,1,0,0,1
5099,45-0,300,1,0,20,0
5100,45-0,300,1,0,20,1
5101,45-0,300,1,0,30,0
5102,45-0,300,1,0,30,1
5103,45-0,300,1,0,50,0
5104,45-0,300,1,0,50,1
5105,45-0,300,1,0,70,0
5106,45-0,300,1,0,70,1
5107,45-0,300,1,0,80,0
5108,45-0,300,1,0,80,1
5109,45-0,300,1,0,100,0
5110,45-0,300,1,0,100,1
5111,45-0,300,1,20,0,0
5112,45-0,300,1,20,0,1
5113,45-0,300,1,20,20,0
5114,45-0,300,1,20,20,1
5115,45-0,300,1,20,30,0
5116,45-0,300,1,20,30,1
5117,45-0,300,1,20,50,0
5118,45-0,300,1,20,50,1
5119,45-0,300,1,20,70,0
5120,45-0,300,1,20,70,1
5121,45-0,300,1,20,80,0
5122,45-0,300,1,20,80,1
5123,45-0,300,1,20,100,0
5124,45-0,300,1,20,100,1
5125,45-0,300,1,30,0,0
5126,45-0,300,1,30,0,1
5127,45-0,300,1,30,20,0
5128,45-0,300,1,30,20,1
5129,45-0,300,1,30,30,0
5130,45-0,300,1,30,30,1
5131,45-0,300,1,30,50,0
5132,45-0,300,1,30,50,1
5133,45-0,300,1,30,70,0
5134,45-0,300,1,30,70,1
5135,45-0,300,1,30,80,0
5136,45-0,300,1,30,80,1
5137,45-0,300,1,30,100,0
5138,45-0,300,1,30,100,1
5139,45-0,300,1,50,0,0
5140,45-0,300,1,50,0,1
5141,45-0,300,1,50,20,0
5142,45-0,300,1,50,20,1
5143,45-0,300,1,50,30,0
5144,45-0,300,1,50,30,1
5145,45-0,300,1,50,50,0
5146,45-0,300,1,50,50,1
5147,45-0,300,1,50,70,0
5148,45-0,300,1,50,70,1
5149,45-0,300,1,50,80,0
5150,45-0,300,1,50,80,1
5151,45-0,300,1,50,100,0
5152,45-0,300,1,50,100,1
5153,45-0,300,1,70,0,0
5154,45-0,300,1,70,0,1
5155,45-0,300,1,70,20,0
5156,45-0,300,1,70,20,1
5157,45-0,300,1,70,30,0
5158,45-0,300,1,70,30,1
5159,45-0,300,1,70,50,0
5160,45-0,300,1,70,50,1
5161,45-0,300,1,70,70,0
5162,45-0,300,1,70,70,1
5163,45-0,300,1,70,80,0
5164,45-0,300,1,70,80,1
5165,45-0,300,1,70,100,0
5166,45-0,300,1,70,100,1
5167,45-0,300,1,80,0,0
5168,45-0,300,1,80,0,1
5169,45-0,300,1,80,20,0
5170,45-0,300,1,80,20,1
5171,45-0,300,1,80,30,0
5172,45-0,300,1,80,30,1
5173,45-0,300,1,80,50,0
5174,45-0,300,1,80,50,1
5175,45-0,300,1,80,70,0
5176,45-0,300,1,80,70,1
5177,45-0,300,1,80,80,0
5178,45-0,300,1,80,80,1
5179,45-0,300,1,80,100,0
5180,45-0,300,1,80,100,1
5181,45-0,300,1,100,0,0
5182,45-0,300,1,100,0,1
5183,45-0,300,1,100,20,0
5184,45-0,300,1,100,20,1
5185,45-0,300,1,100,30,0
5186,45-0,300,1,100,30,1
5187,45-0,300,1,100,50,0
5188,45-0,300,1,100,50,1
5189,45-0,300,1,100,70,0
5190,45-0,300,1,100,70,1
5191,45-0,300,1,100,80,0
5192,45-0,300,1,100,80,1
5193,45-0,300,1,100,100,0
5194,45-0,300,1,100,100,1
5195,45-0,300,1,0,0,0
5196,45-0,300,1,0,0,1
5197,45-0,300,1,0,20,0
5198,45-0,300,1,0,20,1
5199,45-0,300,1,0,30,0
5200,45-0,300,1,0,30,1
5201,45-0,300,1,0,50,0
5202,45-0,300,1,0,50,1
5203,45-0,300,1,0,70,0
5204,45-0,300,1,0,70,1
5205,45-0,300,1,0,80,0
5206,45-0,300,1,0,80,1
5207,45-0,300,1,0,100,0
5208,45-0,300,1,0,100,1
5209,45-0,300,1,20,0,0
5210,45-0,300,1,20,0,1
5211,45-0,300,1,20,20,0
5212,45-0,300,1,20,20,1
5213,45-0,300,1,20,30,0
5214,45-0,300,1,20,30,1
5215,45-0,300,1,20,50,0
5216,45-0,300,1,20,50,1
5217,45-0,300,1,20,70,0
5218,45-0,300,1,20,70,1
5219,45-0,300,1,20,80,0
5220,45-0,300,1,20,80,1
5221,45-0,300,1,20,100,0
5222,45-0,300,1,20,100,1
5223,45-0,300,1,30,0,0
5224,45-0,300,1,30,0,1
5225,45-0,300,1,30,20,0
5226,45-0,300,1,30,20,1
5227,45-0,300,1,30,30,0
5228,45-0,300,1,30,30,1
5229,45-0,300,1,30,50,0
5230,45-0,300,1,30,50,1
5231,45-0,300,1,30,70,0
5232,45-0,300,1,30,70,1
5233,45-0,300,1,30,80,0
5234,45-0,300,1,30,80,1
5235,45-0,300,1,30,100,0
5236,45-0,300,1,30,100,1
5237,45-0,300,1,50,0,0
5238,45-0,300,1,50,0,1
5239,45-0,300,1,50,20,0
5240,45-0,300,1,50,20,1
5241,45-0,300,1,50,30,0
5242,45-0,300,1,50,30,1
5243,45-0,300,1,50,50,0
5244,45-0,300,1,50,50,1
5245,45-0,300,1,50,70,0
5246,45-0,300,1,50,70,1
5247,45-0,300,1,50,80,0
5248,45-0,300,1,50,80,1
5249,45-0,300,1,50,100,0
5250,45-0,300,1,50,100,1
5251,45-0,300,1,70,0,0
5252,45-0,300,1,70,0,1
5253,45-0,300,1,70,20,0
5254,45-0,300,1,70,20,1
5255,45-0,300,1,70,30,0
5256,45-0,300,1,70,30,1
5257,45-0,300,1,70,50,0
5258,45-0,300,1,70,50,1
5259,45-0,300,1,70,70,0
5260,45-0,300,1,70,70,1
5261,45-0,300,1,70,80,0
5262,45-0,300,1,70,80,1
5263,45-0,300,1,70,100,0
5264,45-0,300,1,70,100,1
5265,45-0,300,1,80,0,0
5266,45-0,300,1,80,0,1
5267,45-0,300,1,80,20,0
5268,45-0,300,1,80,20,1
5269,45-0,300,1,80,30,0
5270,45-0,300,1,80,30,1
5271,45-0,300,1,80,50,0
5272,45-0,300,1,80,50,1
5273,45-0,300,1,80,70,0
5274,45-0,300,1,80,70,1
5275,45-0,300,1,80,80,0
5276,45-0,300,1,80,80,1
5277,45-0,300,1,80,100,0
5278,45-0,300,1,80,100,1
5279,45-0,300,1,100,0,0
5280,45-0,300,1,100,0,1
5281,45-0,300,1,100,20,0
5282,45-0,300,1,100,20,1
5283,45-0,300,1,100,30,0
5284,45-0,300,1,100,30,1
5285,45-0,300,1,100,50,0
5286,45-0,300,1,100,50,1
5287,45-0,300,1,100,70,0
5288,45-0,300,1,100,70,1
5289,45-0,300,1,100,80,0
5290,45-0,300,1,100,80,1
5291,45-0,300,1,100,100,0
5292,45-0,300,1,100,100,1
5293,45-0,300,5,0,0,0
5294,45-0,300,5,0,0,1
5295,45-0,300,5,0,20,0
5296,45-0,300,5,0,20,1
5297,45-0,300,5,0,30,0
5298,45-0,300,5,0,30,1
5299,45-0,300,5,0,50,0
5300,45-0,300,5,0,50,1
5301,45-0,300,5,0,70,0
5302,45-0,300,5,0,70,1
5303,45-0,300,5,0,80,0
5304,45-0,300,5,0,80,1
5305,45-0,300,5,0,100,0
5306,45-0,300,5,0,100,1
5307,45-0,300,5,20,0,0
5308,45-0,300,5,20,0,1
5309,45-0,300,5,20,20,0
5310,45-0,300,5,20,20,1
5311,45-0,300,5,20,30,0
5312,45-0,300,5,20,30,1
5313,45-0,300,5,20,50,0
5314,45-0,300,5,20,50,1
5315,45-0,300,5,20,70,0
5316,45-0,300,5,20,70,1
5317,45-0,300,5,20,80,0
5318,45-0,300,5,20,80,1
5319,45-0,300,5,20,100,0
5320,45-0,300,5,20,100,1
5321,45-0,300,5,30,0,0
5322,45-0,300,5,30,0,1
5323,45-0,300,5,30,20,0
5324,45-0,300,5,30,20,1
5325,45-0,300,5,30,30,0
5326,45-0,300,5,30,30,1
5327,45-0,300,5,30,50,0
5328,45-0,300,5,30,50,1
5329,45-0,300,5,30,70,0
5330,45-0,300,5,30,70,1
5331,45-0,300,5,30,80,0
5332,45-0,300,5,30,80,1
5333,45-0,300,5,30,100,0
5334,45-0,300,5,30,100,1
5335,45-0,300,5,50,0,0
5336,45-0,300,5,50,0,1
5337,45-0,300,5,50,20,0
5338,45-0,300,5,50,20,1
5339,45-0,300,5,50,30,0
5340,45-0,300,5,50,30,1
5341,45-0,300,5,50,50,0
5342,45-0,300,5,50,50,1
5343,45-0,300,5,50,70,0
5344,45-0,300,5,50,70,1
5345,45-0,300,5,50,80,0
5346,45-0,300,5,50,80,1
5347,45-0,300,5,50,100,0
5348,45-0,300,5,50,100,1
5349,45-0,300,5,70,0,0
5350,45-0,300,5,70,0,1
5351,45-0,300,5,70,20,0
5352,45-0,300,5,70,20,1
5353,45-0,300,5,70,30,0
5354,45-0,300,5,70,30,1
5355,45-0,300,5,70,50,0
5356,45-0,300,5,70,50,1
5357,45-0,300,5,70,70,0
5358,45-0,300,5,70,70,1
5359,45-0,300,5,70,80,0
5360,45-0,300,5,70,80,1
5361,45-0,300,5,70,100,0
5362,45-0,300,5,70,100,1
5363,45-0,300,5,80,0,0
5364,45-0,300,5,80,0,1
5365,45-0,300,5,80,20,0
5366,45-0,300,5,80,20,1
5367,45-0,300,5,80,30,0
5368,45-0,300,5,80,30,1
5369,45-0,300,5,80,50,0
5370,45-0,300,5,80,50,1
5371,45-0,300,5,80,70,0
5372,45-0,300,5,80,70,1
5373,45-0,300,5,80,80,0
5374,45-0,300,5,80,80,1
5375,45-0,300,5,80,100,0
5376,45-0,300,5,80,100,1
5377,45-0,300,5,100,0,0
5378,45-0,300,5,100,0,1
5379,45-0,300,5,100,20,0
5380,45-0,300,5,100,20,1
5381,45-0,300,5,100,30,0
5382,45-0,300,5,100,30,1
5383,45-0,300,5,100,50,0
5384,45-0,300,5,100,50,1
5385,45-0,300,5,100,70,0
5386,45-0,300,5,100,70,1
5387,45-0,300,5,100,80,0
5388,45-0,300,5,100,80,1
5389,45-0,300,5,100,100,0
5390,45-0,300,5,100,100,1
5391,45-0,320,0,0,0,0
5392,45-0,320,0,0,0,1
5393,45-0,320,0,0,20,0
5394,45-0,320,0,0,20,1
5395,45-0,320,0,0,30,0
5396,45-0,320,0,0,30,1
5397,45-0,320,0,0,50,0
5398,45-0,320,0,0,50,1
5399,45-0,320,0,0,70,0
5400,45-0,320,0,0,70,1
5401,45-0,320,0,0,80,0
5402,45-0,320,0,0,80,1
5403,45-0,320,0,0,100,0
5404,45-0,320,0,0,100,1
5405,45-0,320,0,20,0,0
5406,45-0,320,0,20,0,1
5407,45-0,320,0,20,20,0
5408,45-0,320,0,20,20,1
5409,45-0,320,0,20,30,0
5410,45-0,320,0,20,30,1
5411,45-0,320,0,20,50,0
5412,45-0,320,0,20,50,1
5413,45-0,320,0,20,70,0
5414,45-0,320,0,20,70,1
5415,45-0,320,0,20,80,0
5416,45-0,320,0,20,80,1
5417,45-0,320,0,20,100,0
5418,45-0,320,0,20,100,1
5419,45-0,320,0,30,0,0
5420,45-0,320,0,30,0,1
5421,45-0,320,0,30,20,0
5422,45-0,320,0,30,20,1
5423,45-0,320,0,30,30,0
5424,45-0,320,0,30,30,1
5425,45-0,320,0,30,50,0
5426,45-0,320,0,30,50,1
5427,45-0,320,0,30,70,0
5428,45-0,320,0,30,70,1
5429,45-0,320,0,30,80,0
5430,45-0,320,0,30,80,1
5431,45-0,320,0,30,100,0
5432,45-0,320,0,30,100,1
5433,45-0,320,0,50,0,0
5434,45-0,320,0,50,0,1
5435,45-0,320,0,50,20,0
5436,45-0,320,0,50,20,1
5437,45-0,320,0,50,30,0
5438,45-0,320,0,50,30,1
5439,45-0,320,0,50,50,0
5440,45-0,320,0,50,50,1
5441,45-0,320,0,50,70,0
5442,45-0,320,0,50,70,1
5443,45-0,320,0,50,80,0
5444,45-0,320,0,50,80,1
5445,45-0,320,0,50,100,0
5446,45-0,320,0,50,100,1
5447,45-0,320,0,70,0,0
5448,45-0,320,0,70,0,1
5449,45-0,320,0,70,20,0
5450,45-0,320,0,70,20,1
5451,45-0,320,0,70,30,0
5452,45-0,320,0,70,30,1
5453,45-0,320,0,70,50,0
5454,45-0,320,0,70,50,1
5455,45-0,320,0,70,70,0
5456,45-0,320,0,70,70,1
5457,45-0,320,0,70,80,0
5458,45-0,320,0,70,80,1
5459,45-0,320,0,70,100,0
5460,45-0,320,0,70,100,1
5461,45-0,320,0,80,0,0
5462,45-0,320,0,80,0,1
5463,45-0,320,0,80,20,0
5464,45-0,320,0,80,20,1
5465,45-0,320,0,80,30,0
5466,45-0,320,0,80,30,1
5467,45-0,320,0,80,50,0
5468,45-0,320,0,80,50,1
5469,45-0,320,0,80,70,0
5470,45-0,320,0,80,70,1
5471,45-0,320,0,80,80,0
5472,45-0,320,0,80,80,1
5473,45-0,320,0,80,100,0
5474,45-0,320,0,80,100,1
5475,45-0,320,0,100,0,0
5476,45-0,320,0,100,0,1
5477,45-0,320,0,100,20,0
5478,45-0,320,0,100,20,1
5479,45-0,320,0,100,30,0
5480,45-0,320,0,100,30,1
5481,45-0,320,0,100,50,0
5482,45-0,320,0,100,50,1
5483,45-0,320,0,100,70,0
5484,45-0,320,0,100,70,1
5485,45-0,320,0,100,80,0
5486,45-0,320,0,100,80,1
5487,45-0,320,0,100,100,0
5488,45-0,320,0,100,100,1
5489,45-0,320,75,0,0,0
5490,45-0,320,75,0,0,1
5491,45-0,320,75,0,20,0
5492,45-0,320,75,0,20,1
5493,45-0,320,75,0,30,0
5494,45-0,320,75,0,30,1
5495,45-0,320,75,0,50,0
5496,45-0,320,75,0,50,1
5497,45-0,320,75,0,70,0
5498,45-0,320,75,0,70,1
5499,45-0,320,75,0,80,0
5500,45-0,320,75,0,80,1
5501,45-0,320,75,0,100,0
5502,45-0,320,75,0,100,1
5503,45-0,320,75,20,0,0
5504,45-0,320,75,20,0,1
5505,45-0,320,75,20,20,0
5506,45-0,320,75,20,20,1
5507,45-0,320,75,20,30,0
5508,45-0,320,75,20,30,1
5509,45-0,320,75,20,50,0
5510,45-0,320,75,20,50,1
5511,45-0,320,75,20,70,0
5512,45-0,320,75,20,70,1
5513,45-0,320,75,20,80,0
5514,45-0,320,75,20,80,1
5515,45-0,320,75,20,100,0
5516,45-0,320,75,20,100,1
5517,45-0,320,75,30,0,0
5518,45-0,320,75,30,0,1
5519,45-0,320,75,30,20,0
5520,45-0,320,75,30,20,1
5521,45-0,320,75,30,30,0
5522,45-0,320,75,30,30,1
5523,45-0,320,75,30,50,0
5524,45-0,320,75,30,50,1
5525,45-0,320,75,30,70,0
5526,45-0,320,75,30,70,1
5527,45-0,320,75,30,80,0
5528,45-0,320,75,30,80,1
5529,45-0,320,75,30,100,0
5530,45-0,320,75,30,100,1
5531,45-0,320,75,50,0,0
5532,45-0,320,75,50,0,1
5533,45-0,320,75,50,20,0
5534,45-0,320,75,50,20,1
5535,45-0,320,75,50,30,0
5536,45-0,320,75,50,30,1
5537,45-0,320,75,50,50,0
5538,45-0,320,75,50,50,1
5539,45-0,320,75,50,70,0
5540,45-0,320,75,50,70,1
5541,45-0,320,75,50,80,0
5542,45-0,320,75,50,80,1
5543,45-0,320,75,50,100,0
5544,45-0,320,75,50,100,1
5545,45-0,320,75,70,0,0
5546,45-0,320,75,70,0,1
5547,45-0,320,75,70,20,0
5548,45-0,320,75,70,20,1
5549,45-0,320,75,70,30,0
5550,45-0,320,75,70,30,1
5551,45-0,320,75,70,50,0
5552,45-0,320,75,70,50,1
5553,45-0,320,75,70,70,0
5554,45-0,320,75,70,70,1
5555,45-0,320,75,70,80,0
5556,45-0,320,75,70,80,1
5557,45-0,320,75,70,100,0
5558,45-0,320,75,70,100,1
5559,45-0,320,75,80,0,0
5560,45-0,320,75,80,0,1
5561,45-0,320,75,80,20,0
5562,45-0,320,75,80,20,1
5563,45-0,320,75,80,30,0
5564,45-0,320,75,80,30,1
5565,45-0,320,75,80,50,0
5566,45-0,320,75,80,50,1
5567,45-0,320,75,80,70,0
5568,45-0,320,75,80,70,1
5569,45-0,320,75,80,80,0
5570,45-0,320,75,80,80,1
5571,45-0,320,75,80,100,0
5572,45-0,320,75,80,100,1
5573,45-0,320,75,100,0,0
5574,45-0,320,75,100,0,1
5575,45-0,320,75,100,20,0
5576,45-0,320,75,100,20,1
5577,45-0,320,75,100,30,0
5578,45-0,320,75,100,30,1
5579,45-0,320,75,100,50,0
5580,45-0,320,75,100,50,1
5581,45-0,320,75,100,70,0
5582,45-0,320,75,100,70,1
5583,45-0,320,75,100,80,0
5584,45-0,320,75,100,80,1
5585,45-0,320,75,100,100,0
5586,45-0,320,75,100,100,1
5587,45-0,320,1,0,0,0
5588,45-0,320,1,0,0,1
5589,45-0,320,1,0,20,0
5590,45-0,320,1,0,20,1
5591,45-0,320,1,0,30,0
5592,45-0,320,1,0,30,1
5593,45-0,320,1,0,50,0
5594,45-0,320,1,0,50,1
5595,45-0,320,1,0,70,0
5596,45-0,320,1,0,70,1
5597,45-0,320,1,0,80,0
5598,45-0,320,1,0,80,1
5599,45-0,320,1,0,100,0
5600,45-0,320,1,0,100,1
5601,45-0,320,1,20,0,0
5602,45-0,320,1,20,0,1
5603,45-0,320,1,20,20,0
5604,45-0,320,1,20,20,1
5605,45-0,320,1,20,30,0
5606,45-0,320,1,20,30,1
5607,45-0,320,1,20,50,0
5608,45-0,320,1,20,50,1
5609,45-0,320,1,20,70,0
5610,45-0,320,1,20,70,1
5611,45-0,320,1,20,80,0
5612,45-0,320,1,20,80,1
5613,45-0,320,1,20,100,0
5614,45-0,320,1,20,100,1
5615,45-0,320,1,30,0,0
5616,45-0,320,1,30,0,1
5617,45-0,320,1,30,20,0
5618,45-0,320,1,30,20,1
5619,45-0,320,1,30,30,0
5620,45-0,320,1,30,30,1
5621,45-0,320,1,30,50,0
5622,45-0,320,1,30,50,1
5623,45-0,320,1,30,70,0
5624,45-0,320,1,30,70,1
5625,45-0,320,1,30,80,0
5626,45-0,320,1,30,80,1
5627,45-0,320,1,30,100,0
5628,45-0,320,1,30,100,1
5629,45-0,320,1,50,0,0
5630,45-0,320,1,50,0,1
5631,45-0,320,1,50,20,0
5632,45-0,320,1,50,20,1
5633,45-0,320,1,50,30,0
5634,45-0,320,1,50,30,1
5635,45-0,320,1,50,50,0
5636,45-0,320,1,50,50,1
5637,45-0,320,1,50,70,0
5638,45-0,320,1,50,70,1
5639,45-0,320,1,50,80,0
5640,45-0,320,1,50,80,1
5641,45-0,320,1,50,100,0
5642,45-0,320,1,50,100,1
5643,45-0,320,1,70,0,0
5644,45-0,320,1,70,0,1
5645,45-0,320,1,70,20,0
5646,45-0,320,1,70,20,1
5647,45-0,320,1,70,30,0
5648,45-0,320,1,70,30,1
5649,45-0,320,1,70,50,0
5650,45-0,320,1,70,50,1
5651,45-0,320,1,70,70,0
5652,45-0,320,1,70,70,1
5653,45-0,320,1,70,80,0
5654,45-0,320,1,70,80,1
5655,45-0,320,1,70,100,0
5656,45-0,320,1,70,100,1
5657,45-0,320,1,80,0,0
5658,45-0,320,1,80,0,1
5659,45-0,320,1,80,20,0
5660,45-0,320,1,80,20,1
5661,45-0,320,1,80,30,0
5662,45-0,320,1,80,30,1
5663,45-0,320,1,80,50,0
5664,45-0,320,1,80,50,1
5665,45-0,320,1,80,70,0
5666,45-0,320,1,80,70,1
5667,45-0,320,1,80,80,0
5668,45-0,320,1,80,80,1
5669,45-0,320,1,80,100,0
5670,45-0,320,1,80,100,1
5671,45-0,320,1,100,0,0
5672,45-0,320,1,100,0,1
5673,45-0,320,1,100,20,0
5674,45-0,320,1,100,20,1
5675,45-0,320,1,100,30,0
5676,45-0,320,1,100,30,1
5677,45-0,320,1,100,50,0
5678,45-0,320,1,100,50,1
5679,45-0,320,1,100,70,0
5680,45-0,320,1,100,70,1
5681,45-0,320,1,100,80,0
5682,45-0,320,1,100,80,1
5683,45-0,320,1,100,100,0
5684,45-0,320,1,100,100,1
5685,45-0,320,1,0,0,0
5686,45-0,320,1,0,0,1
5687,45-0,320,1,0,20,0
5688,45-0,320,1,0,20,1
5689,45-0,320,1,0,30,0
5690,45-0,320,1,0,30,1
5691,45-0,320,1,0,50,0
5692,45-0,320,1,0,50,1
5693,45-0,320,1,0,70,0
5694,45-0,320,1,0,70,1
5695,45-0,320,1,0,80,0
5696,45-0,320,1,0,80,1
5697,45-0,320,1,0,100,0
5698,45-0,320,1,0,100,1
5699,45-0,320,1,20,0,0
5700,45-0,320,1,20,0,1
5701,45-0,320,1,20,20,0
5702,45-0,320,1,20,20,1
5703,45-0,320,1,20,30,0
5704,45-0,320,1,20,30,1
5705,45-0,320,1,20,50,0
5706,45-0,320,1,20,50,1
5707,45-0,320,1,20,70,0
5708,45-0,320,1,20,70,1
5709,45-0,320,1,20,80,0
5710,45-0,320,1,20,80,1
5711,45-0,320,1,20,100,0
5712,45-0,320,1,20,100,1
5713,45-0,320,1,30,0,0
5714,45-0,320,1,30,0,1
5715,45-0,320,1,30,20,0
5716,45-0,320,1,30,20,1
5717,45-0,320,1,30,30,0
5718,45-0,320,1,30,30,1
5719,45-0,320,1,30,50,0
5720,45-0,320,1,30,50,1
5721,45-0,320,1,30,70,0
5722,45-0,320,1,30,70,1
5723,45-0,320,1,30,80,0
5724,45-0,320,1,30,80,1
5725,45-0,320,1,30,100,0
5726,45-0,320,1,30,100,1
5727,45-0,320,1,50,0,0
5728,45-0,320,1,50,0,1
5729,45-0,320,1,50,20,0
5730,45-0,320,1,50,20,1
5731,45-0,320,1,50,30,0
5732,45-0,320,1,50,30,1
5733,45-0,320,1,50,50,0
5734,45-0,320,1,50,50,1
5735,45-0,320,1,50,70,0
5736,45-0,320,1,50,70,1
5737,45-0,320,1,50,80,0
5738,45-0,320,1,50,80,1
5739,45-0,320,1,50,100,0
5740,45-0,320,1,50,100,1
5741,45-0,320,1,70,0,0
5742,45-0,320,1,70,0,1
5743,45-0,320,1,70,20,0
5744,45-0,320,1,70,20,1
5745,45-0,320,1,70,30,0
5746,45-0,320,1,70,30,1
5747,45-0,320,1,70,50,0
5748,45-0,320,1,70,50,1
5749,45-0,320,1,70,70,0
5750,45-0,320,1,70,70,1
5751,45-0,320,1,70,80,0
5752,45-0,320,1,70,80,1
5753,45-0,320,1,70,100,0
5754,45-0,320,1,70,100,1
5755,45-0,320,1,80,0,0
5756,45-0,320,1,80,0,1
5757,45-0,320,1,80,20,0
5758,45-0,320,1,80,20,1
5759,45-0,320,1,80,30,0
5760,45-0,320,1,80,30,1
5761,45-0,320,1,80,50,0
5762,45-0,320,1,80,50,1
5763,45-0,320,1,80,70,0
5764,45-0,320,1,80,70,1
5765,45-0,320,1,80,80,0
5766,45-0,320,1,80,80,1
5767,45-0,320,1,80,100,0
5768,45-0,320,1,80,100,1
5769,45-0,320,1,100,0,0
5770,45-0,320,1,100,0,1
5771,45-0,320,1,100,20,0
5772,45-0,320,1,100,20,1
5773,45-0,320,1,100,30,0
5774,45-0,320,1,100,30,1
5775,45-0,320,1,100,50,0
5776,45-0,320,1,100,50,1
5777,45-0,320,1,100,70,0
5778,45-0,320,1,100,70,1
5779,45-0,320,1,100,80,0
5780,45-0,320,1,100,80,1
5781,45-0,320,1,100,100,0
5782,45-0,320,1,100,100,1
5783,45-0,320,5,0,0,0
5784,45-0,320,5,0,0,1
5785,45-0,320,5,0,20,0
5786,45-0,320,5,0,20,1
5787,45-0,320,5,0,30,0
5788,45-0,320,5,0,30,1
5789,45-0,320,5,0,50,0
5790,45-0,320,5,0,50,1
5791,45-0,320,5,0,70,0
5792,45-0,320,5,0,70,1
5793,45-0,320,5,0,80,0
5794,45-0,320,5,0,80,1
5795,45-0,320,5,0,100,0
5796,45-0,320,5,0,100,1
5797,45-0,320,5,20,0,0
5798,45-0,320,5,20,0,1
5799,45-0,320,5,20,20,0
5800,45-0,320,5,20,20,1
5801,45-0,320,5,20,30,0
5802,45-0,320,5,20,30,1
5803,45-0,320,5,20,50,0
5804,45-0,320,5,20,50,1
5805,45-0,320,5,20,70,0
5806,45-0,320,5,20,70,1
5807,45-0,320,5,20,80,0
5808,45-0,320,5,20,80,1
5809,45-0,320,5,20,100,0
5810,45-0,320,5,20,100,1
5811,45-0,320,5,30,0,0
5812,45-0,320,5,30,0,1
5813,45-0,320,5,30,20,0
5814,45-0,320,5,30,20,1
5815,45-0,320,5,30,30,0
5816,45-0,320,5,30,30,1
5817,45-0,320,5,30,50,0
5818,45-0,320,5,30,50,1
5819,45-0,320,5,30,70,0
5820,45-0,320,5,30,70,1
5821,45-0,320,5,30,80,0
5822,45-0,320,5,30,80,1
5823,45-0,320,5,30,100,0
5824,45-0,320,5,30,100,1
5825,45-0,320,5,50,0,0
5826,45-0,320,5,50,0,1
5827,45-0,320,5,50,20,0
5828,45-0,320,5,50,20,1
5829,45-0,320,5,50,30,0
5830,45-0,320,5,50,30,1
5831,45-0,320,5,50,50,0
5832,45-0,320,5,50,50,1
5833,45-0,320,5,50,70,0
5834,45-0,320,5,50,70,1
5835,45-0,320,5,50,80,0
5836,45-0,320,5,50,80,1
5837,45-0,320,5,50,100,0
5838,45-0,320,5,50,100,1
5839,45-0,320,5,70,0,0
5840,45-0,320,5,70,0,1
5841,45-0,320,5,70,20,0
5842,45-0,320,5,70,20,1
5843,45-0,320,5,70,30,0
5844,45-0,320,5,70,30,1
5845,45-0,320,5,70,50,0
5846,45-0,320,5,70,50,1
5847,45-0,320,5,70,70,0
5848,45-0,320,5,70,70,1
5849,45-0,320,5,70,80,0
5850,45-0,320,5,70,80,1
5851,45-0,320,5,70,100,0
5852,45-0,320,5,70,100,1
5853,45-0,320,5,80,0,0
5854,45-0,320,5,80,0,1
5855,45-0,320,5,80,20,0
5856,45-0,320,5,80,20,1
5857,45-0,320,5,80,30,0
5858,45-0,320,5,80,30,1
5859,45-0,320,5,80,50,0
5860,45-0,320,5,80,50,1
5861,45-0,320,5,80,70,0
5862,45-0,320,5,80,70,1
5863,45-0,320,5,80,80,0
5864,45-0,320,5,80,80,1
5865,45-0,320,5,80,100,0
5866,45-0,320,5,80,100,1
5867,45-0,320,5,100,0,0
5868,45-0,320,5,100,0,1
5869,45-0,320,5,100,20,0
5870,45-0,320,5,100,20,1
5871,45-0,320,5,100,30,0
5872,45-0,320,5,100,30,1
5873,45-0,320,5,100,50,0
5874,45-0,320,5,100,50,1
5875,45-0,320,5,100,70,0
5876,45-0,320,5,100,70,1
5877,45-0,320,5,100,80,0
5878,45-0,320,5,100,80,1
5879,45-0,320,5,100,100,0
5880,45-0,320,5,100,100,1
5881,5-0,220,0,0,0,0
5882,5-0,220,0,0,0,1
5883,5-0,220,0,0,20,0
5884,5-0,220,0,0,20,1
5885,5-0,220,0,0,30,0
5886,5-0,220,0,0,30,1
5887,5-0,220,0,0,50,0
5888,5-0,220,0,0,50,1
5889,5-0,220,0,0,70,0
5890,5-0,220,0,0,70,1
5891,5-0,220,0,0,80,0
5892,5-0,220,0,0,80,1
5893,5-0,220,0,0,100,0
5894,5-0,220,0,0,100,1
5895,5-0,220,0,20,0,0
5896,5-0,220,0,20,0,1
5897,5-0,220,0,20,20,0
5898,5-0,220,0,20,20,1
5899,5-0,220,0,20,30,0
5900,5-0,220,0,20,30,1
5901,5-0,220,0,20,50,0
5902,5-0,220,0,20,50,1
5903,5-0,220,0,20,70,0
5904,5-0,220,0,20,70,1
5905,5-0,220,0,20,80,0
5906,5-0,220,0,20,80,1
5907,5-0,220,0,20,100,0
5908,5-0,220,0,20,100,1
5909,5-0,220,0,30,0,0
5910,5-0,220,0,30,0,1
5911,5-0,220,0,30,20,0
5912,5-0,220,0,30,20,1
5913,5-0,220,0,30,30,0
5914,5-0,220,0,30,30,1
5915,5-0,220,0,30,50,0
5916,5-0,220,0,30,50,1
5917,5-0,220,0,30,70,0
5918,5-0,220,0,30,70,1
5919,5-0,220,0,30,80,0
5920,5-0,220,0,30,80,1
5921,5-0,220,0,30,100,0
5922,5-0,220,0,30,100,1
5923,5-0,220,0,50,0,0
5924,5-0,220,0,50,0,1
5925,5-0,220,0,50,20,0
5926,5-0,220,0,50,20,1
5927,5-0,220,0,50,30,0
5928,5-0,220,0,50,30,1
5929,5-0,220,0,50,50,0
5930,5-0,220,0,50,50,1
5931,5-0,220,0,50,70,0
5932,5-0,220,0,50,70,1
5933,5-0,220,0,50,80,0
5934,5-0,220,0,50,80,1
5935,5-0,220,0,50,100,0
5936,5-0,220,0,50,100,1
5937,5-0,220,0,70,0,0
5938,5-0,220,0,70,0,1
5939,5-0,220,0,70,20,0
5940,5-0,220,0,70,20,1
5941,5-0,220,0,70,30,0
5942,5-0,220,0,70,30,1
5943,5-0,220,0,70,50,0
5944,5-0,220,0,70,50,1
5945,5-0,220,0,70,70,0
5946,5-0,220,0,70,70,1
5947,5-0,220,0,70,80,0
5948,5-0,220,0,70,80,1
5949,5-0,220,0,70,100,0
5950,5-0,220,0,70,100,1
5951,5-0,220,0,80,0,0
5952,5-0,220,0,80,0,1
5953,5-0,220,0,80,20,0
5954,5-0,220,0,80,20,1
5955,5-0,220,0,80,30,0
5956,5-0,220,0,80,30,1
5957,5-0,220,0,80,50,0
5958,5-0,220,0,80,50,1
5959,5-0,220,0,80,70,0
5960,5-0,220,0,80,70,1
5961,5-0,220,0,80,80,0
5962,5-0,220,0,80,80,1
5963,5-0,220,0,80,100,0
5964,5-0,220,0,80,100,1
5965,5-0,220,0,100,0,0
5966,5-0,220,0,100,0,1
5967,5-0,220,0,100,20,0
5968,5-0,220,0,100,20,1
5969,5-0,220,0,100,30,0
5970,5-0,220,0,100,30,1
5971,5-0,220,0,100,50,0
5972,5-0,220,0,100,50,1
5973,5-0,220,0,100,70,0
5974,5-0,220,0,100,70,1
5975,5-0,220,0,100,80,0
5976,5-0,220,0,100,80,1
5977,5-0,220,0,100,100,0
5978,5-0,220,0,100,100,1
5979,5-0,220,75,0,0,0
5980,5-0,220,75,0,0,1
5981,5-0,220,75,0,20,0
5982,5-0,220,75,0,20,1
5983,5-0,220,75,0,30,0
5984,5-0,220,75,0,30,1
5985,5-0,220,75,0,50,0
5986,5-0,220,75,0,50,1
5987,5-0,220,75,0,70,0
5988,5-0,220,75,0,70,1
5989,5-0,220,75,0,80,0
5990,5-0,220,75,0,80,1
5991,5-0,220,75,0,100,0
5992,5-0,220,75,0,100,1
5993,5-0,220,75,20,0,0
5994,5-0,220,75,20,0,1
5995,5-0,220,75,20,20,0
5996,5-0,220,75,20,20,1
5997,5-0,220,75,20,30,0
5998,5-0,220,75,20,30,1
5999,5-0,220,75,20,50,0
6000,5-0,220,75,20,50,1
6001,5-0,220,75,20,70,0
6002,5-0,220,75,20,70,1
6003,5-0,220,75,20,80,0
6004,5-0,220,75,20,80,1
6005,5-0,220,75,20,100,0
6006,5-0,220,75,20,100,1
6007,5-0,220,75,30,0,0
6008,5-0,220,75,30,0,1
6009,5-0,220,75,30,20,0
6010,5-0,220,75,30,20,1
6011,5-0,220,75,30,30,0
6012,5-0,220,75,30,30,1
6013,5-0,220,75,30,50,0
6014,5-0,220,75,30,50,1
6015,5-0,220,75,30,70,0
6016,5-0,220,75,30,70,1
6017,5-0,220,75,30,80,0
6018,5-0,220,75,30,80,1
6019,5-0,220,75,30,100,0
6020,5-0,220,75,30,100,1
6021,5-0,220,75,50,0,0
6022,5-0,220,75,50,0,1
6023,5-0,220,75,50,20,0
6024,5-0,220,75,50,20,1
6025,5-0,220,75,50,30,0
6026,5-0,220,75,50,30,1
6027,5-0,220,75,50,50,0
6028,5-0,220,75,50,50,1
6029,5-0,220,75,50,70,0
6030,5-0,220,75,50,70,1
6031,5-0,220,75,50,80,0
6032,5-0,220,75,50,80,1
6033,5-0,220,75,50,100,0
6034,5-0,220,75,50,100,1
6035,5-0,220,75,70,0,0
6036,5-0,220,75,70,0,1
6037,5-0,220,75,70,20,0
6038,5-0,220,75,70,20,1
6039,5-0,220,75,70,30,0
6040,5-0,220,75,70,30,1
6041,5-0,220,75,70,50,0
6042,5-0,220,75,70,50,1
6043,5-0,220,75,70,70,0
6044,5-0,220,75,70,70,1
6045,5-0,220,75,70,80,0
6046,5-0,220,75,70,80,1
6047,5-0,220,75,70,100,0
6048,5-0,220,75,70,100,1
6049,5-0,220,75,80,0,0
6050,5-0,220,75,80,0,1
6051,5-0,220,75,80,20,0
6052,5-0,220,75,80,20,1
6053,5-0,220,75,80,30,0
6054,5-0,220,75,80,30,1
6055,5-0,220,75,80,50,0
6056,5-0,220,75,80,50,1
6057,5-0,220,75,80,70,0
6058,5-0,220,75,80,70,1
6059,5-0,220,75,80,80,0
6060,5-0,220,75,80,80,1
6061,5-0,220,75,80,100,0
6062,5-0,220,75,80,100,1
6063,5-0,220,75,100,0,0
6064,5-0,220,75,100,0,1
6065,5-0,220,75,100,20,0
6066,5-0,220,75,100,20,1
6067,5-0,220,75,100,30,0
6068,5-0,220,75,100,30,1
6069,5-0,220,75,100,50,0
6070,5-0,220,75,100,50,1
6071,5-0,220,75,100,70,0
6072,5-0,220,75,100,70,1
6073,5-0,220,75,100,80,0
6074,5-0,220,75,100,80,1
6075,5-0,220,75,100,100,0
6076,5-0,220,75,100,100,1
6077,5-0,220,1,0,0,0
6078,5-0,220,1,0,0,1
6079,5-0,220,1,0,20,0
6080,5-0,220,1,0,20,1
6081,5-0,220,1,0,30,0
6082,5-0,220,1,0,30,1
6083,5-0,220,1,0,50,0
6084,5-0,220,1,0,50,1
6085,5-0,220,1,0,70,0
6086,5-0,220,1,0,70,1
6087,5-0,220,1,0,80,0
6088,5-0,220,1,0,80,1
6089,5-0,220,1,0,100,0
6090,5-0,220,1,0,100,1
6091,5-0,220,1,20,0,0
6092,5-0,220,1,20,0,1
6093,5-0,220,1,20,20,0
6094,5-0,220,1,20,20,1
6095,5-0,220,1,20,30,0
6096,5-0,220,1,20,30,1
6097,5-0,220,1,20,50,0
6098,5-0,220,1,20,50,1
6099,5-0,220,1,20,70,0
6100,5-0,220,1,20,70,1
6101,5-0,220,1,20,80,0
6102,5-0,220,1,20,80,1
6103,5-0,220,1,20,100,0
6104,5-0,220,1,20,100,1
6105,5-0,220,1,30,0,0
6106,5-0,220,1,30,0,1
6107,5-0,220,1,30,20,0
6108,5-0,220,1,30,20,1
6109,5-0,220,1,30,30,0
6110,5-0,220,1,30,30,1
6111,5-0,220,1,30,50,0
6112,5-0,220,1,30,50,1
6113,5-0,220,1,30,70,0
6114,5-0,220,1,30,70,1
6115,5-0,220,1,30,80,0
6116,5-0,220,1,30,80,1
6117,5-0,220,1,30,100,0
6118,5-0,220,1,30,100,1
6119,5-0,220,1,50,0,0
6120,5-0,220,1,50,0,1
6121,5-0,220,1,50,20,0
6122,5-0,220,1,50,20,1
6123,5-0,220,1,50,30,0
6124,5-0,220,1,50,30,1
6125,5-0,220,1,50,50,0
6126,5-0,220,1,50,50,1
6127,5-0,220,1,50,70,0
6128,5-0,220,1,50,70,1
6129,5-0,220,1,50,80,0
6130,5-0,220,1,50,80,1
6131,5-0,220,1,50,100,0
6132,5-0,220,1,50,100,1
6133,5-0,220,1,70,0,0
6134,5-0,220,1,70,0,1
6135,5-0,220,1,70,20,0
6136,5-0,220,1,70,20,1
6137,5-0,220,1,70,30,0
6138,5-0,220,1,70,30,1
6139,5-0,220,1,70,50,0
6140,5-0,220,1,70,50,1
6141,5-0,220,1,70,70,0
6142,5-0,220,1,70,70,1
6143,5-0,220,1,70,80,0
6144,5-0,220,1,70,80,1
6145,5-0,220,1,70,100,0
6146,5-0,220,1,70,100,1
6147,5-0,220,1,80,0,0
6148,5-0,220,1,80,0,1
6149,5-0,220,1,80,20,0
6150,5-0,220,1,80,20,1
6151,5-0,220,1,80,30,0
6152,5-0,220,1,80,30,1
6153,5-0,220,1,80,50,0
6154,5-0,220,1,80,50,1
6155,5-0,220,1,80,70,0
6156,5-0,220,1,80,70,1
6157,5-0,220,1,80,80,0
6158,5-0,220,1,80,80,1
6159,5-0,220,1,80,100,0
6160,5-0,220,1,80,100,1
6161,5-0,220,1,100,0,0
6162,5-0,220,1,100,0,1
6163,5-0,220,1,100,20,0
6164,5-0,220,1,100,20,1
6165,5-0,220,1,100,30,0
6166,5-0,220,1,100,30,1
6167,5-0,220,1,100,50,0
6168,5-0,220,1,100,50,1
6169,5-0,220,1,100,70,0
6170,5-0,220,1,100,70,1
6171,5-0,220,1,100,80,0
6172,5-0,220,1,100,80,1
6173,5-0,220,1,100,100,0
6174,5-0,220,1,100,100,1
6175,5-0,220,1,0,0,0
6176,5-0,220,1,0,0,1
6177,5-0,220,1,0,20,0
6178,5-0,220,1,0,20,1
6179,5-0,220,1,0,30,0
6180,5-0,220,1,0,30,1
6181,5-0,220,1,0,50,0
6182,5-0,220,1,0,50,1
6183,5-0,220,1,0,70,0
6184,5-0,220,1,0,70,1
6185,5-0,220,1,0,80,0
6186,5-0,220,1,0,80,1
6187,5-0,220,1,0,100,0
6188,5-0,220,1,0,100,1
6189,5-0,220,1,20,0,0
6190,5-0,220,1,20,0,1
6191,5-0,220,1,20,20,0
6192,5-0,220,1,20,20,1
6193,5-0,220,1,20,30,0
6194,5-0,220,1,20,30,1
6195,5-0,220,1,20,50,0
6196,5-0,220,1,20,50,1
6197,5-0,220,1,20,70,0
6198,5-0,220,1,20,70,1
6199,5-0,220,1,20,80,0
6200,5-0,220,1,20,80,1
6201,5-0,220,1,20,100,0
6202,5-0,220,1,20,100,1
6203,5-0,220,1,30,0,0
6204,5-0,220,1,30,0,1
6205,5-0,220,1,30,20,0
6206,5-0,220,1,30,20,1
6207,5-0,220,1,30,30,0
6208,5-0,220,1,30,30,1
6209,5-0,220,1,30,50,0
6210,5-0,220,1,30,50,1
6211,5-0,220,1,30,70,0
6212,5-0,220,1,30,70,1
6213,5-0,220,1,30,80,0
6214,5-0,220,1,30,80,1
6215,5-0,220,1,30,100,0
6216,5-0,220,1,30,100,1
6217,5-0,220,1,50,0,0
6218,5-0,220,1,50,0,1
6219,5-0,220,1,50,20,0
6220,5-0,220,1,50,20,1
6221,5-0,220,1,50,30,0
6222,5-0,220,1,50,30,1
6223,5-0,220,1,50,50,0
6224,5-0,220,1,50,50,1
6225,5-0,220,1,50,70,0
6226,5-0,220,1,50,70,1
6227,5-0,220,1,50,80,0
6228,5-0,220,1,50,80,1
6229,5-0,220,1,50,100,0
6230,5-0,220,1,50,100,1
6231,5-0,220,1,70,0,0
6232,5-0,220,1,70,0,1
6233,5-0,220,1,70,20,0
6234,5-0,220,1,70,20,1
6235,5-0,220,1,70,30,0
6236,5-0,220,1,70,30,1
6237,5-0,220,1,70,50,0
6238,5-0,220,1,70,50,1
6239,5-0,220,1,70,70,0
6240,5-0,220,1,70,70,1
6241,5-0,220,1,70,80,0
6242,5-0,220,1,70,80,1
6243,5-0,220,1,70,100,0
6244,5-0,220,1,70,100,1
6245,5-0,220,1,80,0,0
6246,5-0,220,1,80,0,1
6247,5-0,220,1,80,20,0
6248,5-0,220,1,80,20,1
6249,5-0,220,1,80,30,0
6250,5-0,220,1,80,30,1
6251,5-0,220,1,80,50,0
6252,5-0,220,1,80,50,1
6253,5-0,220,1,80,70,0
6254,5-0,220,1,80,70,1
6255,5-0,220,1,80,80,0
6256,5-0,220,1,80,80,1
6257,5-0,220,1,80,100,0
6258,5-0,220,1,80,100,1
6259,5-0,220,1,100,0,0
6260,5-0,220,1,100,0,1
6261,5-0,220,1,100,20,0
6262,5-0,220,1,100,20,1
6263,5-0,220,1,100,30,0
6264,5-0,220,1,100,30,1
6265,5-0,220,1,100,50,0
6266,5-0,220,1,100,50,1
6267,5-0,220,1,100,70,0
6268,5-0,220,1,100,70,1
6269,5-0,220,1,100,80,0
6270,5-0,220,1,100,80,1
6271,5-0,220,1,100,100,0
6272,5-0,220,1,100,100,1
6273,5-0,220,5,0,0,0
6274,5-0,220,5,0,0,1
6275,5-0,220,5,0,20,0
6276,5-0,220,5,0,20,1
6277,5-0,220,5,0,30,0
6278,5-0,220,5,0,30,1
6279,5-0,220,5,0,50,0
6280,5-0,220,5,0,50,1
6281,5-0,220,5,0,70,0
6282,5-0,220,5,0,70,1
6283,5-0,220,5,0,80,0
6284,5-0,220,5,0,80,1
6285,5-0,220,5,0,100,0
6286,5-0,220,5,0,100,1
6287,5-0,220,5,20,0,0
6288,5-0,220,5,20,0,1
6289,5-0,220,5,20,20,0
6290,5-0,220,5,20,20,1
6291,5-0,220,5,20,30,0
6292,5-0,220,5,20,30,1
6293,5-0,220,5,20,50,0
6294,5-0,220,5,20,50,1
6295,5-0,220,5,20,70,0
6296,5-0,220,5,20,70,1
6297,5-0,220,5,20,80,0
6298,5-0,220,5,20,80,1
6299,5-0,220,5,20,100,0
6300,5-0,220,5,20,100,1
6301,5-0,220,5,30,0,0
6302,5-0,220,5,30,0,1
6303,5-0,220,5,30,20,0
6304,5-0,220,5,30,20,1
6305,5-0,220,5,30,30,0
6306,5-0,220,5,30,30,1
6307,5-0,220,5,30,50,0
6308,5-0,220,5,30,50,1
6309,5-0,220,5,30,70,0
6310,5-0,220,5,30,70,1
6311,5-0,220,5,30,80,0
6312,5-0,220,5,30,80,1
6313,5-0,220,5,30,100,0
6314,5-0,220,5,30,100,1
6315,5-0,220,5,50,0,0
6316,5-0,220,5,50,0,1
6317,5-0,220,5,50,20,0
6318,5-0,220,5,50,20,1
6319,5-0,220,5,50,30,0
6320,5-0,220,5,50,30,1
6321,5-0,220,5,50,50,0
6322,5-0,220,5,50,50,1
6323,5-0,220,5,50,70,0
6324,5-0,220,5,50,70,1
6325,5-0,220,5,50,80,0
6326,5-0,220,5,50,80,1
6327,5-0,220,5,50,100,0
6328,5-0,220,5,50,100,1
6329,5-0,220,5,70,0,0
6330,5-0,220,5,70,0,1
6331,5-0,220,5,70,20,0
6332,5-0,220,5,70,20,1
6333,5-0,220,5,70,30,0
6334,5-0,220,5,70,30,1
6335,5-0,220,5,70,50,0
6336,5-0,220,5,70,50,1
6337,5-0,220,5,70,70,0
6338,5-0,220,5,70,70,1
6339,5-0,220,5,70,80,0
6340,5-0,220,5,70,80,1
6341,5-0,220,5,70,100,0
6342,5-0,220,5,70,100,1
6343,5-0,220,5,80,0,0
6344,5-0,220,5,80,0,1
6345,5-0,220,5,80,20,0
6346,5-0,220,5,80,20,1
6347,5-0,220,5,80,30,0
6348,5-0,220,5,80,30,1
6349,5-0,220,5,80,50,0
6350,5-0,220,5,80,50,1
6351,5-0,220,5,80,70,0
6352,5-0,220,5,80,70,1
6353,5-0,220,5,80,80,0
6354,5-0,220,5,80,80,1
6355,5-0,220,5,80,100,0
6356,5-0,220,5,80,100,1
6357,5-0,220,5,100,0,0
6358,5-0,220,5,100,0,1
6359,5-0,220,5,100,20,0
6360,5-0,220,5,100,20,1
6361,5-0,220,5,100,30,0
6362,5-0,220,5,100,30,1
6363,5-0,220,5,100,50,0
6364,5-0,220,5,100,50,1
6365,5-0,220,5,100,70,0
6366,5-0,220,5,100,70,1
6367,5-0,220,5,100,80,0
6368,5-0,220,5,100,80,1
6369,5-0,220,5,100,100,0
6370,5-0,220,5,100,100,1
6371,5-0,240,0,0,0,0
6372,5-0,240,0,0,0,1
6373,5-0,240,0,0,20,0
6374,5-0,240,0,0,20,1
6375,5-0,240,0,0,30,0
6376,5-0,240,0,0,30,1
6377,5-0,240,0,0,50,0
6378,5-0,240,0,0,50,1
6379,5-0,240,0,0,70,0
6380,5-0,240,0,0,70,1
6381,5-0,240,0,0,80,0
6382,5-0,240,0,0,80,1
6383,5-0,240,0,0,100,0
6384,5-0,240,0,0,100,1
6385,5-0,240,0,20,0,0
6386,5-0,240,0,20,0,1
6387,5-0,240,0,20,20,0
6388,5-0,240,0,20,20,1
6389,5-0,240,0,20,30,0
6390,5-0,240,0,20,30,1
6391,5-0,240,0,20,50,0
6392,5-0,240,0,20,50,1
6393,5-0,240,0,20,70,0
6394,5-0,240,0,20,70,1
6395,5-0,240,0,20,80,0
6396,5-0,240,0,20,80,1
6397,5-0,240,0,20,100,0
6398,5-0,240,0,20,100,1
6399,5-0,240,0,30,0,0
6400,5-0,240,0,30,0,1
6401,5-0,240,0,30,20,0
6402,5-0,240,0,30,20,1
6403,5-0,240,0,30,30,0
6404,5-0,240,0,30,30,1
6405,5-0,240,0,30,50,0
6406,5-0,240,0,30,50,1
6407,5-0,240,0,30,70,0
6408,5-0,240,0,30,70,1
6409,5-0,240,0,30,80,0
6410,5-0,240,0,30,80,1
6411,5-0,240,0,30,100,0
6412,5-0,240,0,30,100,1
6413,5-0,240,0,50,0,0
6414,5-0,240,0,50,0,1
6415,5-0,240,0,50,20,0
6416,5-0,240,0,50,20,1
6417,5-0,240,0,50,30,0
6418,5-0,240,0,50,30,1
6419,5-0,240,0,50,50,0
6420,5-0,240,0,50,50,1
6421,5-0,240,0,50,70,0
6422,5-0,240,0,50,70,1
6423,5-0,240,0,50,80,0
6424,5-0,240,0,50,80,1
6425,5-0,240,0,50,100,0
6426,5-0,240,0,50,100,1
6427,5-0,240,0,70,0,0
6428,5-0,240,0,70,0,1
6429,5-0,240,0,70,20,0
6430,5-0,240,0,70,20,1
6431,5-0,240,0,70,30,0
6432,5-0,240,0,70,30,1
6433,5-0,240,0,70,50,0
6434,5-0,240,0,70,50,1
6435,5-0,240,0,70,70,0
6436,5-0,240,0,70,70,1
6437,5-0,240,0,70,80,0
6438,5-0,240,0,70,80,1
6439,5-0,240,0,70,100,0
6440,5-0,240,0,70,100,1
6441,5-0,240,0,80,0,0
6442,5-0,240,0,80,0,1
6443,5-0,240,0,80,20,0
6444,5-0,240,0,80,20,1
6445,5-0,240,0,80,30,0
6446,5-0,240,0,80,30,1
6447,5-0,240,0,80,50,0
6448,5-0,240,0,80,50,1
6449,5-0,240,0,80,70,0
6450,5-0,240,0,80,70,1
6451,5-0,240,0,80,80,0
6452,5-0,240,0,80,80,1
6453,5-0,240,0,80,100,0
6454,5-0,240,0,80,100,1
6455,5-0,240,0,100,0,0
6456,5-0,240,0,100,0,1
6457,5-0,240,0,100,20,0
6458,5-0,240,0,100,20,1
6459,5-0,240,0,100,30,0
6460,5-0,240,0,100,30,1
6461,5-0,240,0,100,50,0
6462,5-0,240,0,100,50,1
6463,5-0,240,0,100,70,0
6464,5-0,240,0,100,70,1
6465,5-0,240,0,100,80,0
6466,5-0,240,0,100,80,1
6467,5-0,240,0,100,100,0
6468,5-0,240,0,100,100,1
6469,5-0,240,75,0,0,0
6470,5-0,240,75,0,0,1
6471,5-0,240,75,0,20,0
6472,5-0,240,75,0,20,1
6473,5-0,240,75,0,30,0
6474,5-0,240,75,0,30,1
6475,5-0,240,75,0,50,0
6476,5-0,240,75,0,50,1
6477,5-0,240,75,0,70,0
6478,5-0,240,75,0,70,1
6479,5-0,240,75,0,80,0
6480,5-0,240,75,0,80,1
6481,5-0,240,75,0,100,0
6482,5-0,240,75,0,100,1
6483,5-0,240,75,20,0,0
6484,5-0,240,75,20,0,1
6485,5-0,240,75,20,20,0
6486,5-0,240,75,20,20,1
6487,5-0,240,75,20,30,0
6488,5-0,240,75,20,30,1
6489,5-0,240,75,20,50,0
6490,5-0,240,75,20,50,1
6491,5-0,240,75,20,70,0
6492,5-0,240,75,20,70,1
6493,5-0,240,75,20,80,0
6494,5-0,240,75,20,80,1
6495,5-0,240,75,20,100,0
6496,5-0,240,75,20,100,1
6497,5-0,240,75,30,0,0
6498,5-0,240,75,30,0,1
6499,5-0,240,75,30,20,0
6500,5-0,240,75,30,20,1
6501,5-0,240,75,30,30,0
6502,5-0,240,75,30,30,1
6503,5-0,240,75,30,50,0
6504,5-0,240,75,30,50,1
6505,5-0,240,75,30,70,0
6506,5-0,240,75,30,70,1
6507,5-0,240,75,30,80,0
6508,5-0,240,75,30,80,1
6509,5-0,240,75,30,100,0
6510,5-0,240,75,30,100,1
6511,5-0,240,75,50,0,0
6512,5-0,240,75,50,0,1
6513,5-0,240,75,50,20,0
6514,5-0,240,75,50,20,1
6515,5-0,240,75,50,30,0
6516,5-0,240,75,50,30,1
6517,5-0,240,75,50,50,0
6518,5-0,240,75,50,50,1
6519,5-0,240,75,50,70,0
6520,5-0,240,75,50,70,1
6521,5-0,240,75,50,80,0
6522,5-0,240,75,50,80,1
6523,5-0,240,75,50,100,0
6524,5-0,240,75,50,100,1
6525,5-0,240,75,70,0,0
6526,5-0,240,75,70,0,1
6527,5-0,240,75,70,20,0
6528,5-0,240,75,70,20,1
6529,5-0,240,75,70,30,0
6530,5-0,240,75,70,30,1
6531,5-0,240,75,70,50,0
6532,5-0,240,75,70,50,1
6533,5-0,240,75,70,70,0
6534,5-0,240,75,70,70,1
6535,5-0,240,75,70,80,0
6536,5-0,240,75,70,80,1
6537,5-0,240,75,70,100,0
6538,5-0,240,75,70,100,1
6539,5-0,240,75,80,0,0
6540,5-0,240,75,80,0,1
6541,5-0,240,75,80,20,0
6542,5-0,240,75,80,20,1
6543,5-0,240,75,80,30,0
6544,5-0,240,75,80,30,1
6545,5-0,240,75,80,50,0
6546,5-0,240,75,80,50,1
6547,5-0,240,75,80,70,0
6548,5-0,240,75,80,70,1
6549,5-0,240,75,80,80,0
6550,5-0,240,75,80,80,1
6551,5-0,240,75,80,100,0
6552,5-0,240,75,80,100,1
6553,5-0,240,75,100,0,0
6554,5-0,240,75,100,0,1
6555,5-0,240,75,100,20,0
6556,5-0,240,75,100,20,1
6557,5-0,240,75,100,30,0
6558,5-0,240,75,100,30,1
6559,5-0,240,75,100,50,0
6560,5-0,240,75,100,50,1
6561,5-0,240,75,100,70,0
6562,5-0,240,75,100,70,1
6563,5-0,240,75,100,80,0
6564,5-0,240,75,100,80,1
6565,5-0,240,75,100,100,0
6566,5-0,240,75,100,100,1
6567,5-0,240,1,0,0,0
6568,5-0,240,1,0,0,1
6569,5-0,240,1,0,20,0
6570,5-0,240,1,0,20,1
6571,5-0,240,1,0,30,0
6572,5-0,240,1,0,30,1
6573,5-0,240,1,0,50,0
6574,5-0,240,1,0,50,1
6575,5-0,240,1,0,70,0
6576,5-0,240,1,0,70,1
6577,5-0,240,1,0,80,0
6578,5-0,240,1,0,80,1
6579,5-0,240,1,0,100,0
6580,5-0,240,1,0,100,1
6581,5-0,240,1,20,0,0
6582,5-0,240,1,20,0,1
6583,5-0,240,1,20,20,0
6584,5-0,240,1,20,20,1
6585,5-0,240,1,20,30,0
6586,5-0,240,1,20,30,1
6587,5-0,240,1,20,50,0
6588,5-0,240,1,20,50,1
6589,5-0,240,1,20,70,0
6590,5-0,240,1,20,70,1
6591,5-0,240,1,20,80,0
6592,5-0,240,1,20,80,1
6593,5-0,240,1,20,100,0
6594,5-0,240,1,20,100,1
6595,5-0,240,1,30,0,0
6596,5-0,240,1,30,0,1
6597,5-0,240,1,30,20,0
6598,5-0,240,1,30,20,1
6599,5-0,240,1,30,30,0
6600,5-0,240,1,30,30,1
6601,5-0,240,1,30,50,0
6602,5-0,240,1,30,50,1
6603,5-0,240,1,30,70,0
6604,5-0,240,1,30,70,1
6605,5-0,240,1,30,80,0
6606,5-0,240,1,30,80,1
6607,5-0,240,1,30,100,0
6608,5-0,240,1,30,100,1
6609,5-0,240,1,50,0,0
6610,5-0,240,1,50,0,1
6611,5-0,240,1,50,20,0
6612,5-0,240,1,50,20,1
6613,5-0,240,1,50,30,0
6614,5-0,240,1,50,30,1
6615,5-0,240,1,50,50,0
6616,5-0,240,1,50,50,1
6617,5-0,240,1,50,70,0
6618,5-0,240,1,50,70,1
6619,5-0,240,1,50,80,0
6620,5-0,240,1,50,80,1
6621,5-0,240,1,50,100,0
6622,5-0,240,1,50,100,1
6623,5-0,240,1,70,0,0
6624,5-0,240,1,70,0,1
6625,5-0,240,1,70,20,0
6626,5-0,240,1,70,20,1
6627,5-0,240,1,70,30,0
6628,5-0,240,1,70,30,1
6629,5-0,240,1,70,50,0
6630,5-0,240,1,70,50,1
6631,5-0,240,1,70,70,0
6632,5-0,240,1,70,70,1
6633,5-0,240,1,70,80,0
6634,5-0,240,1,70,80,1
6635,5-0,240,1,70,100,0
6636,5-0,240,1,70,100,1
6637,5-0,240,1,80,0,0
6638,5-0,240,1,80,0,1
6639,5-0,240,1,80,20,0
6640,5-0,240,1,80,20,1
6641,5-0,240,1,80,30,0
6642,5-0,240,1,80,30,1
6643,5-0,240,1,80,50,0
6644,5-0,240,1,80,50,1
6645,5-0,240,1,80,70,0
6646,5-0,240,1,80,70,1
6647,5-0,240,1,80,80,0
6648,5-0,240,1,80,80,1
6649,5-0,240,1,80,100,0
6650,5-0,240,1,80,100,1
6651,5-0,240,1,100,0,0
6652,5-0,240,1,100,0,1
6653,5-0,240,1,100,20,0
6654,5-0,240,1,100,20,1
6655,5-0,240,1,100,30,0
6656,5-0,240,1,100,30,1
6657,5-0,240,1,100,50,0
6658,5-0,240,1,100,50,1
6659,5-0,240,1,100,70,0
6660,5-0,240,1,100,70,1
6661,5-0,240,1,100,80,0
6662,5-0,240,1,100,80,1
6663,5-0,240,1,100,100,0
6664,5-0,240,1,100,100,1
6665,5-0,240,1,0,0,0
6666,5-0,240,1,0,0,1
6667,5-0,240,1,0,20,0
6668,5-0,240,1,0,20,1
6669,5-0,240,1,0,30,0
6670,5-0,240,1,0,30,1
6671,5-0,240,1,0,50,0
6672,5-0,240,1,0,50,1
6673,5-0,240,1,0,70,0
6674,5-0,240,1,0,70,1
6675,5-0,240,1,0,80,0
6676,5-0,240,1,0,80,1
6677,5-0,240,1,0,100,0
6678,5-0,240,1,0,100,1
6679,5-0,240,1,20,0,0
6680,5-0,240,1,20,0,1
6681,5-0,240,1,20,20,0
6682,5-0,240,1,20,20,1
6683,5-0,240,1,20,30,0
6684,5-0,240,1,20,30,1
6685,5-0,240,1,20,50,0
6686,5-0,240,1,20,50,1
6687,5-0,240,1,20,70,0
6688,5-0,240,1,20,70,1
6689,5-0,240,1,20,80,0
6690,5-0,240,1,20,80,1
6691,5-0,240,1,20,100,0
6692,5-0,240,1,20,100,1
6693,5-0,240,1,30,0,0
6694,5-0,240,1,30,0,1
6695,5-0,240,1,30,20,0
6696,5-0,240,1,30,20,1
6697,5-0,240,1,30,30,0
6698,5-0,240,1,30,30,1
6699,5-0,240,1,30,50,0
6700,5-0,240,1,30,50,1
6701,5-0,240,1,30,70,0
6702,5-0,240,1,30,70,1
6703,5-0,240,1,30,80,0
6704,5-0,240,1,30,80,1
6705,5-0,240,1,30,100,0
6706,5-0,240,1,30,100,1
6707,5-0,240,1,50,0,0
6708,5-0,240,1,50,0,1
6709,5-0,240,1,50,20,0
6710,5-0,240,1,50,20,1
6711,5-0,240,1,50,30,0
6712,5-0,240,1,50,30,1
6713,5-0,240,1,50,50,0
6714,5-0,240,1,50,50,1
6715,5-0,240,1,50,70,0
6716,5-0,240,1,50,70,1
6717,5-0,240,1,50,80,0
6718,5-0,240,1,50,80,1
6719,5-0,240,1,50,100,0
6720,5-0,240,1,50,100,1
6721,5-0,240,1,70,0,0
6722,5-0,240,1,70,0,1
6723,5-0,240,1,70,20,0
6724,5-0,240,1,70,20,1
6725,5-0,240,1,70,30,0
6726,5-0,240,1,70,30,1
6727,5-0,240,1,70,50,0
6728,5-0,240,1,70,50,1
6729,5-0,240,1,70,70,0
6730,5-0,240,1,70,70,1
6731,5-0,240,1,70,80,0
6732,5-0,240,1,70,80,1
6733,5-0,240,1,70,100,0
6734,5-0,240,1,70,100,1
6735,5-0,240,1,80,0,0
6736,5-0,240,1,80,0,1
6737,5-0,240,1,80,20,0
6738,5-0,240,1,80,20,1
6739,5-0,240,1,80,30,0
6740,5-0,240,1,80,30,1
6741,5-0,240,1,80,50,0
6742,5-0,240,1,80,50,1
6743,5-0,240,1,80,70,0
6744,5-0,240,1,80,70,1
6745,5-0,240,1,80,80,0
6746,5-0,240,1,80,80,1
6747,5-0,240,1,80,100,0
6748,5-0,240,1,80,100,1
6749,5-0,240,1,100,0,0
6750,5-0,240,1,100,0,1
6751,5-0,240,1,100,20,0
6752,5-0,240,1,100,20,1
6753,5-0,240,1,100,30,0
6754,5-0,240,1,100,30,1
6755,5-0,240,1,100,50,0
6756,5-0,240,1,100,50,1
6757,5-0,240,1,100,70,0
6758,5-0,240,1,100,70,1
6759,5-0,240,1,100,80,0
6760,5-0,240,1,100,80,1
6761,5-0,240,1,100,100,0
6762,5-0,240,1,100,100,1
6763,5-0,240,5,0,0,0
6764,5-0,240,5,0,0,1
6765,5-0,240,5,0,20,0
6766,5-0,240,5,0,20,1
6767,5-0,240,5,0,30,0
6768,5-0,240,5,0,30,1
6769,5-0,240,5,0,50,0
6770,5-0,240,5,0,50,1
6771,5-0,240,5,0,70,0
6772,5-0,240,5,0,70,1
6773,5-0,240,5,0,80,0
6774,5-0,240,5,0,80,1
6775,5-0,240,5,0,100,0
6776,5-0,240,5,0,100,1
6777,5-0,240,5,20,0,0
6778,5-0,240,5,20,0,1
6779,5-0,240,5,20,20,0
6780,5-0,240,5,20,20,1
6781,5-0,240,5,20,30,0
6782,5-0,240,5,20,30,1
6783,5-0,240,5,20,50,0
6784,5-0,240,5,20,50,1
6785,5-0,240,5,20,70,0
6786,5-0,240,5,20,70,1
6787,5-0,240,5,20,80,0
6788,5-0,240,5,20,80,1
6789,5-0,240,5,20,100,0
6790,5-0,240,5,20,100,1
6791,5-0,240,5,30,0,0
6792,5-0,240,5,30,0,1
6793,5-0,240,5,30,20,0
6794,5-0,240,5,30,20,1
6795,5-0,240,5,30,30,0
6796,5-0,240,5,30,30,1
6797,5-0,240,5,30,50,0
6798,5-0,240,5,30,50,1
6799,5-0,240,5,30,70,0
6800,5-0,240,5,30,70,1
6801,5-0,240,5,30,80,0
6802,5-0,240,5,30,80,1
6803,5-0,240,5,30,100,0
6804,5-0,240,5,30,100,1
6805,5-0,240,5,50,0,0
6806,5-0,240,5,50,0,1
6807,5-0,240,5,50,20,0
6808,5-0,240,5,50,20,1
6809,5-0,240,5,50,30,0
6810,5-0,240,5,50,30,1
6811,5-0,240,5,50,50,0
6812,5-0,240,5,50,50,1
6813,5-0,240,5,50,70,0
6814,5-0,240,5,50,70,1
6815,5-0,240,5,50,80,0
6816,5-0,240,5,50,80,1
6817,5-0,240,5,50,100,0
6818,5-0,240,5,50,100,1
6819,5-0,240,5,70,0,0
6820,5-0,240,5,70,0,1
6821,5-0,240,5,70,20,0
6822,5-0,240,5,70,20,1
6823,5-0,240,5,70,30,0
6824,5-0,240,5,70,30,1
6825,5-0,240,5,70,50,0
6826,5-0,240,5,70,50,1
6827,5-0,240,5,70,70,0
6828,5-0,240,5,70,70,1
6829,5-0,240,5,70,80,0
6830,5-0,240,5,70,80,1
6831,5-0,240,5,70,100,0
6832,5-0,240,5,70,100,1
6833,5-0,240,5,80,0,0
6834,5-0,240,5,80,0,1
6835,5-0,240,5,80,20,0
6836,5-0,240,5,80,20,1
6837,5-0,240,5,80,30,0
6838,5-0,240,5,80,30,1
6839,5-0,240,5,80,50,0
6840,5-0,240,5,80,50,1
6841,5-0,240,5,80,70,0
6842,5-0,240,5,80,70,1
6843,5-0,240,5,80,80,0
6844,5-0,240,5,80,80,1
6845,5-0,240,5,80,100,0
6846,5-0,240,5,80,100,1
6847,5-0,240,5,100,0,0
6848,5-0,240,5,100,0,1
6849,5-0,240,5,100,20,0
6850,5-0,240,5,100,20,1
6851,5-0,240,5,100,30,0
6852,5-0,240,5,100,30,1
6853,5-0,240,5,100,50,0
6854,5-0,240,5,100,50,1
6855,5-0,240,5,100,70,0
6856,5-0,240,5,100,70,1
6857,5-0,240,5,100,80,0
6858,5-0,240,5,100,80,1
6859,5-0,240,5,100,100,0
6860,5-0,240,5,100,100,1
6861,5-0,260,0,0,0,0
6862,5-0,260,0,0,0,1
6863,5-0,260,0,0,20,0
6864,5-0,260,0,0,20,1
6865,5-0,260,0,0,30,0
6866,5-0,260,0,0,30,1
6867,5-0,260,0,0,50,0
6868,5-0,260,0,0,50,1
6869,5-0,260,0,0,70,0
6870,5-0,260,0,0,70,1
6871,5-0,260,0,0,80,0
6872,5-0,260,0,0,80,1
6873,5-0,260,0,0,100,0
6874,5-0,260,0,0,100,1
6875,5-0,260,0,20,0,0
6876,5-0,260,0,20,0,1
6877,5-0,260,0,20,20,0
6878,5-0,260,0,20,20,1
6879,5-0,260,0,20,30,0
6880,5-0,260,0,20,30,1
6881,5-0,260,0,20,50,0
6882,5-0,260,0,20,50,1
6883,5-0,260,0,20,70,0
6884,5-0,260,0,20,70,1
6885,5-0,260,0,20,80,0
6886,5-0,260,0,20,80,1
6887,5-0,260,0,20,100,0
6888,5-0,260,0,20,100,1
6889,5-0,260,0,30,0,0
6890,5-0,260,0,30,0,1
6891,5-0,260,0,30,20,0
6892,5-0,260,0,30,20,1
6893,5-0,260,0,30,30,0
6894,5-0,260,0,30,30,1
6895,5-0,260,0,30,50,0
6896,5-0,260,0,30,50,1
6897,5-0,260,0,30,70,0
6898,5-0,260,0,30,70,1
6899,5-0,260,0,30,80,0
6900,5-0,260,0,30,80,1
6901,5-0,260,0,30,100,0
6902,5-0,260,0,30,100,1
6903,5-0,260,0,50,0,0
6904,5-0,260,0,50,0,1
6905,5-0,260,0,50,20,0
6906,5-0,260,0,50,20,1
6907,5-0,260,0,50,30,0
6908,5-0,260,0,50,30,1
6909,5-0,260,0,50,50,0
6910,5-0,260,0,50,50,1
6911,5-0,260,0,50,70,0
6912,5-0,260,0,50,70,1
6913,5-0,260,0,50,80,0
6914,5-0,260,0,50,80,1
6915,5-0,260,0,50,100,0
6916,5-0,260,0,50,100,1
6917,5-0,260,0,70,0,0
6918,5-0,260,0,70,0,1
6919,5-0,260,0,70,20,0
6920,5-0,260,0,70,20,1
6921,5-0,260,0,70,30,0
6922,5-0,260,0,70,30,1
6923,5-0,260,0,70,50,0
6924,5-0,260,0,70,50,1
6925,5-0,260,0,70,70,0
6926,5-0,260,0,70,70,1
6927,5-0,260,0,70,80,0
6928,5-0,260,0,70,80,1
6929,5-0,260,0,70,100,0
6930,5-0,260,0,70,100,1
6931,5-0,260,0,80,0,0
6932,5-0,260,0,80,0,1
6933,5-0,260,0,80,20,0
6934,5-0,260,0,80,20,1
6935,5-0,260,0,80,30,0
6936,5-0,260,0,80,30,1
6937,5-0,260,0,80,50,0
6938,5-0,260,0,80,50,1
6939,5-0,260,0,80,70,0
6940,5-0,260,0,80,70,1
6941,5-0,260,0,80,80,0
6942,5-0,260,0,80,80,1
6943,5-0,260,0,80,100,0
6944,5-0,260,0,80,100,1
6945,5-0,260,0,100,0,0
6946,5-0,260,0,100,0,1
6947,5-0,260,0,100,20,0
6948,5-0,260,0,100,20,1
6949,5-0,260,0,100,30,0
6950,5-0,260,0,100,30,1
6951,5-0,260,0,100,50,0
6952,5-0,260,0,100,50,1
6953,5-0,260,0,100,70,0
6954,5-0,260,0,100,70,1
6955,5-0,260,0,100,80,0
6956,5-0,260,0,100,80,1
6957,5-0,260,0,100,100,0
6958,5-0,260,0,100,100,1
6959,5-0,260,75,0,0,0
6960,5-0,260,75,0,0,1
6961,5-0,260,75,0,20,0
6962,5-0,260,75,0,20,1
6963,5-0,260,75,0,30,0
6964,5-0,260,75,0,30,1
6965,5-0,260,75,0,50,0
6966,5-0,260,75,0,50,1
6967,5-0,260,75,0,70,0
6968,5-0,260,75,0,70,1
6969,5-0,260,75,0,80,0
6970,5-0,260,75,0,80,1
6971,5-0,260,75,0,100,0
6972,5-0,260,75,0,100,1
6973,5-0,260,75,20,0,0
6974,5-0,260,75,20,0,1
6975,5-0,260,75,20,20,0
6976,5-0,260,75,20,20,1
6977,5-0,260,75,20,30,0
6978,5-0,260,75,20,30,1
6979,5-0,260,75,20,50,0
6980,5-0,260,75,20,50,1
6981,5-0,260,75,20,70,0
6982,5-0,260,75,20,70,1
6983,5-0,260,75,20,80,0
6984,5-0,260,75,20,80,1
6985,5-0,260,75,20,100,0
6986,5-0,260,75,20,100,1
6987,5-0,260,75,30,0,0
6988,5-0,260,75,30,0,1
6989,5-0,260,75,30,20,0
6990,5-0,260,75,30,20,1
6991,5-0,260,75,30,30,0
6992,5-0,260,75,30,30,1
6993,5-0,260,75,30,50,0
6994,5-0,260,75,30,50,1
6995,5-0,260,75,30,70,0
6996,5-0,260,75,30,70,1
6997,5-0,260,75,30,80,0
6998,5-0,260,75,30,80,1
6999,5-0,260,75,30,100,0
7000,5-0,260,75,30,100,1
7001,5-0,260,75,50,0,0
7002,5-0,260,75,50,0,1
7003,5-0,260,75,50,20,0
7004,5-0,260,75,50,20,1
7005,5-0,260,75,50,30,0
7006,5-0,260,75,50,30,1
7007,5-0,260,75,50,50,0
7008,5-0,260,75,50,50,1
7009,5-0,260,75,50,70,0
7010,5-0,260,75,50,70,1
7011,5-0,260,75,50,80,0
7012,5-0,260,75,50,80,1
7013,5-0,260,75,50,100,0
7014,5-0,260,75,50,100,1
7015,5-0,260,75,70,0,0
7016,5-0,260,75,70,0,1
7017,5-0,260,75,70,20,0
7018,5-0,260,75,70,20,1
7019,5-0,260,75,70,30,0
7020,5-0,260,75,70,30,1
7021,5-0,260,75,70,50,0
7022,5-0,260,75,70,50,1
7023,5-0,260,75,70,70,0
7024,5-0,260,75,70,70,1
7025,5-0,260,75,70,80,0
7026,5-0,260,75,70,80,1
7027,5-0,260,75,70,100,0
7028,5-0,260,75,70,100,1
7029,5-0,260,75,80,0,0
7030,5-0,260,75,80,0,1
7031,5-0,260,75,80,20,0
7032,5-0,260,75,80,20,1
7033,5-0,260,75,80,30,0
7034,5-0,260,75,80,30,1
7035,5-0,260,75,80,50,0
7036,5-0,260,75,80,50,1
7037,5-0,260,75,80,70,0
7038,5-0,260,75,80,70,1
7039,5-0,260,75,80,80,0
7040,5-0,260,75,80,80,1
7041,5-0,260,75,80,100,0
7042,5-0,260,75,80,100,1
7043,5-0,260,75,100,0,0
7044,5-0,260,75,100,0,1
7045,5-0,260,75,100,20,0
7046,5-0,260,75,100,20,1
7047,5-0,260,75,100,30,0
7048,5-0,260,75,100,30,1
7049,5-0,260,75,100,50,0
7050,5-0,260,75,100,50,1
7051,5-0,260,75,100,70,0
7052,5-0,260,75,100,70,1
7053,5-0,260,75,100,80,0
7054,5-0,260,75,100,80,1
7055,5-0,260,75,100,100,0
7056,5-0,260,75,100,100,1
7057,5-0,260,1,0,0,0
7058,5-0,260,1,0,0,1
7059,5-0,260,1,0,20,0
7060,5-0,260,1,0,20,1
7061,5-0,260,1,0,30,0
7062,5-0,260,1,0,30,1
7063,5-0,260,1,0,50,0
7064,5-0,260,1,0,50,1
7065,5-0,260,1,0,70,0
7066,5-0,260,1,0,70,1
7067,5-0,260,1,0,80,0
7068,5-0,260,1,0,80,1
7069,5-0,260,1,0,100,0
7070,5-0,260,1,0,100,1
7071,5-0,260,1,20,0,0
7072,5-0,260,1,20,0,1
7073,5-0,260,1,20,20,0
7074,5-0,260,1,20,20,1
7075,5-0,260,1,20,30,0
7076,5-0,260,1,20,30,1
7077,5-0,260,1,20,50,0
7078,5-0,260,1,20,50,1
7079,5-0,260,1,20,70,0
7080,5-0,260,1,20,70,1
7081,5-0,260,1,20,80,0
7082,5-0,260,1,20,80,1
7083,5-0,260,1,20,100,0
7084,5-0,260,1,20,100,1
7085,5-0,260,1,30,0,0
7086,5-0,260,1,30,0,1
7087,5-0,260,1,30,20,0
7088,5-0,260,1,30,20,1
7089,5-0,260,1,30,30,0
7090,5-0,260,1,30,30,1
7091,5-0,260,1,30,50,0
7092,5-0,260,1,30,50,1
7093,5-0,260,1,30,70,0
7094,5-0,260,1,30,70,1
7095,5-0,260,1,30,80,0
7096,5-0,260,1,30,80,1
7097,5-0,260,1,30,100,0
7098,5-0,260,1,30,100,1
7099,5-0,260,1,50,0,0
7100,5-0,260,1,50,0,1
7101,5-0,260,1,50,20,0
7102,5-0,260,1,50,20,1
7103,5-0,260,1,50,30,0
7104,5-0,260,1,50,30,1
7105,5-0,260,1,50,50,0
7106,5-0,260,1,50,50,1
7107,5-0,260,1,50,70,0
7108,5-0,260,1,50,70,1
7109,5-0,260,1,50,80,0
7110,5-0,260,1,50,80,1
7111,5-0,260,1,50,100,0
7112,5-0,260,1,50,100,1
7113,5-0,260,1,70,0,0
7114,5-0,260,1,70,0,1
7115,5-0,260,1,70,20,0
7116,5-0,260,1,70,20,1
7117,5-0,260,1,70,30,0
7118,5-0,260,1,70,30,1
7119,5-0,260,1,70,50,0
7120,5-0,260,1,70,50,1
7121,5-0,260,1,70,70,0
7122,5-0,260,1,70,70,1
7123,5-0,260,1,70,80,0
7124,5-0,260,1,70,80,1
7125,5-0,260,1,70,100,0
7126,5-0,260,1,70,100,1
7127,5-0,260,1,80,0,0
7128,5-0,260,1,80,0,1
7129,5-0,260,1,80,20,0
7130,5-0,260,1,80,20,1
7131,5-0,260,1,80,30,0
7132,5-0,260,1,80,30,1
7133,5-0,260,1,80,50,0
7134,5-0,260,1,80,50,1
7135,5-0,260,1,80,70,0
7136,5-0,260,1,80,70,1
7137,5-0,260,1,80,80,0
7138,5-0,260,1,80,80,1
7139,5-0,260,1,80,100,0
7140,5-0,260,1,80,100,1
7141,5-0,260,1,100,0,0
7142,5-0,260,1,100,0,1
7143,5-0,260,1,100,20,0
7144,5-0,260,1,100,20,1
7145,5-0,260,1,100,30,0
7146,5-0,260,1,100,30,1
7147,5-0,260,1,100,50,0
7148,5-0,260,1,100,50,1
7149,5-0,260,1,100,70,0
7150,5-0,260,1,100,70,1
7151,5-0,260,1,100,80,0
7152,5-0,260,1,100,80,1
7153,5-0,260,1,100,100,0
7154,5-0,260,1,100,100,1
7155,5-0,260,1,0,0,0
7156,5-0,260,1,0,0,1
7157,5-0,260,1,0,20,0
7158,5-0,260,1,0,20,1
7159,5-0,260,1,0,30,0
7160,5-0,260,1,0,30,1
7161,5-0,260,1,0,50,0
7162,5-0,260,1,0,50,1
7163,5-0,260,1,0,70,0
7164,5-0,260,1,0,70,1
7165,5-0,260,1,0,80,0
7166,5-0,260,1,0,80,1
7167,5-0,260,1,0,100,0
7168,5-0,260,1,0,100,1
7169,5-0,260,1,20,0,0
7170,5-0,260,1,20,0,1
7171,5-0,260,1,20,20,0
7172,5-0,260,1,20,20,1
7173,5-0,260,1,20,30,0
7174,5-0,260,1,20,30,1
7175,5-0,260,1,20,50,0
7176,5-0,260,1,20,50,1
7177,5-0,260,1,20,70,0
7178,5-0,260,1,20,70,1
7179,5-0,260,1,20,80,0
7180,5-0,260,1,20,80,1
7181,5-0,260,1,20,100,0
7182,5-0,260,1,20,100,1
7183,5-0,260,1,30,0,0
7184,5-0,260,1,30,0,1
7185,5-0,260,1,30,20,0
7186,5-0,260,1,30,20,1
7187,5-0,260,1,30,30,0
7188,5-0,260,1,30,30,1
7189,5-0,260,1,30,50,0
7190,5-0,260,1,30,50,1
7191,5-0,260,1,30,70,0
7192,5-0,260,1,30,70,1
7193,5-0,260,1,30,80,0
7194,5-0,260,1,30,80,1
7195,5-0,260,1,30,100,0
7196,5-0,260,1,30,100,1
7197,5-0,260,1,50,0,0
7198,5-0,260,1,50,0,1
7199,5-0,260,1,50,20,0
7200,5-0,260,1,50,20,1
7201,5-0,260,1,50,30,0
7202,5-0,260,1,50,30,1
7203,5-0,260,1,50,50,0
7204,5-0,260,1,50,50,1
7205,5-0,260,1,50,70,0
7206,5-0,260,1,50,70,1
7207,5-0,260,1,50,80,0
7208,5-0,260,1,50,80,1
7209,5-0,260,1,50,100,0
7210,5-0,260,1,50,100,1
7211,5-0,260,1,70,0,0
7212,5-0,260,1,70,0,1
7213,5-0,260,1,70,20,0
7214,5-0,260,1,70,20,1
7215,5-0,260,1,70,30,0
7216,5-0,260,1,70,30,1
7217,5-0,260,1,70,50,0
7218,5-0,260,1,70,50,1
7219,5-0,260,1,70,70,0
7220,5-0,260,1,70,70,1
7221,5-0,260,1,70,80,0
7222,5-0,260,1,70,80,1
7223,5-0,260,1,70,100,0
7224,5-0,260,1,70,100,1
7225,5-0,260,1,80,0,0
7226,5-0,260,1,80,0,1
7227,5-0,260,1,80,20,0
7228,5-0,260,1,80,20,1
7229,5-0,260,1,80,30,0
7230,5-0,260,1,80,30,1
7231,5-0,260,1,80,50,0
7232,5-0,260,1,80,50,1
7233,5-0,260,1,80,70,0
7234,5-0,260,1,80,70,1
7235,5-0,260,1,80,80,0
7236,5-0,260,1,80,80,1
7237,5-0,260,1,80,100,0
7238,5-0,260,1,80,100,1
7239,5-0,260,1,100,0,0
7240,5-0,260,1,100,0,1
7241,5-0,260,1,100,20,0
7242,5-0,260,1,100,20,1
7243,5-0,260,1,100,30,0
7244,5-0,260,1,100,30,1
7245,5-0,260,1,100,50,0
7246,5-0,260,1,100,50,1
7247,5-0,260,1,100,70,0
7248,5-0,260,1,100,70,1
7249,5-0,260,1,100,80,0
7250,5-0,260,1,100,80,1
7251,5-0,260,1,100,100,0
7252,5-0,260,1,100,100,1
7253,5-0,260,5,0,0,0
7254,5-0,260,5,0,0,1
7255,5-0,260,5,0,20,0
7256,5-0,260,5,0,20,1
7257,5-0,260,5,0,30,0
7258,5-0,260,5,0,30,1
7259,5-0,260,5,0,50,0
7260,5-0,260,5,0,50,1
7261,5-0,260,5,0,70,0
7262,5-0,260,5,0,70,1
7263,5-0,260,5,0,80,0
7264,5-0,260,5,0,80,1
7265,5-0,260,5,0,100,0
7266,5-0,260,5,0,100,1
7267,5-0,260,5,20,0,0
7268,5-0,260,5,20,0,1
7269,5-0,260,5,20,20,0
7270,5-0,260,5,20,20,1
7271,5-0,260,5,20,30,0
7272,5-0,260,5,20,30,1
7273,5-0,260,5,20,50,0
7274,5-0,260,5,20,50,1
7275,5-0,260,5,20,70,0
7276,5-0,260,5,20,70,1
7277,5-0,260,5,20,80,0
7278,5-0,260,5,20,80,1
7279,5-0,260,5,20,100,0
7280,5-0,260,5,20,100,1
7281,5-0,260,5,30,0,0
7282,5-0,260,5,30,0,1
7283,5-0,260,5,30,20,0
7284,5-0,260,5,30,20,1
7285,5-0,260,5,30,30,0
7286,5-0,260,5,30,30,1
7287,5-0,260,5,30,50,0
7288,5-0,260,5,30,50,1
7289,5-0,260,5,30,70,0
7290,5-0,260,5,30,70,1
7291,5-0,260,5,30,80,0
7292,5-0,260,5,30,80,1
7293,5-0,260,5,30,100,0
7294,5-0,260,5,30,100,1
7295,5-0,260,5,50,0,0
7296,5-0,260,5,50,0,1
7297,5-0,260,5,50,20,0
7298,5-0,260,5,50,20,1
7299,5-0,260,5,50,30,0
7300,5-0,260,5,50,30,1
7301,5-0,260,5,50,50,0
7302,5-0,260,5,50,50,1
7303,5-0,260,5,50,70,0
7304,5-0,260,5,50,70,1
7305,5-0,260,5,50,80,0
7306,5-0,260,5,50,80,1
7307,5-0,260,5,50,100,0
7308,5-0,260,5,50,100,1
7309,5-0,260,5,70,0,0
7310,5-0,260,5,70,0,1
7311,5-0,260,5,70,20,0
7312,5-0,260,5,70,20,1
7313,5-0,260,5,70,30,0
7314,5-0,260,5,70,30,1
7315,5-0,260,5,70,50,0
7316,5-0,260,5,70,50,1
7317,5-0,260,5,70,70,0
7318,5-0,260,5,70,70,1
7319,5-0,260,5,70,80,0
7320,5-0,260,5,70,80,1
7321,5-0,260,5,70,100,0
7322,5-0,260,5,70,100,1
7323,5-0,260,5,80,0,0
7324,5-0,260,5,80,0,1
7325,5-0,260,5,80,20,0
7326,5-0,260,5,80,20,1
7327,5-0,260,5,80,30,0
7328,5-0,260,5,80,30,1
7329,5-0,260,5,80,50,0
7330,5-0,260,5,80,50,1
7331,5-0,260,5,80,70,0
7332,5-0,260,5,80,70,1
7333,5-0,260,5,80,80,0
7334,5-0,260,5,80,80,1
7335,5-0,260,5,80,100,0
7336,5-0,260,5,80,100,1
7337,5-0,260,5,100,0,0
7338,5-0,260,5,100,0,1
7339,5-0,260,5,100,20,0
7340,5-0,260,5,100,20,1
7341,5-0,260,5,100,30,0
7342,5-0,260,5,100,30,1
7343,5-0,260,5,100,50,0
7344,5-0,260,5,100,50,1
7345,5-0,260,5,100,70,0
7346,5-0,260,5,100,70,1
7347,5-0,260,5,100,80,0
7348,5-0,260,5,100,80,1
7349,5-0,260,5,100,100,0
7350,5-0,260,5,100,100,1
7351,5-0,280,0,0,0,0
7352,5-0,280,0,0,0,1
7353,5-0,280,0,0,20,0
7354,5-0,280,0,0,20,1
7355,5-0,280,0,0,30,0
7356,5-0,280,0,0,30,1
7357,5-0,280,0,0,50,0
7358,5-0,280,0,0,50,1
7359,5-0,280,0,0,70,0
7360,5-0,280,0,0,70,1
7361,5-0,280,0,0,80,0
7362,5-0,280,0,0,80,1
7363,5-0,280,0,0,100,0
7364,5-0,280,0,0,100,1
7365,5-0,280,0,20,0,0
7366,5-0,280,0,20,0,1
7367,5-0,280,0,20,20,0
7368,5-0,280,0,20,20,1
7369,5-0,280,0,20,30,0
7370,5-0,280,0,20,30,1
7371,5-0,280,0,20,50,0
7372,5-0,280,0,20,50,1
7373,5-0,280,0,20,70,0
7374,5-0,280,0,20,70,1
7375,5-0,280,0,20,80,0
7376,5-0,280,0,20,80,1
7377,5-0,280,0,20,100,0
7378,5-0,280,0,20,100,1
7379,5-0,280,0,30,0,0
7380,5-0,280,0,30,0,1
7381,5-0,280,0,30,20,0
7382,5-0,280,0,30,20,1
7383,5-0,280,0,30,30,0
7384,5-0,280,0,30,30,1
7385,5-0,280,0,30,50,0
7386,5-0,280,0,30,50,1
7387,5-0,280,0,30,70,0
7388,5-0,280,0,30,70,1
7389,5-0,280,0,30,80,0
7390,5-0,280,0,30,80,1
7391,5-0,280,0,30,100,0
7392,5-0,280,0,30,100,1
7393,5-0,280,0,50,0,0
7394,5-0,280,0,50,0,1
7395,5-0,280,0,50,20,0
7396,5-0,280,0,50,20,1
7397,5-0,280,0,50,30,0
7398,5-0,280,0,50,30,1
7399,5-0,280,0,50,50,0
7400,5-0,280,0,50,50,1
7401,5-0,280,0,50,70,0
7402,5-0,280,0,50,70,1
7403,5-0,280,0,50,80,0
7404,5-0,280,0,50,80,1
7405,5-0,280,0,50,100,0
7406,5-0,280,0,50,100,1
7407,5-0,280,0,70,0,0
7408,5-0,280,0,70,0,1
7409,5-0,280,0,70,20,0
7410,5-0,280,0,70,20,1
7411,5-0,280,0,70,30,0
7412,5-0,280,0,70,30,1
7413,5-0,280,0,70,50,0
7414,5-0,280,0,70,50,1
7415,5-0,280,0,70,70,0
7416,5-0,280,0,70,70,1
7417,5-0,280,0,70,80,0
7418,5-0,280,0,70,80,1
7419,5-0,280,0,70,100,0
7420,5-0,280,0,70,100,1
7421,5-0,280,0,80,0,0
7422,5-0,280,0,80,0,1
7423,5-0,280,0,80,20,0
7424,5-0,280,0,80,20,1
7425,5-0,280,0,80,30,0
7426,5-0,280,0,80,30,1
7427,5-0,280,0,80,50,0
7428,5-0,280,0,80,50,1
7429,5-0,280,0,80,70,0
7430,5-0,280,0,80,70,1
7431,5-0,280,0,80,80,0
7432,5-0,280,0,80,80,1
7433,5-0,280,0,80,100,0
7434,5-0,280,0,80,100,1
7435,5-0,280,0,100,0,0
7436,5-0,280,0,100,0,1
7437,5-0,280,0,100,20,0
7438,5-0,280,0,100,20,1
7439,5-0,280,0,100,30,0
7440,5-0,280,0,100,30,1
7441,5-0,280,0,100,50,0
7442,5-0,280,0,100,50,1
7443,5-0,280,0,100,70,0
7444,5-0,280,0,100,70,1
7445,5-0,280,0,100,80,0
7446,5-0,280,0,100,80,1
7447,5-0,280,0,100,100,0
7448,5-0,280,0,100,100,1
7449,5-0,280,75,0,0,0
7450,5-0,280,75,0,0,1
7451,5-0,280,75,0,20,0
7452,5-0,280,75,0,20,1
7453,5-0,280,75,0,30,0
7454,5-0,280,75,0,30,1
7455,5-0,280,75,0,50,0
7456,5-0,280,75,0,50,1
7457,5-0,280,75,0,70,0
7458,5-0,280,75,0,70,1
7459,5-0,280,75,0,80,0
7460,5-0,280,75,0,80,1
7461,5-0,280,75,0,100,0
7462,5-0,280,75,0,100,1
7463,5-0,280,75,20,0,0
7464,5-0,280,75,20,0,1
7465,5-0,280,75,20,20,0
7466,5-0,280,75,20,20,1
7467,5-0,280,75,20,30,0
7468,5-0,280,75,20,30,1
7469,5-0,280,75,20,50,0
7470,5-0,280,75,20,50,1
7471,5-0,280,75,20,70,0
7472,5-0,280,75,20,70,1
7473,5-0,280,75,20,80,0
7474,5-0,280,75,20,80,1
7475,5-0,280,75,20,100,0
7476,5-0,280,75,20,100,1
7477,5-0,280,75,30,0,0
7478,5-0,280,75,30,0,1
7479,5-0,280,75,30,20,0
7480,5-0,280,75,30,20,1
7481,5-0,280,75,30,30,0
7482,5-0,280,75,30,30,1
7483,5-0,280,75,30,50,0
7484,5-0,280,75,30,50,1
7485,5-0,280,75,30,70,0
7486,5-0,280,75,30,70,1
7487,5-0,280,75,30,80,0
7488,5-0,280,75,30,80,1
7489,5-0,280,75,30,100,0
7490,5-0,280,75,30,100,1
7491,5-0,280,75,50,0,0
7492,5-0,280,75,50,0,1
7493,5-0,280,75,50,20,0
7494,5-0,280,75,50,20,1
7495,5-0,280,75,50,30,0
7496,5-0,280,75,50,30,1
7497,5-0,280,75,50,50,0
7498,5-0,280,75,50,50,1
7499,5-0,280,75,50,70,0
7500,5-0,280,75,50,70,1
7501,5-0,280,75,50,80,0
7502,5-0,280,75,50,80,1
7503,5-0,280,75,50,100,0
7504,5-0,280,75,50,100,1
7505,5-0,280,75,70,0,0
7506,5-0,280,75,70,0,1
7507,5-0,280,75,70,20,0
7508,5-0,280,75,70,20,1
7509,5-0,280,75,70,30,0
7510,5-0,280,75,70,30,1
7511,5-0,280,75,70,50,0
7512,5-0,280,75,70,50,1
7513,5-0,280,75,70,70,0
7514,5-0,280,75,70,70,1
7515,5-0,280,75,70,80,0
7516,5-0,280,75,70,80,1
7517,5-0,280,75,70,100,0
7518,5-0,280,75,70,100,1
7519,5-0,280,75,80,0,0
7520,5-0,280,75,80,0,1
7521,5-0,280,75,80,20,0
7522,5-0,280,75,80,20,1
7523,5-0,280,75,80,30,0
7524,5-0,280,75,80,30,1
7525,5-0,280,75,80,50,0
7526,5-0,280,75,80,50,1
7527,5-0,280,75,80,70,0
7528,5-0,280,75,80,70,1
7529,5-0,280,75,80,80,0
7530,5-0,280,75,80,80,1
7531,5-0,280,75,80,100,0
7532,5-0,280,75,80,100,1
7533,5-0,280,75,100,0,0
7534,5-0,280,75,100,0,1
7535,5-0,280,75,100,20,0
7536,5-0,280,75,100,20,1
7537,5-0,280,75,100,30,0
7538,5-0,280,75,100,30,1
7539,5-0,280,75,100,50,0
7540,5-0,280,75,100,50,1
7541,5-0,280,75,100,70,0
7542,5-0,280,75,100,70,1
7543,5-0,280,75,100,80,0
7544,5-0,280,75,100,80,1
7545,5-0,280,75,100,100,0
7546,5-0,280,75,100,100,1
7547,5-0,280,1,0,0,0
7548,5-0,280,1,0,0,1
7549,5-0,280,1,0,20,0
7550,5-0,280,1,0,20,1
7551,5-0,280,1,0,30,0
7552,5-0,280,1,0,30,1
7553,5-0,280,1,0,50,0
7554,5-0,280,1,0,50,1
7555,5-0,280,1,0,70,0
7556,5-0,280,1,0,70,1
7557,5-0,280,1,0,80,0
7558,5-0,280,1,0,80,1
7559,5-0,280,1,0,100,0
7560,5-0,280,1,0,100,1
7561,5-0,280,1,20,0,0
7562,5-0,280,1,20,0,1
7563,5-0,280,1,20,20,0
7564,5-0,280,1,20,20,1
7565,5-0,280,1,20,30,0
7566,5-0,280,1,20,30,1
7567,5-0,280,1,20,50,0
7568,5-0,280,1,20,50,1
7569,5-0,280,1,20,70,0
7570,5-0,280,1,20,70,1
7571,5-0,280,1,20,80,0
7572,5-0,280,1,20,80,1
7573,5-0,280,1,20,100,0
7574,5-0,280,1,20,100,1
7575,5-0,280,1,30,0,0
7576,5-0,280,1,30,0,1
7577,5-0,280,1,30,20,0
7578,5-0,280,1,30,20,1
7579,5-0,280,1,30,30,0
7580,5-0,280,1,30,30,1
7581,5-0,280,1,30,50,0
7582,5-0,280,1,30,50,1
7583,5-0,280,1,30,70,0
7584,5-0,280,1,30,70,1
7585,5-0,280,1,30,80,0
7586,5-0,280,1,30,80,1
7587,5-0,280,1,30,100,0
7588,5-0,280,1,30,100,1
7589,5-0,280,1,50,0,0
7590,5-0,280,1,50,0,1
7591,5-0,280,1,50,20,0
7592,5-0,280,1,50,20,1
7593,5-0,280,1,50,30,0
7594,5-0,280,1,50,30,1
7595,5-0,280,1,50,50,0
7596,5-0,280,1,50,50,1
7597,5-0,280,1,50,70,0
7598,5-0,280,1,50,70,1
7599,5-0,280,1,50,80,0
7600,5-0,280,1,50,80,1
7601,5-0,280,1,50,100,0
7602,5-0,280,1,50,100,1
7603,5-0,280,1,70,0,0
7604,5-0,280,1,70,0,1
7605,5-0,280,1,70,20,0
7606,5-0,280,1,70,20,1
7607,5-0,280,1,70,30,0
7608,5-0,280,1,70,30,1
7609,5-0,280,1,70,50,0
7610,5-0,280,1,70,50,1
7611,5-0,280,1,70,70,0
7612,5-0,280,1,70,70,1
7613,5-0,280,1,70,80,0
7614,5-0,280,1,70,80,1
7615,5-0,280,1,70,100,0
7616,5-0,280,1,70,100,1
7617,5-0,280,1,80,0,0
7618,5-0,280,1,80,0,1
7619,5-0,280,1,80,20,0
7620,5-0,280,1,80,20,1
7621,5-0,280,1,80,30,0
7622,5-0,280,1,80,30,1
7623,5-0,280,1,80,50,0
7624,5-0,280,1,80,50,1
7625,5-0,280,1,80,70,0
7626,5-0,280,1,80,70,1
7627,5-0,280,1,80,80,0
7628,5-0,280,1,80,80,1
7629,5-0,280,1,80,100,0
7630,5-0,280,1,80,100,1
7631,5-0,280,1,100,0,0
7632,5-0,280,1,100,0,1
7633,5-0,280,1,100,20,0
7634,5-0,280,1,100,20,1
7635,5-0,280,1,100,30,0
7636,5-0,280,1,100,30,1
7637,5-0,280,1,100,50,0
7638,5-0,280,1,100,50,1
7639,5-0,280,1,100,70,0
7640,5-0,280,1,100,70,1
7641,5-0,280,1,100,80,0
7642,5-0,280,1,100,80,1
7643,5-0,280,1,100,100,0
7644,5-0,280,1,100,100,1
7645,5-0,280,1,0,0,0
7646,5-0,280,1,0,0,1
7647,5-0,280,1,0,20,0
7648,5-0,280,1,0,20,1
7649,5-0,280,1,0,30,0
7650,5-0,280,1,0,30,1
7651,5-0,280,1,0,50,0
7652,5-0,280,1,0,50,1
7653,5-0,280,1,0,70,0
7654,5-0,280,1,0,70,1
7655,5-0,280,1,0,80,0
7656,5-0,280,1,0,80,1
7657,5-0,280,1,0,100,0
7658,5-0,280,1,0,100,1
7659,5-0,280,1,20,0,0
7660,5-0,280,1,20,0,1
7661,5-0,280,1,20,20,0
7662,5-0,280,1,20,20,1
7663,5-0,280,1,20,30,0
7664,5-0,280,1,20,30,1
7665,5-0,280,1,20,50,0
7666,5-0,280,1,20,50,1
7667,5-0,280,1,20,70,0
7668,5-0,280,1,20,70,1
7669,5-0,280,1,20,80,0
7670,5-0,280,1,20,80,1
7671,5-0,280,1,20,100,0
7672,5-0,280,1,20,100,1
7673,5-0,280,1,30,0,0
7674,5-0,280,1,30,0,1
7675,5-0,280,1,30,20,0
7676,5-0,280,1,30,20,1
7677,5-0,280,1,30,30,0
7678,5-0,280,1,30,30,1
7679,5-0,280,1,30,50,0
7680,5-0,280,1,30,50,1
7681,5-0,280,1,30,70,0
7682,5-0,280,1,30,70,1
7683,5-0,280,1,30,80,0
7684,5-0,280,1,30,80,1
7685,5-0,280,1,30,100,0
7686,5-0,280,1,30,100,1
7687,5-0,280,1,50,0,0
7688,5-0,280,1,50,0,1
7689,5-0,280,1,50,20,0
7690,5-0,280,1,50,20,1
7691,5-0,280,1,50,30,0
7692,5-0,280,1,50,30,1
7693,5-0,280,1,50,50,0
7694,5-0,280,1,50,50,1
7695,5-0,280,1,50,70,0
7696,5-0,280,1,50,70,1
7697,5-0,280,1,50,80,0
7698,5-0,280,1,50,80,1
7699,5-0,280,1,50,100,0
7700,5-0,280,1,50,100,1
7701,5-0,280,1,70,0,0
7702,5-0,280,1,70,0,1
7703,5-0,280,1,70,20,0
7704,5-0,280,1,70,20,1
7705,5-0,280,1,70,30,0
7706,5-0,280,1,70,30,1
7707,5-0,280,1,70,50,0
7708,5-0,280,1,70,50,1
7709,5-0,280,1,70,70,0
7710,5-0,280,1,70,70,1
7711,5-0,280,1,70,80,0
7712,5-0,280,1,70,80,1
7713,5-0,280,1,70,100,0
7714,5-0,280,1,70,100,1
7715,5-0,280,1,80,0,0
7716,5-0,280,1,80,0,1
7717,5-0,280,1,80,20,0
7718,5-0,280,1,80,20,1
7719,5-0,280,1,80,30,0
7720,5-0,280,1,80,30,1
7721,5-0,280,1,80,50,0
7722,5-0,280,1,80,50,1
7723,5-0,280,1,80,70,0
7724,5-0,280,1,80,70,1
7725,5-0,280,1,80,80,0
7726,5-0,280,1,80,80,1
7727,5-0,280,1,80,100,0
7728,5-0,280,1,80,100,1
7729,5-0,280,1,100,0,0
7730,5-0,280,1,100,0,1
7731,5-0,280,1,100,20,0
7732,5-0,280,1,100,20,1
7733,5-0,280,1,100,30,0
7734,5-0,280,1,100,30,1
7735,5-0,280,1,100,50,0
7736,5-0,280,1,100,50,1
7737,5-0,280,1,100,70,0
7738,5-0,280,1,100,70,1
7739,5-0,280,1,100,80,0
7740,5-0,280,1,100,80,1
7741,5-0,280,1,100,100,0
7742,5-0,280,1,100,100,1
7743,5-0,280,5,0,0,0
7744,5-0,280,5,0,0,1
7745,5-0,280,5,0,20,0
7746,5-0,280,5,0,20,1
7747,5-0,280,5,0,30,0
7748,5-0,280,5,0,30,1
7749,5-0,280,5,0,50,0
7750,5-0,280,5,0,50,1
7751,5-0,280,5,0,70,0
7752,5-0,280,5,0,70,1
7753,5-0,280,5,0,80,0
7754,5-0,280,5,0,80,1
7755,5-0,280,5,0,100,0
7756,5-0,280,5,0,100,1
7757,5-0,280,5,20,0,0
7758,5-0,280,5,20,0,1
7759,5-0,280,5,20,20,0
7760,5-0,280,5,20,20,1
7761,5-0,280,5,20,30,0
7762,5-0,280,5,20,30,1
7763,5-0,280,5,20,50,0
7764,5-0,280,5,20,50,1
7765,5-0,280,5,20,70,0
7766,5-0,280,5,20,70,1
7767,5-0,280,5,20,80,0
7768,5-0,280,5,20,80,1
7769,5-0,280,5,20,100,0
7770,5-0,280,5,20,100,1
7771,5-0,280,5,30,0,0
7772,5-0,280,5,30,0,1
7773,5-0,280,5,30,20,0
7774,5-0,280,5,30,20,1
7775,5-0,280,5,30,30,0
7776,5-0,280,5,30,30,1
7777,5-0,280,5,30,50,0
7778,5-0,280,5,30,50,1
7779,5-0,280,5,30,70,0
7780,5-0,280,5,30,70,1
7781,5-0,280,5,30,80,0
7782,5-0,280,5,30,80,1
7783,5-0,280,5,30,100,0
7784,5-0,280,5,30,100,1
7785,5-0,280,5,50,0,0
7786,5-0,280,5,50,0,1
7787,5-0,280,5,50,20,0
7788,5-0,280,5,50,20,1
7789,5-0,280,5,50,30,0
7790,5-0,280,5,50,30,1
7791,5-0,280,5,50,50,0
7792,5-0,280,5,50,50,1
7793,5-0,280,5,50,70,0
7794,5-0,280,5,50,70,1
7795,5-0,280,5,50,80,0
7796,5-0,280,5,50,80,1
7797,5-0,280,5,50,100,0
7798,5-0,280,5,50,100,1
7799,5-0,280,5,70,0,0
7800,5-0,280,5,70,0,1
7801,5-0,280,5,70,20,0
7802,5-0,280,5,70,20,1
7803,5-0,280,5,70,30,0
7804,5-0,280,5,70,30,1
7805,5-0,280,5,70,50,0
7806,5-0,280,5,70,50,1
7807,5-0,280,5,70,70,0
7808,5-0,280,5,70,70,1
7809,5-0,280,5,70,80,0
7810,5-0,280,5,70,80,1
7811,5-0,280,5,70,100,0
7812,5-0,280,5,70,100,1
7813,5-0,280,5,80,0,0
7814,5-0,280,5,80,0,1
7815,5-0,280,5,80,20,0
7816,5-0,280,5,80,20,1
7817,5-0,280,5,80,30,0
7818,5-0,280,5,80,30,1
7819,5-0,280,5,80,50,0
7820,5-0,280,5,80,50,1
7821,5-0,280,5,80,70,0
7822,5-0,280,5,80,70,1
7823,5-0,280,5,80,80,0
7824,5-0,280,5,80,80,1
7825,5-0,280,5,80,100,0
7826,5-0,280,5,80,100,1
7827,5-0,280,5,100,0,0
7828,5-0,280,5,100,0,1
7829,5-0,280,5,100,20,0
7830,5-0,280,5,100,20,1
7831,5-0,280,5,100,30,0
7832,5-0,280,5,100,30,1
7833,5-0,280,5,100,50,0
7834,5-0,280,5,100,50,1
7835,5-0,280,5,100,70,0
7836,5-0,280,5,100,70,1
7837,5-0,280,5,100,80,0
7838,5-0,280,5,100,80,1
7839,5-0,280,5,100,100,0
7840,5-0,280,5,100,100,1
7841,5-0,300,0,0,0,0
7842,5-0,300,0,0,0,1
7843,5-0,300,0,0,20,0
7844,5-0,300,0,0,20,1
7845,5-0,300,0,0,30,0
7846,5-0,300,0,0,30,1
7847,5-0,300,0,0,50,0
7848,5-0,300,0,0,50,1
7849,5-0,300,0,0,70,0
7850,5-0,300,0,0,70,1
7851,5-0,300,0,0,80,0
7852,5-0,300,0,0,80,1
7853,5-0,300,0,0,100,0
7854,5-0,300,0,0,100,1
7855,5-0,300,0,20,0,0
7856,5-0,300,0,20,0,1
7857,5-0,300,0,20,20,0
7858,5-0,300,0,20,20,1
7859,5-0,300,0,20,30,0
7860,5-0,300,0,20,30,1
7861,5-0,300,0,20,50,0
7862,5-0,300,0,20,50,1
7863,5-0,300,0,20,70,0
7864,5-0,300,0,20,70,1
7865,5-0,300,0,20,80,0
7866,5-0,300,0,20,80,1
7867,5-0,300,0,20,100,0
7868,5-0,300,0,20,100,1
7869,5-0,300,0,30,0,0
7870,5-0,300,0,30,0,1
7871,5-0,300,0,30,20,0
7872,5-0,300,0,30,20,1
7873,5-0,300,0,30,30,0
7874,5-0,300,0,30,30,1
7875,5-0,300,0,30,50,0
7876,5-0,300,0,30,50,1
7877,5-0,300,0,30,70,0
7878,5-0,300,0,30,70,1
7879,5-0,300,0,30,80,0
7880,5-0,300,0,30,80,1
7881,5-0,300,0,30,100,0
7882,5-0,300,0,30,100,1
7883,5-0,300,0,50,0,0
7884,5-0,300,0,50,0,1
7885,5-0,300,0,50,20,0
7886,5-0,300,0,50,20,1
7887,5-0,300,0,50,30,0
7888,5-0,300,0,50,30,1
7889,5-0,300,0,50,50,0
7890,5-0,300,0,50,50,1
7891,5-0,300,0,50,70,0
7892,5-0,300,0,50,70,1
7893,5-0,300,0,50,80,0
7894,5-0,300,0,50,80,1
7895,5-0,300,0,50,100,0
7896,5-0,300,0,50,100,1
7897,5-0,300,0,70,0,0
7898,5-0,300,0,70,0,1
7899,5-0,300,0,70,20,0
7900,5-0,300,0,70,20,1
7901,5-0,300,0,70,30,0
7902,5-0,300,0,70,30,1
7903,5-0,300,0,70,50,0
7904,5-0,300,0,70,50,1
7905,5-0,300,0,70,70,0
7906,5-0,300,0,70,70,1
7907,5-0,300,0,70,80,0
7908,5-0,300,0,70,80,1
7909,5-0,300,0,70,100,0
7910,5-0,300,0,70,100,1
7911,5-0,300,0,80,0,0
7912,5-0,300,0,80,0,1
7913,5-0,300,0,80,20,0
7914,5-0,300,0,80,20,1
7915,5-0,300,0,80,30,0
7916,5-0,300,0,80,30,1
7917,5-0,300,0,80,50,0
7918,5-0,300,0,80,50,1
7919,5-0,300,0,80,70,0
7920,5-0,300,0,80,70,1
7921,5-0,300,0,80,80,0
7922,5-0,300,0,80,80,1
7923,5-0,300,0,80,100,0
7924,5-0,300,0,80,100,1
7925,5-0,300,0,100,0,0
7926,5-0,300,0,100,0,1
7927,5-0,300,0,100,20,0
7928,5-0,300,0,100,20,1
7929,5-0,300,0,100,30,0
7930,5-0,300,0,100,30,1
7931,5-0,300,0,100,50,0
7932,5-0,300,0,100,50,1
7933,5-0,300,0,100,70,0
7934,5-0,300,0,100,70,1
7935,5-0,300,0,100,80,0
7936,5-0,300,0,100,80,1
7937,5-0,300,0,100,100,0
7938,5-0,300,0,100,100,1
7939,5-0,300,75,0,0,0
7940,5-0,300,75,0,0,1
7941,5-0,300,75,0,20,0
7942,5-0,300,75,0,20,1
7943,5-0,300,75,0,30,0
7944,5-0,300,75,0,30,1
7945,5-0,300,75,0,50,0
7946,5-0,300,75,0,50,1
7947,5-0,300,75,0,70,0
7948,5-0,300,75,0,70,1
7949,5-0,300,75,0,80,0
7950,5-0,300,75,0,80,1
7951,5-0,300,75,0,100,0
7952,5-0,300,75,0,100,1
7953,5-0,300,75,20,0,0
7954,5-0,300,75,20,0,1
7955,5-0,300,75,20,20,0
7956,5-0,300,75,20,20,1
7957,5-0,300,75,20,30,0
7958,5-0,300,75,20,30,1
7959,5-0,300,75,20,50,0
7960,5-0,300,75,20,50,1
7961,5-0,300,75,20,70,0
7962,5-0,300,75,20,70,1
7963,5-0,300,75,20,80,0
7964,5-0,300,75,20,80,1
7965,5-0,300,75,20,100,0
7966,5-0,300,75,20,100,1
7967,5-0,300,75,30,0,0
7968,5-0,300,75,30,0,1
7969,5-0,300,75,30,20,0
7970,5-0,300,75,30,20,1
7971,5-0,300,75,30,30,0
7972,5-0,300,75,30,30,1
7973,5-0,300,75,30,50,0
7974,5-0,300,75,30,50,1
7975,5-0,300,75,30,70,0
7976,5-0,300,75,30,70,1
7977,5-0,300,75,30,80,0
7978,5-0,300,75,30,80,1
7979,5-0,300,75,30,100,0
7980,5-0,300,75,30,100,1
7981,5-0,300,75,50,0,0
7982,5-0,300,75,50,0,1
7983,5-0,300,75,50,20,0
7984,5-0,300,75,50,20,1
7985,5-0,300,75,50,30,0
7986,5-0,300,75,50,30,1
7987,5-0,300,75,50,50,0
7988,5-0,300,75,50,50,1
7989,5-0,300,75,50,70,0
7990,5-0,300,75,50,70,1
7991,5-0,300,75,50,80,0
7992,5-0,300,75,50,80,1
7993,5-0,300,75,50,100,0
7994,5-0,300,75,50,100,1
7995,5-0,300,75,70,0,0
7996,5-0,300,75,70,0,1
7997,5-0,300,75,70,20,0
7998,5-0,300,75,70,20,1
7999,5-0,300,75,70,30,0
8000,5-0,300,75,70,30,1
8001,5-0,300,75,70,50,0
8002,5-0,300,75,70,50,1
8003,5-0,300,75,70,70,0
8004,5-0,300,75,70,70,1
8005,5-0,300,75,70,80,0
8006,5-0,300,75,70,80,1
8007,5-0,300,75,70,100,0
8008,5-0,300,75,70,100,1
8009,5-0,300,75,80,0,0
8010,5-0,300,75,80,0,1
8011,5-0,300,75,80,20,0
8012,5-0,300,75,80,20,1
8013,5-0,300,75,80,30,0
8014,5-0,300,75,80,30,1
8015,5-0,300,75,80,50,0
8016,5-0,300,75,80,50,1
8017,5-0,300,75,80,70,0
8018,5-0,300,75,80,70,1
8019,5-0,300,75,80,80,0
8020,5-0,300,75,80,80,1
8021,5-0,300,75,80,100,0
8022,5-0,300,75,80,100,1
8023,5-0,300,75,100,0,0
8024,5-0,300,75,100,0,1
8025,5-0,300,75,100,20,0
8026,5-0,300,75,100,20,1
8027,5-0,300,75,100,30,0
8028,5-0,300,75,100,30,1
8029,5-0,300,75,100,50,0
8030,5-0,300,75,100,50,1
8031,5-0,300,75,100,70,0
8032,5-0,300,75,100,70,1
8033,5-0,300,75,100,80,0
8034,5-0,300,75,100,80,1
8035,5-0,300,75,100,100,0
8036,5-0,300,75,100,100,1
8037,5-0,300,1,0,0,0
8038,5-0,300,1,0,0,1
8039,5-0,300,1,0,20,0
8040,5-0,300,1,0,20,1
8041,5-0,300,1,0,30,0
8042,5-0,300,1,0,30,1
8043,5-0,300,1,0,50,0
8044,5-0,300,1,0,50,1
8045,5-0,300,1,0,70,0
8046,5-0,300,1,0,70,1
8047,5-0,300,1,0,80,0
8048,5-0,300,1,0,80,1
8049,5-0,300,1,0,100,0
8050,5-0,300,1,0,100,1
8051,5-0,300,1,20,0,0
8052,5-0,300,1,20,0,1
8053,5-0,300,1,20,20,0
8054,5-0,300,1,20,20,1
8055,5-0,300,1,20,30,0
8056,5-0,300,1,20,30,1
8057,5-0,300,1,20,50,0
8058,5-0,300,1,20,50,1
8059,5-0,300,1,20,70,0
8060,5-0,300,1,20,70,1
8061,5-0,300,1,20,80,0
8062,5-0,300,1,20,80,1
8063,5-0,300,1,20,100,0
8064,5-0,300,1,20,100,1
8065,5-0,300,1,30,0,0
8066,5-0,300,1,30,0,1
8067,5-0,300,1,30,20,0
8068,5-0,300,1,30,20,1
8069,5-0,300,1,30,30,0
8070,5-0,300,1,30,30,1
8071,5-0,300,1,30,50,0
8072,5-0,300,1,30,50,1
8073,5-0,300,1,30,70,0
8074,5-0,300,1,30,70,1
8075,5-0,300,1,30,80,0
8076,5-0,300,1,30,80,1
8077,5-0,300,1,30,100,0
8078,5-0,300,1,30,100,1
8079,5-0,300,1,50,0,0
8080,5-0,300,1,50,0,1
8081,5-0,300,1,50,20,0
8082,5-0,300,1,50,20,1
8083,5-0,300,1,50,30,0
8084,5-0,300,1,50,30,1
8085,5-0,300,1,50,50,0
8086,5-0,300,1,50,50,1
8087,5-0,300,1,50,70,0
8088,5-0,300,1,50,70,1
8089,5-0,300,1,50,80,0
8090,5-0,300,1,50,80,1
8091,5-0,300,1,50,100,0
8092,5-0,300,1,50,100,1
8093,5-0,300,1,70,0,0
8094,5-0,300,1,70,0,1
8095,5-0,300,1,70,20,0
8096,5-0,300,1,70,20,1
8097,5-0,300,1,70,30,0
8098,5-0,300,1,70,30,1
8099,5-0,300,1,70,50,0
8100,5-0,300,1,70,50,1
8101,5-0,300,1,70,70,0
8102,5-0,300,1,70,70,1
8103,5-0,300,1,70,80,0
8104,5-0,300,1,70,80,1
8105,5-0,300,1,70,100,0
8106,5-0,300,1,70,100,1
8107,5-0,300,1,80,0,0
8108,5-0,300,1,80,0,1
8109,5-0,300,1,80,20,0
8110,5-0,300,1,80,20,1
8111,5-0,300,1,80,30,0
8112,5-0,300,1,80,30,1
8113,5-0,300,1,80,50,0
8114,5-0,300,1,80,50,1
8115,5-0,300,1,80,70,0
8116,5-0,300,1,80,70,1
8117,5-0,300,1,80,80,0
8118,5-0,300,1,80,80,1
8119,5-0,300,1,80,100,0
8120,5-0,300,1,80,100,1
8121,5-0,300,1,100,0,0
8122,5-0,300,1,100,0,1
8123,5-0,300,1,100,20,0
8124,5-0,300,1,100,20,1
8125,5-0,300,1,100,30,0
8126,5-0,300,1,100,30,1
8127,5-0,300,1,100,50,0
8128,5-0,300,1,100,50,1
8129,5-0,300,1,100,70,0
8130,5-0,300,1,100,70,1
8131,5-0,300,1,100,80,0
8132,5-0,300,1,100,80,1
8133,5-0,300,1,100,100,0
8134,5-0,300,1,100,100,1
8135,5-0,300,1,0,0,0
8136,5-0,300,1,0,0,1
8137,5-0,300,1,0,20,0
8138,5-0,300,1,0,20,1
8139,5-0,300,1,0,30,0
8140,5-0,300,1,0,30,1
8141,5-0,300,1,0,50,0
8142,5-0,300,1,0,50,1
8143,5-0,300,1,0,70,0
8144,5-0,300,1,0,70,1
8145,5-0,300,1,0,80,0
8146,5-0,300,1,0,80,1
8147,5-0,300,1,0,100,0
8148,5-0,300,1,0,100,1
8149,5-0,300,1,20,0,0
8150,5-0,300,1,20,0,1
8151,5-0,300,1,20,20,0
8152,5-0,300,1,20,20,1
8153,5-0,300,1,20,30,0
8154,5-0,300,1,20,30,1
8155,5-0,300,1,20,50,0
8156,5-0,300,1,20,50,1
8157,5-0,300,1,20,70,0
8158,5-0,300,1,20,70,1
8159,5-0,300,1,20,80,0
8160,5-0,300,1,20,80,1
8161,5-0,300,1,20,100,0
8162,5-0,300,1,20,100,1
8163,5-0,300,1,30,0,0
8164,5-0,300,1,30,0,1
8165,5-0,300,1,30,20,0
8166,5-0,300,1,30,20,1
8167,5-0,300,1,30,30,0
8168,5-0,300,1,30,30,1
8169,5-0,300,1,30,50,0
8170,5-0,300,1,30,50,1
8171,5-0,300,1,30,70,0
8172,5-0,300,1,30,70,1
8173,5-0,300,1,30,80,0
8174,5-0,300,1,30,80,1
8175,5-0,300,1,30,100,0
8176,5-0,300,1,30,100,1
8177,5-0,300,1,50,0,0
8178,5-0,300,1,50,0,1
8179,5-0,300,1,50,20,0
8180,5-0,300,1,50,20,1
8181,5-0,300,1,50,30,0
8182,5-0,300,1,50,30,1
8183,5-0,300,1,50,50,0
8184,5-0,300,1,50,50,1
8185,5-0,300,1,50,70,0
8186,5-0,300,1,50,70,1
8187,5-0,300,1,50,80,0
8188,5-0,300,1,50,80,1
8189,5-0,300,1,50,100,0
8190,5-0,300,1,50,100,1
8191,5-0,300,1,70,0,0
8192,5-0,300,1,70,0,1
8193,5-0,300,1,70,20,0
8194,5-0,300,1,70,20,1
8195,5-0,300,1,70,30,0
8196,5-0,300,1,70,30,1
8197,5-0,300,1,70,50,0
8198,5-0,300,1,70,50,1
8199,5-0,300,1,70,70,0
8200,5-0,300,1,70,70,1
8201,5-0,300,1,70,80,0
8202,5-0,300,1,70,80,1
8203,5-0,300,1,70,100,0
8204,5-0,300,1,70,100,1
8205,5-0,300,1,80,0,0
8206,5-0,300,1,80,0,1
8207,5-0,300,1,80,20,0
8208,5-0,300,1,80,20,1
8209,5-0,300,1,80,30,0
8210,5-0,300,1,80,30,1
8211,5-0,300,1,80,50,0
8212,5-0,300,1,80,50,1
8213,5-0,300,1,80,70,0
8214,5-0,300,1,80,70,1
8215,5-0,300,1,80,80,0
8216,5-0,300,1,80,80,1
8217,5-0,300,1,80,100,0
8218,5-0,300,1,80,100,1
8219,5-0,300,1,100,0,0
8220,5-0,300,1,100,0,1
8221,5-0,300,1,100,20,0
8222,5-0,300,1,100,20,1
8223,5-0,300,1,100,30,0
8224,5-0,300,1,100,30,1
8225,5-0,300,1,100,50,0
8226,5-0,300,1,100,50,1
8227,5-0,300,1,100,70,0
8228,5-0,300,1,100,70,1
8229,5-0,300,1,100,80,0
8230,5-0,300,1,100,80,1
8231,5-0,300,1,100,100,0
8232,5-0,300,1,100,100,1
8233,5-0,300,5,0,0,0
8234,5-0,300,5,0,0,1
8235,5-0,300,5,0,20,0
8236,5-0,300,5,0,20,1
8237,5-0,300,5,0,30,0
8238,5-0,300,5,0,30,1
8239,5-0,300,5,0,50,0
8240,5-0,300,5,0,50,1
8241,5-0,300,5,0,70,0
8242,5-0,300,5,0,70,1
8243,5-0,300,5,0,80,0
8244,5-0,300,5,0,80,1
8245,5-0,300,5,0,100,0
8246,5-0,300,5,0,100,1
8247,5-0,300,5,20,0,0
8248,5-0,300,5,20,0,1
8249,5-0,300,5,20,20,0
8250,5-0,300,5,20,20,1
8251,5-0,300,5,20,30,0
8252,5-0,300,5,20,30,1
8253,5-0,300,5,20,50,0
8254,5-0,300,5,20,50,1
8255,5-0,300,5,20,70,0
8256,5-0,300,5,20,70,1
8257,5-0,300,5,20,80,0
8258,5-0,300,5,20,80,1
8259,5-0,300,5,20,100,0
8260,5-0,300,5,20,100,1
8261,5-0,300,5,30,0,0
8262,5-0,300,5,30,0,1
8263,5-0,300,5,30,20,0
8264,5-0,300,5,30,20,1
8265,5-0,300,5,30,30,0
8266,5-0,300,5,30,30,1
8267,5-0,300,5,30,50,0
8268,5-0,300,5,30,50,1
8269,5-0,300,5,30,70,0
8270,5-0,300,5,30,70,1
8271,5-0,300,5,30,80,0
8272,5-0,300,5,30,80,1
8273,5-0,300,5,30,100,0
8274,5-0,300,5,30,100,1
8275,5-0,300,5,50,0,0
8276,5-0,300,5,50,0,1
8277,5-0,300,5,50,20,0
8278,5-0,300,5,50,20,1
8279,5-0,300,5,50,30,0
8280,5-0,300,5,50,30,1
8281,5-0,300,5,50,50,0
8282,5-0,300,5,50,50,1
8283,5-0,300,5,50,70,0
8284,5-0,300,5,50,70,1
8285,5-0,300,5,50,80,0
8286,5-0,300,5,50,80,1
8287,5-0,300,5,50,100,0
8288,5-0,300,5,50,100,1
8289,5-0,300,5,70,0,0
8290,5-0,300,5,70,0,1
8291,5-0,300,5,70,20,0
8292,5-0,300,5,70,20,1
8293,5-0,300,5,70,30,0
8294,5-0,300,5,70,30,1
8295,5-0,300,5,70,50,0
8296,5-0,300,5,70,50,1
8297,5-0,300,5,70,70,0
8298,5-0,300,5,70,70,1
8299,5-0,300,5,70,80,0
8300,5-0,300,5,70,80,1
8301,5-0,300,5,70,100,0
8302,5-0,300,5,70,100,1
8303,5-0,300,5,80,0,0
8304,5-0,300,5,80,0,1
8305,5-0,300,5,80,20,0
8306,5-0,300,5,80,20,1
8307,5-0,300,5,80,30,0
8308,5-0,300,5,80,30,1
8309,5-0,300,5,80,50,0
8310,5-0,300,5,80,50,1
8311,5-0,300,5,80,70,0
8312,5-0,300,5,80,70,1
8313,5-0,300,5,80,80,0
8314,5-0,300,5,80,80,1
8315,5-0,300,5,80,100,0
8316,5-0,300,5,80,100,1
8317,5-0,300,5,100,0,0
8318,5-0,300,5,100,0,1
8319,5-0,300,5,100,20,0
8320,5-0,300,5,100,20,1
8321,5-0,300,5,100,30,0
8322,5-0,300,5,100,30,1
8323,5-0,300,5,100,50,0
8324,5-0,300,5,100,50,1
8325,5-0,300,5,100,70,0
8326,5-0,300,5,100,70,1
8327,5-0,300,5,100,80,0
8328,5-0,300,5,100,80,1
8329,5-0,300,5,100,100,0
8330,5-0,300,5,100,100,1
8331,5-0,320,0,0,0,0
8332,5-0,320,0,0,0,1
8333,5-0,320,0,0,20,0
8334,5-0,320,0,0,20,1
8335,5-0,320,0,0,30,0
8336,5-0,320,0,0,30,1
8337,5-0,320,0,0,50,0
8338,5-0,320,0,0,50,1
8339,5-0,320,0,0,70,0
8340,5-0,320,0,0,70,1
8341,5-0,320,0,0,80,0
8342,5-0,320,0,0,80,1
8343,5-0,320,0,0,100,0
8344,5-0,320,0,0,100,1
8345,5-0,320,0,20,0,0
8346,5-0,320,0,20,0,1
8347,5-0,320,0,20,20,0
8348,5-0,320,0,20,20,1
8349,5-0,320,0,20,30,0
8350,5-0,320,0,20,30,1
8351,5-0,320,0,20,50,0
8352,5-0,320,0,20,50,1
8353,5-0,320,0,20,70,0
8354,5-0,320,0,20,70,1
8355,5-0,320,0,20,80,0
8356,5-0,320,0,20,80,1
8357,5-0,320,0,20,100,0
8358,5-0,320,0,20,100,1
8359,5-0,320,0,30,0,0
8360,5-0,320,0,30,0,1
8361,5-0,320,0,30,20,0
8362,5-0,320,0,30,20,1
8363,5-0,320,0,30,30,0
8364,5-0,320,0,30,30,1
8365,5-0,320,0,30,50,0
8366,5-0,320,0,30,50,1
8367,5-0,320,0,30,70,0
8368,5-0,320,0,30,70,1
8369,5-0,320,0,30,80,0
8370,5-0,320,0,30,80,1
8371,5-0,320,0,30,100,0
8372,5-0,320,0,30,100,1
8373,5-0,320,0,50,0,0
8374,5-0,320,0,50,0,1
8375,5-0,320,0,50,20,0
8376,5-0,320,0,50,20,1
8377,5-0,320,0,50,30,0
8378,5-0,320,0,50,30,1
8379,5-0,320,0,50,50,0
8380,5-0,320,0,50,50,1
8381,5-0,320,0,50,70,0
8382,5-0,320,0,50,70,1
8383,5-0,320,0,50,80,0
8384,5-0,320,0,50,80,1
8385,5-0,320,0,50,100,0
8386,5-0,320,0,50,100,1
8387,5-0,320,0,70,0,0
8388,5-0,320,0,70,0,1
8389,5-0,320,0,70,20,0
8390,5-0,320,0,70,20,1
8391,5-0,320,0,70,30,0
8392,5-0,320,0,70,30,1
8393,5-0,320,0,70,50,0
8394,5-0,320,0,70,50,1
8395,5-0,320,0,70,70,0
8396,5-0,320,0,70,70,1
8397,5-0,320,0,70,80,0
8398,5-0,320,0,70,80,1
8399,5-0,320,0,70,100,0
8400,5-0,320,0,70,100,1
8401,5-0,320,0,80,0,0
8402,5-0,320,0,80,0,1
8403,5-0,320,0,80,20,0
8404,5-0,320,0,80,20,1
8405,5-0,320,0,80,30,0
8406,5-0,320,0,80,30,1
8407,5-0,320,0,80,50,0
8408,5-0,320,0,80,50,1
8409,5-0,320,0,80,70,0
8410,5-0,320,0,80,70,1
8411,5-0,320,0,80,80,0
8412,5-0,320,0,80,80,1
8413,5-0,320,0,80,100,0
8414,5-0,320,0,80,100,1
8415,5-0,320,0,100,0,0
8416,5-0,320,0,100,0,1
8417,5-0,320,0,100,20,0
8418,5-0,320,0,100,20,1
8419,5-0,320,0,100,30,0
8420,5-0,320,0,100,30,1
8421,5-0,320,0,100,50,0
8422,5-0,320,0,100,50,1
8423,5-0,320,0,100,70,0
8424,5-0,320,0,100,70,1
8425,5-0,320,0,100,80,0
8426,5-0,320,0,100,80,1
8427,5-0,320,0,100,100,0
8428,5-0,320,0,100,100,1
8429,5-0,320,75,0,0,0
8430,5-0,320,75,0,0,1
8431,5-0,320,75,0,20,0
8432,5-0,320,75,0,20,1
8433,5-0,320,75,0,30,0
8434,5-0,320,75,0,30,1
8435,5-0,320,75,0,50,0
8436,5-0,320,75,0,50,1
8437,5-0,320,75,0,70,0
8438,5-0,320,75,0,70,1
8439,5-0,320,75,0,80,0
8440,5-0,320,75,0,80,1
8441,5-0,320,75,0,100,0
8442,5-0,320,75,0,100,1
8443,5-0,320,75,20,0,0
8444,5-0,320,75,20,0,1
8445,5-0,320,75,20,20,0
8446,5-0,320,75,20,20,1
8447,5-0,320,75,20,30,0
8448,5-0,320,75,20,30,1
8449,5-0,320,75,20,50,0
8450,5-0,320,75,20,50,1
8451,5-0,320,75,20,70,0
8452,5-0,320,75,20,70,1
8453,5-0,320,75,20,80,0
8454,5-0,320,75,20,80,1
8455,5-0,320,75,20,100,0
8456,5-0,320,75,20,100,1
8457,5-0,320,75,30,0,0
8458,5-0,320,75,30,0,1
8459,5-0,320,75,30,20,0
8460,5-0,320,75,30,20,1
8461,5-0,320,75,30,30,0
8462,5-0,320,75,30,30,1
8463,5-0,320,75,30,50,0
8464,5-0,320,75,30,50,1
8465,5-0,320,75,30,70,0
8466,5-0,320,75,30,70,1
8467,5-0,320,75,30,80,0
8468,5-0,320,75,30,80,1
8469,5-0,320,75,30,100,0
8470,5-0,320,75,30,100,1
8471,5-0,320,75,50,0,0
8472,5-0,320,75,50,0,1
8473,5-0,320,75,50,20,0
8474,5-0,320,75,50,20,1
8475,5-0,320,75,50,30,0
8476,5-0,320,75,50,30,1
8477,5-0,320,75,50,50,0
8478,5-0,320,75,50,50,1
8479,5-0,320,75,50,70,0
8480,5-0,320,75,50,70,1
8481,5-0,320,75,50,80,0
8482,5-0,320,75,50,80,1
8483,5-0,320,75,50,100,0
8484,5-0,320,75,50,100,1
8485,5-0,320,75,70,0,0
8486,5-0,320,75,70,0,1
8487,5-0,320,75,70,20,0
8488,5-0,320,75,70,20,1
8489,5-0,320,75,70,30,0
8490,5-0,320,75,70,30,1
8491,5-0,320,75,70,50,0
8492,5-0,320,75,70,50,1
8493,5-0,320,75,70,70,0
8494,5-0,320,75,70,70,1
8495,5-0,320,75,70,80,0
8496,5-0,320,75,70,80,1
8497,5-0,320,75,70,100,0
8498,5-0,320,75,70,100,1
8499,5-0,320,75,80,0,0
8500,5-0,320,75,80,0,1
8501,5-0,320,75,80,20,0
8502,5-0,320,75,80,20,1
8503,5-0,320,75,80,30,0
8504,5-0,320,75,80,30,1
8505,5-0,320,75,80,50,0
8506,5-0,320,75,80,50,1
8507,5-0,320,75,80,70,0
8508,5-0,320,75,80,70,1
8509,5-0,320,75,80,80,0
8510,5-0,320,75,80,80,1
8511,5-0,320,75,80,100,0
8512,5-0,320,75,80,100,1
8513,5-0,320,75,100,0,0
8514,5-0,320,75,100,0,1
8515,5-0,320,75,100,20,0
8516,5-0,320,75,100,20,1
8517,5-0,320,75,100,30,0
8518,5-0,320,75,100,30,1
8519,5-0,320,75,100,50,0
8520,5-0,320,75,100,50,1
8521,5-0,320,75,100,70,0
8522,5-0,320,75,100,70,1
8523,5-0,320,75,100,80,0
8524,5-0,320,75,100,80,1
8525,5-0,320,75,100,100,0
8526,5-0,320,75,100,100,1
8527,5-0,320,1,0,0,0
8528,5-0,320,1,0,0,1
8529,5-0,320,1,0,20,0
8530,5-0,320,1,0,20,1
8531,5-0,320,1,0,30,0
8532,5-0,320,1,0,30,1
8533,5-0,320,1,0,50,0
8534,5-0,320,1,0,50,1
8535,5-0,320,1,0,70,0
8536,5-0,320,1,0,70,1
8537,5-0,320,1,0,80,0
8538,5-0,320,1,0,80,1
8539,5-0,320,1,0,100,0
8540,5-0,320,1,0,100,1
8541,5-0,320,1,20,0,0
8542,5-0,320,1,20,0,1
8543,5-0,320,1,20,20,0
8544,5-0,320,1,20,20,1
8545,5-0,320,1,20,30,0
8546,5-0,320,1,20,30,1
8547,5-0,320,1,20,50,0
8548,5-0,320,1,20,50,1
8549,5-0,320,1,20,70,0
8550,5-0,320,1,20,70,1
8551,5-0,320,1,20,80,0
8552,5-0,320,1,20,80,1
8553,5-0,320,1,20,100,0
8554,5-0,320,1,20,100,1
8555,5-0,320,1,30,0,0
8556,5-0,320,1,30,0,1
8557,5-0,320,1,30,20,0
8558,5-0,320,1,30,20,1
8559,5-0,320,1,30,30,0
8560,5-0,320,1,30,30,1
8561,5-0,320,1,30,50,0
8562,5-0,320,1,30,50,1
8563,5-0,320,1,30,70,0
8564,5-0,320,1,30,70,1
8565,5-0,320,1,30,80,0
8566,5-0,320,1,30,80,1
8567,5-0,320,1,30,100,0
8568,5-0,320,1,30,100,1
8569,5-0,320,1,50,0,0
8570,5-0,320,1,50,0,1
8571,5-0,320,1,50,20,0
8572,5-0,320,1,50,20,1
8573,5-0,320,1,50,30,0
8574,5-0,320,1,50,30,1
8575,5-0,320,1,50,50,0
8576,5-0,320,1,50,50,1
8577,5-0,320,1,50,70,0
8578,5-0,320,1,50,70,1
8579,5-0,320,1,50,80,0
8580,5-0,320,1,50,80,1
8581,5-0,320,1,50,100,0
8582,5-0,320,1,50,100,1
8583,5-0,320,1,70,0,0
8584,5-0,320,1,70,0,1
8585,5-0,320,1,70,20,0
8586,5-0,320,1,70,20,1
8587,5-0,320,1,70,30,0
8588,5-0,320,1,70,30,1
8589,5-0,320,1,70,50,0
8590,5-0,320,1,70,50,1
8591,5-0,320,1,70,70,0
8592,5-0,320,1,70,70,1
8593,5-0,320,1,70,80,0
8594,5-0,320,1,70,80,1
8595,5-0,320,1,70,100,0
8596,5-0,320,1,70,100,1
8597,5-0,320,1,80,0,0
8598,5-0,320,1,80,0,1
8599,5-0,320,1,80,20,0
8600,5-0,320,1,80,20,1
8601,5-0,320,1,80,30,0
8602,5-0,320,1,80,30,1
8603,5-0,320,1,80,50,0
8604,5-0,320,1,80,50,1
8605,5-0,320,1,80,70,0
8606,5-0,320,1,80,70,1
8607,5-0,320,1,80,80,0
8608,5-0,320,1,80,80,1
8609,5-0,320,1,80,100,0
8610,5-0,320,1,80,100,1
8611,5-0,320,1,100,0,0
8612,5-0,320,1,100,0,1
8613,5-0,320,1,100,20,0
8614,5-0,320,1,100,20,1
8615,5-0,320,1,100,30,0
8616,5-0,320,1,100,30,1
8617,5-0,320,1,100,50,0
8618,5-0,320,1,100,50,1
8619,5-0,320,1,100,70,0
8620,5-0,320,1,100,70,1
8621,5-0,320,1,100,80,0
8622,5-0,320,1,100,80,1
8623,5-0,320,1,100,100,0
8624,5-0,320,1,100,100,1
8625,5-0,320,1,0,0,0
8626,5-0,320,1,0,0,1
8627,5-0,320,1,0,20,0
8628,5-0,320,1,0,20,1
8629,5-0,320,1,0,30,0
8630,5-0,320,1,0,30,1
8631,5-0,320,1,0,50,0
8632,5-0,320,1,0,50,1
8633,5-0,320,1,0,70,0
8634,5-0,320,1,0,70,1
8635,5-0,320,1,0,80,0
8636,5-0,320,1,0,80,1
8637,5-0,320,1,0,100,0
8638,5-0,320,1,0,100,1
8639,5-0,320,1,20,0,0
8640,5-0,320,1,20,0,1
8641,5-0,320,1,20,20,0
8642,5-0,320,1,20,20,1
8643,5-0,320,1,20,30,0
8644,5-0,320,1,20,30,1
8645,5-0,320,1,20,50,0
8646,5-0,320,1,20,50,1
8647,5-0,320,1,20,70,0
8648,5-0,320,1,20,70,1
8649,5-0,320,1,20,80,0
8650,5-0,320,1,20,80,1
8651,5-0,320,1,20,100,0
8652,5-0,320,1,20,100,1
8653,5-0,320,1,30,0,0
8654,5-0,320,1,30,0,1
8655,5-0,320,1,30,20,0
8656,5-0,320,1,30,20,1
8657,5-0,320,1,30,30,0
8658,5-0,320,1,30,30,1
8659,5-0,320,1,30,50,0
8660,5-0,320,1,30,50,1
8661,5-0,320,1,30,70,0
8662,5-0,320,1,30,70,1
8663,5-0,320,1,30,80,0
8664,5-0,320,1,30,80,1
8665,5-0,320,1,30,100,0
8666,5-0,320,1,30,100,1
8667,5-0,320,1,50,0,0
8668,5-0,320,1,50,0,1
8669,5-0,320,1,50,20,0
8670,5-0,320,1,50,20,1
8671,5-0,320,1,50,30,0
8672,5-0,320,1,50,30,1
8673,5-0,320,1,50,50,0
8674,5-0,320,1,50,50,1
8675,5-0,320,1,50,70,0
8676,5-0,320,1,50,70,1
8677,5-0,320,1,50,80,0
8678,5-0,320,1,50,80,1
8679,5-0,320,1,50,100,0
8680,5-0,320,1,50,100,1
8681,5-0,320,1,70,0,0
8682,5-0,320,1,70,0,1
8683,5-0,320,1,70,20,0
8684,5-0,320,1,70,20,1
8685,5-0,320,1,70,30,0
8686,5-0,320,1,70,30,1
8687,5-0,320,1,70,50,0
8688,5-0,320,1,70,50,1
8689,5-0,320,1,70,70,0
8690,5-0,320,1,70,70,1
8691,5-0,320,1,70,80,0
8692,5-0,320,1,70,80,1
8693,5-0,320,1,70,100,0
8694,5-0,320,1,70,100,1
8695,5-0,320,1,80,0,0
8696,5-0,320,1,80,0,1
8697,5-0,320,1,80,20,0
8698,5-0,320,1,80,20,1
8699,5-0,320,1,80,30,0
8700,5-0,320,1,80,30,1
8701,5-0,320,1,80,50,0
8702,5-0,320,1,80,50,1
8703,5-0,320,1,80,70,0
8704,5-0,320,1,80,70,1
8705,5-0,320,1,80,80,0
8706,5-0,320,1,80,80,1
8707,5-0,320,1,80,100,0
8708,5-0,320,1,80,100,1
8709,5-0,320,1,100,0,0
8710,5-0,320,1,100,0,1
8711,5-0,320,1,100,20,0
8712,5-0,320,1,100,20,1
8713,5-0,320,1,100,30,0
8714,5-0,320,1,100,30,1
8715,5-0,320,1,100,50,0
8716,5-0,320,1,100,50,1
8717,5-0,320,1,100,70,0
8718,5-0,320,1,100,70,1
8719,5-0,320,1,100,80,0
8720,5-0,320,1,100,80,1
8721,5-0,320,1,100,100,0
8722,5-0,320,1,100,100,1
8723,5-0,320,5,0,0,0
8724,5-0,320,5,0,0,1
8725,5-0,320,5,0,20,0
8726,5-0,320,5,0,20,1
8727,5-0,320,5,0,30,0
8728,5-0,320,5,0,30,1
8729,5-0,320,5,0,50,0
8730,5-0,320,5,0,50,1
8731,5-0,320,5,0,70,0
8732,5-0,320,5,0,70,1
8733,5-0,320,5,0,80,0
8734,5-0,320,5,0,80,1
8735,5-0,320,5,0,100,0
8736,5-0,320,5,0,100,1
8737,5-0,320,5,20,0,0
8738,5-0,320,5,20,0,1
8739,5-0,320,5,20,20,0
8740,5-0,320,5,20,20,1
8741,5-0,320,5,20,30,0
8742,5-0,320,5,20,30,1
8743,5-0,320,5,20,50,0
8744,5-0,320,5,20,50,1
8745,5-0,320,5,20,70,0
8746,5-0,320,5,20,70,1
8747,5-0,320,5,20,80,0
8748,5-0,320,5,20,80,1
8749,5-0,320,5,20,100,0
8750,5-0,320,5,20,100,1
8751,5-0,320,5,30,0,0
8752,5-0,320,5,30,0,1
8753,5-0,320,5,30,20,0
8754,5-0,320,5,30,20,1
8755,5-0,320,5,30,30,0
8756,5-0,320,5,30,30,1
8757,5-0,320,5,30,50,0
8758,5-0,320,5,30,50,1
8759,5-0,320,5,30,70,0
8760,5-0,320,5,30,70,1
8761,5-0,320,5,30,80,0
8762,5-0,320,5,30,80,1
8763,5-0,320,5,30,100,0
8764,5-0,320,5,30,100,1
8765,5-0,320,5,50,0,0
8766,5-0,320,5,50,0,1
8767,5-0,320,5,50,20,0
8768,5-0,320,5,50,20,1
8769,5-0,320,5,50,30,0
8770,5-0,320,5,50,30,1
8771,5-0,320,5,50,50,0
8772,5-0,320,5,50,50,1
8773,5-0,320,5,50,70,0
8774,5-0,320,5,50,70,1
8775,5-0,320,5,50,80,0
8776,5-0,320,5,50,80,1
8777,5-0,320,5,50,100,0
8778,5-0,320,5,50,100,1
8779,5-0,320,5,70,0,0
8780,5-0,320,5,70,0,1
8781,5-0,320,5,70,20,0
8782,5-0,320,5,70,20,1
8783,5-0,320,5,70,30,0
8784,5-0,320,5,70,30,1
8785,5-0,320,5,70,50,0
8786,5-0,320,5,70,50,1
8787,5-0,320,5,70,70,0
8788,5-0,320,5,70,70,1
8789,5-0,320,5,70,80,0
8790,5-0,320,5,70,80,1
8791,5-0,320,5,70,100,0
8792,5-0,320,5,70,100,1
8793,5-0,320,5,80,0,0
8794,5-0,320,5,80,0,1
8795,5-0,320,5,80,20,0
8796,5-0,320,5,80,20,1
8797,5-0,320,5,80,30,0
8798,5-0,320,5,80,30,1
8799,5-0,320,5,80,50,0
8800,5-0,320,5,80,50,1
8801,5-0,320,5,80,70,0
8802,5-0,320,5,80,70,1
8803,5-0,320,5,80,80,0
8804,5-0,320,5,80,80,1
8805,5-0,320,5,80,100,0
8806,5-0,320,5,80,100,1
8807,5-0,320,5,100,0,0
8808,5-0,320,5,100,0,1
8809,5-0,320,5,100,20,0
8810,5-0,320,5,100,20,1
8811,5-0,320,5,100,30,0
8812,5-0,320,5,100,30,1
8813,5-0,320,5,100,50,0
8814,5-0,320,5,100,50,1
8815,5-0,320,5,100,70,0
8816,5-0,320,5,100,70,1
8817,5-0,320,5,100,80,0
8818,5-0,320,5,100,80,1
8819,5-0,320,5,100,100,0
8820,5-0,320,5,100,100,1
8821,55-0,220,0,0,0,0
8822,55-0,220,0,0,0,1
8823,55-0,220,0,0,20,0
8824,55-0,220,0,0,20,1
8825,55-0,220,0,0,30,0
8826,55-0,220,0,0,30,1
8827,55-0,220,0,0,50,0
8828,55-0,220,0,0,50,1
8829,55-0,220,0,0,70,0
8830,55-0,220,0,0,70,1
8831,55-0,220,0,0,80,0
8832,55-0,220,0,0,80,1
8833,55-0,220,0,0,100,0
8834,55-0,220,0,0,100,1
8835,55-0,220,0,20,0,0
8836,55-0,220,0,20,0,1
8837,55-0,220,0,20,20,0
8838,55-0,220,0,20,20,1
8839,55-0,220,0,20,30,0
8840,55-0,220,0,20,30,1
8841,55-0,220,0,20,50,0
8842,55-0,220,0,20,50,1
8843,55-0,220,0,20,70,0
8844,55-0,220,0,20,70,1
8845,55-0,220,0,20,80,0
8846,55-0,220,0,20,80,1
8847,55-0,220,0,20,100,0
8848,55-0,220,0,20,100,1
8849,55-0,220,0,30,0,0
8850,55-0,220,0,30,0,1
8851,55-0,220,0,30,20,0
8852,55-0,220,0,30,20,1
8853,55-0,220,0,30,30,0
8854,55-0,220,0,30,30,1
8855,55-0,220,0,30,50,0
8856,55-0,220,0,30,50,1
8857,55-0,220,0,30,70,0
8858,55-0,220,0,30,70,1
8859,55-0,220,0,30,80,0
8860,55-0,220,0,30,80,1
8861,55-0,220,0,30,100,0
8862,55-0,220,0,30,100,1
8863,55-0,220,0,50,0,0
8864,55-0,220,0,50,0,1
8865,55-0,220,0,50,20,0
8866,55-0,220,0,50,20,1
8867,55-0,220,0,50,30,0
8868,55-0,220,0,50,30,1
8869,55-0,220,0,50,50,0
8870,55-0,220,0,50,50,1
8871,55-0,220,0,50,70,0
8872,55-0,220,0,50,70,1
8873,55-0,220,0,50,80,0
8874,55-0,220,0,50,80,1
8875,55-0,220,0,50,100,0
8876,55-0,220,0,50,100,1
8877,55-0,220,0,70,0,0
8878,55-0,220,0,70,0,1
8879,55-0,220,0,70,20,0
8880,55-0,220,0,70,20,1
8881,55-0,220,0,70,30,0
8882,55-0,220,0,70,30,1
8883,55-0,220,0,70,50,0
8884,55-0,220,0,70,50,1
8885,55-0,220,0,70,70,0
8886,55-0,220,0,70,70,1
8887,55-0,220,0,70,80,0
8888,55-0,220,0,70,80,1
8889,55-0,220,0,70,100,0
8890,55-0,220,0,70,100,1
8891,55-0,220,0,80,0,0
8892,55-0,220,0,80,0,1
8893,55-0,220,0,80,20,0
8894,55-0,220,0,80,20,1
8895,55-0,220,0,80,30,0
8896,55-0,220,0,80,30,1
8897,55-0,220,0,80,50,0
8898,55-0,220,0,80,50,1
8899,55-0,220,0,80,70,0
8900,55-0,220,0,80,70,1
8901,55-0,220,0,80,80,0
8902,55-0,220,0,80,80,1
8903,55-0,220,0,80,100,0
8904,55-0,220,0,80,100,1
8905,55-0,220,0,100,0,0
8906,55-0,220,0,100,0,1
8907,55-0,220,0,100,20,0
8908,55-0,220,0,100,20,1
8909,55-0,220,0,100,30,0
8910,55-0,220,0,100,30,1
8911,55-0,220,0,100,50,0
8912,55-0,220,0,100,50,1
8913,55-0,220,0,100,70,0
8914,55-0,220,0,100,70,1
8915,55-0,220,0,100,80,0
8916,55-0,220,0,100,80,1
8917,55-0,220,0,100,100,0
8918,55-0,220,0,100,100,1
8919,55-0,220,75,0,0,0
8920,55-0,220,75,0,0,1
8921,55-0,220,75,0,20,0
8922,55-0,220,75,0,20,1
8923,55-0,220,75,0,30,0
8924,55-0,220,75,0,30,1
8925,55-0,220,75,0,50,0
8926,55-0,220,75,0,50,1
8927,55-0,220,75,0,70,0
8928,55-0,220,75,0,70,1
8929,55-0,220,75,0,80,0
8930,55-0,220,75,0,80,1
8931,55-0,220,75,0,100,0
8932,55-0,220,75,0,100,1
8933,55-0,220,75,20,0,0
8934,55-0,220,75,20,0,1
8935,55-0,220,75,20,20,0
8936,55-0,220,75,20,20,1
8937,55-0,220,75,20,30,0
8938,55-0,220,75,20,30,1
8939,55-0,220,75,20,50,0
8940,55-0,220,75,20,50,1
8941,55-0,220,75,20,70,0
8942,55-0,220,75,20,70,1
8943,55-0,220,75,20,80,0
8944,55-0,220,75,20,80,1
8945,55-0,220,75,20,100,0
8946,55-0,220,75,20,100,1
8947,55-0,220,75,30,0,0
8948,55-0,220,75,30,0,1
8949,55-0,220,75,30,20,0
8950,55-0,220,75,30,20,1
8951,55-0,220,75,30,30,0
8952,55-0,220,75,30,30,1
8953,55-0,220,75,30,50,0
8954,55-0,220,75,30,50,1
8955,55-0,220,75,30,70,0
8956,55-0,220,75,30,70,1
8957,55-0,220,75,30,80,0
8958,55-0,220,75,30,80,1
8959,55-0,220,75,30,100,0
8960,55-0,220,75,30,100,1
8961,55-0,220,75,50,0,0
8962,55-0,220,75,50,0,1
8963,55-0,220,75,50,20,0
8964,55-0,220,75,50,20,1
8965,55-0,220,75,50,30,0
8966,55-0,220,75,50,30,1
8967,55-0,220,75,50,50,0
8968,55-0,220,75,50,50,1
8969,55-0,220,75,50,70,0
8970,55-0,220,75,50,70,1
8971,55-0,220,75,50,80,0
8972,55-0,220,75,50,80,1
8973,55-0,220,75,50,100,0
8974,55-0,220,75,50,100,1
8975,55-0,220,75,70,0,0
8976,55-0,220,75,70,0,1
8977,55-0,220,75,70,20,0
8978,55-0,220,75,70,20,1
8979,55-0,220,75,70,30,0
8980,55-0,220,75,70,30,1
8981,55-0,220,75,70,50,0
8982,55-0,220,75,70,50,1
8983,55-0,220,75,70,70,0
8984,55-0,220,75,70,70,1
8985,55-0,220,75,70,80,0
8986,55-0,220,75,70,80,1
8987,55-0,220,75,70,100,0
8988,55-0,220,75,70,100,1
8989,55-0,220,75,80,0,0
8990,55-0,220,75,80,0,1
8991,55-0,220,75,80,20,0
8992,55-0,220,75,80,20,1
8993,55-0,220,75,80,30,0
8994,55-0,220,75,80,30,1
8995,55-0,220,75,80,50,0
8996,55-0,220,75,80,50,1
8997,55-0,220,75,80,70,0
8998,55-0,220,75,80,70,1
8999,55-0,220,75,80,80,0
9000,55-0,220,75,80,80,1
9001,55-0,220,75,80,100,0
9002,55-0,220,75,80,100,1
9003,55-0,220,75,100,0,0
9004,55-0,220,75,100,0,1
9005,55-0,220,75,100,20,0
9006,55-0,220,75,100,20,1
9007,55-0,220,75,100,30,0
9008,55-0,220,75,100,30,1
9009,55-0,220,75,100,50,0
9010,55-0,220,75,100,50,1
9011,55-0,220,75,100,70,0
9012,55-0,220,75,100,70,1
9013,55-0,220,75,100,80,0
9014,55-0,220,75,100,80,1
9015,55-0,220,75,100,100,0
9016,55-0,220,75,100,100,1
9017,55-0,220,1,0,0,0
9018,55-0,220,1,0,0,1
9019,55-0,220,1,0,20,0
9020,55-0,220,1,0,20,1
9021,55-0,220,1,0,30,0
9022,55-0,220,1,0,30,1
9023,55-0,220,1,0,50,0
9024,55-0,220,1,0,50,1
9025,55-0,220,1,0,70,0
9026,55-0,220,1,0,70,1
9027,55-0,220,1,0,80,0
9028,55-0,220,1,0,80,1
9029,55-0,220,1,0,100,0
9030,55-0,220,1,0,100,1
9031,55-0,220,1,20,0,0
9032,55-0,220,1,20,0,1
9033,55-0,220,1,20,20,0
9034,55-0,220,1,20,20,1
9035,55-0,220,1,20,30,0
9036,55-0,220,1,20,30,1
9037,55-0,220,1,20,50,0
9038,55-0,220,1,20,50,1
9039,55-0,220,1,20,70,0
9040,55-0,220,1,20,70,1
9041,55-0,220,1,20,80,0
9042,55-0,220,1,20,80,1
9043,55-0,220,1,20,100,0
9044,55-0,220,1,20,100,1
9045,55-0,220,1,30,0,0
9046,55-0,220,1,30,0,1
9047,55-0,220,1,30,20,0
9048,55-0,220,1,30,20,1
9049,55-0,220,1,30,30,0
9050,55-0,220,1,30,30,1
9051,55-0,220,1,30,50,0
9052,55-0,220,1,30,50,1
9053,55-0,220,1,30,70,0
9054,55-0,220,1,30,70,1
9055,55-0,220,1,30,80,0
9056,55-0,220,1,30,80,1
9057,55-0,220,1,30,100,0
9058,55-0,220,1,30,100,1
9059,55-0,220,1,50,0,0
9060,55-0,220,1,50,0,1
9061,55-0,220,1,50,20,0
9062,55-0,220,1,50,20,1
9063,55-0,220,1,50,30,0
9064,55-0,220,1,50,30,1
9065,55-0,220,1,50,50,0
9066,55-0,220,1,50,50,1
9067,55-0,220,1,50,70,0
9068,55-0,220,1,50,70,1
9069,55-0,220,1,50,80,0
9070,55-0,220,1,50,80,1
9071,55-0,220,1,50,100,0
9072,55-0,220,1,50,100,1
9073,55-0,220,1,70,0,0
9074,55-0,220,1,70,0,1
9075,55-0,220,1,70,20,0
9076,55-0,220,1,70,20,1
9077,55-0,220,1,70,30,0
9078,55-0,220,1,70,30,1
9079,55-0,220,1,70,50,0
9080,55-0,220,1,70,50,1
9081,55-0,220,1,70,70,0
9082,55-0,220,1,70,70,1
9083,55-0,220,1,70,80,0
9084,55-0,220,1,70,80,1
9085,55-0,220,1,70,100,0
9086,55-0,220,1,70,100,1
9087,55-0,220,1,80,0,0
9088,55-0,220,1,80,0,1
9089,55-0,220,1,80,20,0
9090,55-0,220,1,80,20,1
9091,55-0,220,1,80,30,0
9092,55-0,220,1,80,30,1
9093,55-0,220,1,80,50,0
9094,55-0,220,1,80,50,1
9095,55-0,220,1,80,70,0
9096,55-0,220,1,80,70,1
9097,55-0,220,1,80,80,0
9098,55-0,220,1,80,80,1
9099,55-0,220,1,80,100,0
9100,55-0,220,1,80,100,1
9101,55-0,220,1,100,0,0
9102,55-0,220,1,100,0,1
9103,55-0,220,1,100,20,0
9104,55-0,220,1,100,20,1
9105,55-0,220,1,100,30,0
9106,55-0,220,1,100,30,1
9107,55-0,220,1,100,50,0
9108,55-0,220,1,100,50,1
9109,55-0,220,1,100,70,0
9110,55-0,220,1,100,70,1
9111,55-0,220,1,100,80,0
9112,55-0,220,1,100,80,1
9113,55-0,220,1,100,100,0
9114,55-0,220,1,100,100,1
9115,55-0,220,1,0,0,0
9116,55-0,220,1,0,0,1
9117,55-0,220,1,0,20,0
9118,55-0,220,1,0,20,1
9119,55-0,220,1,0,30,0
9120,55-0,220,1,0,30,1
9121,55-0,220,1,0,50,0
9122,55-0,220,1,0,50,1
9123,55-0,220,1,0,70,0
9124,55-0,220,1,0,70,1
9125,55-0,220,1,0,80,0
9126,55-0,220,1,0,80,1
9127,55-0,220,1,0,100,0
9128,55-0,220,1,0,100,1
9129,55-0,220,1,20,0,0
9130,55-0,220,1,20,0,1
9131,55-0,220,1,20,20,0
9132,55-0,220,1,20,20,1
9133,55-0,220,1,20,30,0
9134,55-0,220,1,20,30,1
9135,55-0,220,1,20,50,0
9136,55-0,220,1,20,50,1
9137,55-0,220,1,20,70,0
9138,55-0,220,1,20,70,1
9139,55-0,220,1,20,80,0
9140,55-0,220,1,20,80,1
9141,55-0,220,1,20,100,0
9142,55-0,220,1,20,100,1
9143,55-0,220,1,30,0,0
9144,55-0,220,1,30,0,1
9145,55-0,220,1,30,20,0
9146,55-0,220,1,30,20,1
9147,55-0,220,1,30,30,0
9148,55-0,220,1,30,30,1
9149,55-0,220,1,30,50,0
9150,55-0,220,1,30,50,1
9151,55-0,220,1,30,70,0
9152,55-0,220,1,30,70,1
9153,55-0,220,1,30,80,0
9154,55-0,220,1,30,80,1
9155,55-0,220,1,30,100,0
9156,55-0,220,1,30,100,1
9157,55-0,220,1,50,0,0
9158,55-0,220,1,50,0,1
9159,55-0,220,1,50,20,0
9160,55-0,220,1,50,20,1
9161,55-0,220,1,50,30,0
9162,55-0,220,1,50,30,1
9163,55-0,220,1,50,50,0
9164,55-0,220,1,50,50,1
9165,55-0,220,1,50,70,0
9166,55-0,220,1,50,70,1
9167,55-0,220,1,50,80,0
9168,55-0,220,1,50,80,1
9169,55-0,220,1,50,100,0
9170,55-0,220,1,50,100,1
9171,55-0,220,1,70,0,0
9172,55-0,220,1,70,0,1
9173,55-0,220,1,70,20,0
9174,55-0,220,1,70,20,1
9175,55-0,220,1,70,30,0
9176,55-0,220,1,70,30,1
9177,55-0,220,1,70,50,0
9178,55-0,220,1,70,50,1
9179,55-0,220,1,70,70,0
9180,55-0,220,1,70,70,1
9181,55-0,220,1,70,80,0
9182,55-0,220,1,70,80,1
9183,55-0,220,1,70,100,0
9184,55-0,220,1,70,100,1
9185,55-0,220,1,80,0,0
9186,55-0,220,1,80,0,1
9187,55-0,220,1,80,20,0
9188,55-0,220,1,80,20,1
9189,55-0,220,1,80,30,0
9190,55-0,220,1,80,30,1
9191,55-0,220,1,80,50,0
9192,55-0,220,1,80,50,1
9193,55-0,220,1,80,70,0
9194,55-0,220,1,80,70,1
9195,55-0,220,1,80,80,0
9196,55-0,220,1,80,80,1
9197,55-0,220,1,80,100,0
9198,55-0,220,1,80,100,1
9199,55-0,220,1,100,0,0
9200,55-0,220,1,100,0,1
9201,55-0,220,1,100,20,0
9202,55-0,220,1,100,20,1
9203,55-0,220,1,100,30,0
9204,55-0,220,1,100,30,1
9205,55-0,220,1,100,50,0
9206,55-0,220,1,100,50,1
9207,55-0,220,1,100,70,0
9208,55-0,220,1,100,70,1
9209,55-0,220,1,100,80,0
9210,55-0,220,1,100,80,1
9211,55-0,220,1,100,100,0
9212,55-0,220,1,100,100,1
9213,55-0,220,5,0,0,0
9214,55-0,220,5,0,0,1
9215,55-0,220,5,0,20,0
9216,55-0,220,5,0,20,1
9217,55-0,220,5,0,30,0
9218,55-0,220,5,0,30,1
9219,55-0,220,5,0,50,0
9220,55-0,220,5,0,50,1
9221,55-0,220,5,0,70,0
9222,55-0,220,5,0,70,1
9223,55-0,220,5,0,80,0
9224,55-0,220,5,0,80,1
9225,55-0,220,5,0,100,0
9226,55-0,220,5,0,100,1
9227,55-0,220,5,20,0,0
9228,55-0,220,5,20,0,1
9229,55-0,220,5,20,20,0
9230,55-0,220,5,20,20,1
9231,55-0,220,5,20,30,0
9232,55-0,220,5,20,30,1
9233,55-0,220,5,20,50,0
9234,55-0,220,5,20,50,1
9235,55-0,220,5,20,70,0
9236,55-0,220,5,20,70,1
9237,55-0,220,5,20,80,0
9238,55-0,220,5,20,80,1
9239,55-0,220,5,20,100,0
9240,55-0,220,5,20,100,1
9241,55-0,220,5,30,0,0
9242,55-0,220,5,30,0,1
9243,55-0,220,5,30,20,0
9244,55-0,220,5,30,20,1
9245,55-0,220,5,30,30,0
9246,55-0,220,5,30,30,1
9247,55-0,220,5,30,50,0
9248,55-0,220,5,30,50,1
9249,55-0,220,5,30,70,0
9250,55-0,220,5,30,70,1
9251,55-0,220,5,30,80,0
9252,55-0,220,5,30,80,1
9253,55-0,220,5,30,100,0
9254,55-0,220,5,30,100,1
9255,55-0,220,5,50,0,0
9256,55-0,220,5,50,0,1
9257,55-0,220,5,50,20,0
9258,55-0,220,5,50,20,1
9259,55-0,220,5,50,30,0
9260,55-0,220,5,50,30,1
9261,55-0,220,5,50,50,0
9262,55-0,220,5,50,50,1
9263,55-0,220,5,50,70,0
9264,55-0,220,5,50,70,1
9265,55-0,220,5,50,80,0
9266,55-0,220,5,50,80,1
9267,55-0,220,5,50,100,0
9268,55-0,220,5,50,100,1
9269,55-0,220,5,70,0,0
9270,55-0,220,5,70,0,1
9271,55-0,220,5,70,20,0
9272,55-0,220,5,70,20,1
9273,55-0,220,5,70,30,0
9274,55-0,220,5,70,30,1
9275,55-0,220,5,70,50,0
9276,55-0,220,5,70,50,1
9277,55-0,220,5,70,70,0
9278,55-0,220,5,70,70,1
9279,55-0,220,5,70,80,0
9280,55-0,220,5,70,80,1
9281,55-0,220,5,70,100,0
9282,55-0,220,5,70,100,1
9283,55-0,220,5,80,0,0
9284,55-0,220,5,80,0,1
9285,55-0,220,5,80,20,0
9286,55-0,220,5,80,20,1
9287,55-0,220,5,80,30,0
9288,55-0,220,5,80,30,1
9289,55-0,220,5,80,50,0
9290,55-0,220,5,80,50,1
9291,55-0,220,5,80,70,0
9292,55-0,220,5,80,70,1
9293,55-0,220,5,80,80,0
9294,55-0,220,5,80,80,1
9295,55-0,220,5,80,100,0
9296,55-0,220,5,80,100,1
9297,55-0,220,5,100,0,0
9298,55-0,220,5,100,0,1
9299,55-0,220,5,100,20,0
9300,55-0,220,5,100,20,1
9301,55-0,220,5,100,30,0
9302,55-0,220,5,100,30,1
9303,55-0,220,5,100,50,0
9304,55-0,220,5,100,50,1
9305,55-0,220,5,100,70,0
9306,55-0,220,5,100,70,1
9307,55-0,220,5,100,80,0
9308,55-0,220,5,100,80,1
9309,55-0,220,5,100,100,0
9310,55-0,220,5,100,100,1
9311,55-0,240,0,0,0,0
9312,55-0,240,0,0,0,1
9313,55-0,240,0,0,20,0
9314,55-0,240,0,0,20,1
9315,55-0,240,0,0,30,0
9316,55-0,240,0,0,30,1
9317,55-0,240,0,0,50,0
9318,55-0,240,0,0,50,1
9319,55-0,240,0,0,70,0
9320,55-0,240,0,0,70,1
9321,55-0,240,0,0,80,0
9322,55-0,240,0,0,80,1
9323,55-0,240,0,0,100,0
9324,55-0,240,0,0,100,1
9325,55-0,240,0,20,0,0
9326,55-0,240,0,20,0,1
9327,55-0,240,0,20,20,0
9328,55-0,240,0,20,20,1
9329,55-0,240,0,20,30,0
9330,55-0,240,0,20,30,1
9331,55-0,240,0,20,50,0
9332,55-0,240,0,20,50,1
9333,55-0,240,0,20,70,0
9334,55-0,240,0,20,70,1
9335,55-0,240,0,20,80,0
9336,55-0,240,0,20,80,1
9337,55-0,240,0,20,100,0
9338,55-0,240,0,20,100,1
9339,55-0,240,0,30,0,0
9340,55-0,240,0,30,0,1
9341,55-0,240,0,30,20,0
9342,55-0,240,0,30,20,1
9343,55-0,240,0,30,30,0
9344,55-0,240,0,30,30,1
9345,55-0,240,0,30,50,0
9346,55-0,240,0,30,50,1
9347,55-0,240,0,30,70,0
9348,55-0,240,0,30,70,1
9349,55-0,240,0,30,80,0
9350,55-0,240,0,30,80,1
9351,55-0,240,0,30,100,0
9352,55-0,240,0,30,100,1
9353,55-0,240,0,50,0,0
9354,55-0,240,0,50,0,1
9355,55-0,240,0,50,20,0
9356,55-0,240,0,50,20,1
9357,55-0,240,0,50,30,0
9358,55-0,240,0,50,30,1
9359,55-0,240,0,50,50,0
9360,55-0,240,0,50,50,1
9361,55-0,240,0,50,70,0
9362,55-0,240,0,50,70,1
9363,55-0,240,0,50,80,0
9364,55-0,240,0,50,80,1
9365,55-0,240,0,50,100,0
9366,55-0,240,0,50,100,1
9367,55-0,240,0,70,0,0
9368,55-0,240,0,70,0,1
9369,55-0,240,0,70,20,0
9370,55-0,240,0,70,20,1
9371,55-0,240,0,70,30,0
9372,55-0,240,0,70,30,1
9373,55-0,240,0,70,50,0
9374,55-0,240,0,70,50,1
9375,55-0,240,0,70,70,0
9376,55-0,240,0,70,70,1
9377,55-0,240,0,70,80,0
9378,55-0,240,0,70,80,1
9379,55-0,240,0,70,100,0
9380,55-0,240,0,70,100,1
9381,55-0,240,0,80,0,0
9382,55-0,240,0,80,0,1
9383,55-0,240,0,80,20,0
9384,55-0,240,0,80,20,1
9385,55-0,240,0,80,30,0
9386,55-0,240,0,80,30,1
9387,55-0,240,0,80,50,0
9388,55-0,240,0,80,50,1
9389,55-0,240,0,80,70,0
9390,55-0,240,0,80,70,1
9391,55-0,240,0,80,80,0
9392,55-0,240,0,80,80,1
9393,55-0,240,0,80,100,0
9394,55-0,240,0,80,100,1
9395,55-0,240,0,100,0,0
9396,55-0,240,0,100,0,1
9397,55-0,240,0,100,20,0
9398,55-0,240,0,100,20,1
9399,55-0,240,0,100,30,0
9400,55-0,240,0,100,30,1
9401,55-0,240,0,100,50,0
9402,55-0,240,0,100,50,1
9403,55-0,240,0,100,70,0
9404,55-0,240,0,100,70,1
9405,55-0,240,0,100,80,0
9406,55-0,240,0,100,80,1
9407,55-0,240,0,100,100,0
9408,55-0,240,0,100,100,1
9409,55-0,240,75,0,0,0
9410,55-0,240,75,0,0,1
9411,55-0,240,75,0,20,0
9412,55-0,240,75,0,20,1
9413,55-0,240,75,0,30,0
9414,55-0,240,75,0,30,1
9415,55-0,240,75,0,50,0
9416,55-0,240,75,0,50,1
9417,55-0,240,75,0,70,0
9418,55-0,240,75,0,70,1
9419,55-0,240,75,0,80,0
9420,55-0,240,75,0,80,1
9421,55-0,240,75,0,100,0
9422,55-0,240,75,0,100,1
9423,55-0,240,75,20,0,0
9424,55-0,240,75,20,0,1
9425,55-0,240,75,20,20,0
9426,55-0,240,75,20,20,1
9427,55-0,240,75,20,30,0
9428,55-0,240,75,20,30,1
9429,55-0,240,75,20,50,0
9430,55-0,240,75,20,50,1
9431,55-0,240,75,20,70,0
9432,55-0,240,75,20,70,1
9433,55-0,240,75,20,80,0
9434,55-0,240,75,20,80,1
9435,55-0,240,75,20,100,0
9436,55-0,240,75,20,100,1
9437,55-0,240,75,30,0,0
9438,55-0,240,75,30,0,1
9439,55-0,240,75,30,20,0
9440,55-0,240,75,30,20,1
9441,55-0,240,75,30,30,0
9442,55-0,240,75,30,30,1
9443,55-0,240,75,30,50,0
9444,55-0,240,75,30,50,1
9445,55-0,240,75,30,70,0
9446,55-0,240,75,30,70,1
9447,55-0,240,75,30,80,0
9448,55-0,240,75,30,80,1
9449,55-0,240,75,30,100,0
9450,55-0,240,75,30,100,1
9451,55-0,240,75,50,0,0
9452,55-0,240,75,50,0,1
9453,55-0,240,75,50,20,0
9454,55-0,240,75,50,20,1
9455,55-0,240,75,50,30,0
9456,55-0,240,75,50,30,1
9457,55-0,240,75,50,50,0
9458,55-0,240,75,50,50,1
9459,55-0,240,75,50,70,0
9460,55-0,240,75,50,70,1
9461,55-0,240,75,50,80,0
9462,55-0,240,75,50,80,1
9463,55-0,240,75,50,100,0
9464,55-0,240,75,50,100,1
9465,55-0,240,75,70,0,0
9466,55-0,240,75,70,0,1
9467,55-0,240,75,70,20,0
9468,55-0,240,75,70,20,1
9469,55-0,240,75,70,30,0
9470,55-0,240,75,70,30,1
9471,55-0,240,75,70,50,0
9472,55-0,240,75,70,50,1
9473,55-0,240,75,70,70,0
9474,55-0,240,75,70,70,1
9475,55-0,240,75,70,80,0
9476,55-0,240,75,70,80,1
9477,55-0,240,75,70,100,0
9478,55-0,240,75,70,100,1
9479,55-0,240,75,80,0,0
9480,55-0,240,75,80,0,1
9481,55-0,240,75,80,20,0
9482,55-0,240,75,80,20,1
9483,55-0,240,75,80,30,0
9484,55-0,240,75,80,30,1
9485,55-0,240,75,80,50,0
9486,55-0,240,75,80,50,1
9487,55-0,240,75,80,70,0
9488,55-0,240,75,80,70,1
9489,55-0,240,75,80,80,0
9490,55-0,240,75,80,80,1
9491,55-0,240,75,80,100,0
9492,55-0,240,75,80,100,1
9493,55-0,240,75,100,0,0
9494,55-0,240,75,100,0,1
9495,55-0,240,75,100,20,0
9496,55-0,240,75,100,20,1
9497,55-0,240,75,100,30,0
9498,55-0,240,75,100,30,1
9499,55-0,240,75,100,50,0
9500,55-0,240,75,100,50,1
9501,55-0,240,75,100,70,0
9502,55-0,240,75,100,70,1
9503,55-0,240,75,100,80,0
9504,55-0,240,75,100,80,1
9505,55-0,240,75,100,100,0
9506,55-0,240,75,100,100,1
9507,55-0,240,1,0,0,0
9508,55-0,240,1,0,0,1
9509,55-0,240,1,0,20,0
9510,55-0,240,1,0,20,1
9511,55-0,240,1,0,30,0
9512,55-0,240,1,0,30,1
9513,55-0,240,1,0,50,0
9514,55-0,240,1,0,50,1
9515,55-0,240,1,0,70,0
9516,55-0,240,1,0,70,1
9517,55-0,240,1,0,80,0
9518,55-0,240,1,0,80,1
9519,55-0,240,1,0,100,0
9520,55-0,240,1,0,100,1
9521,55-0,240,1,20,0,0
9522,55-0,240,1,20,0,1
9523,55-0,240,1,20,20,0
9524,55-0,240,1,20,20,1
9525,55-0,240,1,20,30,0
9526,55-0,240,1,20,30,1
9527,55-0,240,1,20,50,0
9528,55-0,240,1,20,50,1
9529,55-0,240,1,20,70,0
9530,55-0,240,1,20,70,1
9531,55-0,240,1,20,80,0
9532,55-0,240,1,20,80,1
9533,55-0,240,1,20,100,0
9534,55-0,240,1,20,100,1
9535,55-0,240,1,30,0,0
9536,55-0,240,1,30,0,1
9537,55-0,240,1,30,20,0
9538,55-0,240,1,30,20,1
9539,55-0,240,1,30,30,0
9540,55-0,240,1,30,30,1
9541,55-0,240,1,30,50,0
9542,55-0,240,1,30,50,1
9543,55-0,240,1,30,70,0
9544,55-0,240,1,30,70,1
9545,55-0,240,1,30,80,0
9546,55-0,240,1,30,80,1
9547,55-0,240,1,30,100,0
9548,55-0,240,1,30,100,1
9549,55-0,240,1,50,0,0
9550,55-0,240,1,50,0,1
9551,55-0,240,1,50,20,0
9552,55-0,240,1,50,20,1
9553,55-0,240,1,50,30,0
9554,55-0,240,1,50,30,1
9555,55-0,240,1,50,50,0
9556,55-0,240,1,50,50,1
9557,55-0,240,1,50,70,0
9558,55-0,240,1,50,70,1
9559,55-0,240,1,50,80,0
9560,55-0,240,1,50,80,1
9561,55-0,240,1,50,100,0
9562,55-0,240,1,50,100,1
9563,55-0,240,1,70,0,0
9564,55-0,240,1,70,0,1
9565,55-0,240,1,70,20,0
9566,55-0,240,1,70,20,1
9567,55-0,240,1,70,30,0
9568,55-0,240,1,70,30,1
9569,55-0,240,1,70,50,0
9570,55-0,240,1,70,50,1
9571,55-0,240,1,70,70,0
9572,55-0,240,1,70,70,1
9573,55-0,240,1,70,80,0
9574,55-0,240,1,70,80,1
9575,55-0,240,1,70,100,0
9576,55-0,240,1,70,100,1
9577,55-0,240,1,80,0,0
9578,55-0,240,1,80,0,1
9579,55-0,240,1,80,20,0
9580,55-0,240,1,80,20,1
9581,55-0,240,1,80,30,0
9582,55-0,240,1,80,30,1
9583,55-0,240,1,80,50,0
9584,55-0,240,1,80,50,1
9585,55-0,240,1,80,70,0
9586,55-0,240,1,80,70,1
9587,55-0,240,1,80,80,0
9588,55-0,240,1,80,80,1
9589,55-0,240,1,80,100,0
9590,55-0,240,1,80,100,1
9591,55-0,240,1,100,0,0
9592,55-0,240,1,100,0,1
9593,55-0,240,1,100,20,0
9594,55-0,240,1,100,20,1
9595,55-0,240,1,100,30,0
9596,55-0,240,1,100,30,1
9597,55-0,240,1,100,50,0
9598,55-0,240,1,100,50,1
9599,55-0,240,1,100,70,0
9600,55-0,240,1,100,70,1
9601,55-0,240,1,100,80,0
9602,55-0,240,1,100,80,1
9603,55-0,240,1,100,100,0
9604,55-0,240,1,100,100,1
9605,55-0,240,1,0,0,0
9606,55-0,240,1,0,0,1
9607,55-0,240,1,0,20,0
9608,55-0,240,1,0,20,1
9609,55-0,240,1,0,30,0
9610,55-0,240,1,0,30,1
9611,55-0,240,1,0,50,0
9612,55-0,240,1,0,50,1
9613,55-0,240,1,0,70,0
9614,55-0,240,1,0,70,1
9615,55-0,240,1,0,80,0
9616,55-0,240,1,0,80,1
9617,55-0,240,1,0,100,0
9618,55-0,240,1,0,100,1
9619,55-0,240,1,20,0,0
9620,55-0,240,1,20,0,1
9621,55-0,240,1,20,20,0
9622,55-0,240,1,20,20,1
9623,55-0,240,1,20,30,0
9624,55-0,240,1,20,30,1
9625,55-0,240,1,20,50,0
9626,55-0,240,1,20,50,1
9627,55-0,240,1,20,70,0
9628,55-0,240,1,20,70,1
9629,55-0,240,1,20,80,0
9630,55-0,240,1,20,80,1
9631,55-0,240,1,20,100,0
9632,55-0,240,1,20,100,1
9633,55-0,240,1,30,0,0
9634,55-0,240,1,30,0,1
9635,55-0,240,1,30,20,0
9636,55-0,240,1,30,20,1
9637,55-0,240,1,30,30,0
9638,55-0,240,1,30,30,1
9639,55-0,240,1,30,50,0
9640,55-0,240,1,30,50,1
9641,55-0,240,1,30,70,0
9642,55-0,240,1,30,70,1
9643,55-0,240,1,30,80,0
9644,55-0,240,1,30,80,1
9645,55-0,240,1,30,100,0
9646,55-0,240,1,30,100,1
9647,55-0,240,1,50,0,0
9648,55-0,240,1,50,0,1
9649,55-0,240,1,50,20,0
9650,55-0,240,1,50,20,1
9651,55-0,240,1,50,30,0
9652,55-0,240,1,50,30,1
9653,55-0,240,1,50,50,0
9654,55-0,240,1,50,50,1
9655,55-0,240,1,50,70,0
9656,55-0,240,1,50,70,1
9657,55-0,240,1,50,80,0
9658,55-0,240,1,50,80,1
9659,55-0,240,1,50,100,0
9660,55-0,240,1,50,100,1
9661,55-0,240,1,70,0,0
9662,55-0,240,1,70,0,1
9663,55-0,240,1,70,20,0
9664,55-0,240,1,70,20,1
9665,55-0,240,1,70,30,0
9666,55-0,240,1,70,30,1
9667,55-0,240,1,70,50,0
9668,55-0,240,1,70,50,1
9669,55-0,240,1,70,70,0
9670,55-0,240,1,70,70,1
9671,55-0,240,1,70,80,0
9672,55-0,240,1,70,80,1
9673,55-0,240,1,70,100,0
9674,55-0,240,1,70,100,1
9675,55-0,240,1,80,0,0
9676,55-0,240,1,80,0,1
9677,55-0,240,1,80,20,0
9678,55-0,240,1,80,20,1
9679,55-0,240,1,80,30,0
9680,55-0,240,1,80,30,1
9681,55-0,240,1,80,50,0
9682,55-0,240,1,80,50,1
9683,55-0,240,1,80,70,0
9684,55-0,240,1,80,70,1
9685,55-0,240,1,80,80,0
9686,55-0,240,1,80,80,1
9687,55-0,240,1,80,100,0
9688,55-0,240,1,80,100,1
9689,55-0,240,1,100,0,0
9690,55-0,240,1,100,0,1
9691,55-0,240,1,100,20,0
9692,55-0,240,1,100,20,1
9693,55-0,240,1,100,30,0
9694,55-0,240,1,100,30,1
9695,55-0,240,1,100,50,0
9696,55-0,240,1,100,50,1
9697,55-0,240,1,100,70,0
9698,55-0,240,1,100,70,1
9699,55-0,240,1,100,80,0
9700,55-0,240,1,100,80,1
9701,55-0,240,1,100,100,0
9702,55-0,240,1,100,100,1
9703,55-0,240,5,0,0,0
9704,55-0,240,5,0,0,1
9705,55-0,240,5,0,20,0
9706,55-0,240,5,0,20,1
9707,55-0,240,5,0,30,0
9708,55-0,240,5,0,30,1
9709,55-0,240,5,0,50,0
9710,55-0,240,5,0,50,1
9711,55-0,240,5,0,70,0
9712,55-0,240,5,0,70,1
9713,55-0,240,5,0,80,0
9714,55-0,240,5,0,80,1
9715,55-0,240,5,0,100,0
9716,55-0,240,5,0,100,1
9717,55-0,240,5,20,0,0
9718,55-0,240,5,20,0,1
9719,55-0,240,5,20,20,0
9720,55-0,240,5,20,20,1
9721,55-0,240,5,20,30,0
9722,55-0,240,5,20,30,1
9723,55-0,240,5,20,50,0
9724,55-0,240,5,20,50,1
9725,55-0,240,5,20,70,0
9726,55-0,240,5,20,70,1
9727,55-0,240,5,20,80,0
9728,55-0,240,5,20,80,1
9729,55-0,240,5,20,100,0
9730,55-0,240,5,20,100,1
9731,55-0,240,5,30,0,0
9732,55-0,240,5,30,0,1
9733,55-0,240,5,30,20,0
9734,55-0,240,5,30,20,1
9735,55-0,240,5,30,30,0
9736,55-0,240,5,30,30,1
9737,55-0,240,5,30,50,0
9738,55-0,240,5,30,50,1
9739,55-0,240,5,30,70,0
9740,55-0,240,5,30,70,1
9741,55-0,240,5,30,80,0
9742,55-0,240,5,30,80,1
9743,55-0,240,5,30,100,0
9744,55-0,240,5,30,100,1
9745,55-0,240,5,50,0,0
9746,55-0,240,5,50,0,1
9747,55-0,240,5,50,20,0
9748,55-0,240,5,50,20,1
9749,55-0,240,5,50,30,0
9750,55-0,240,5,50,30,1
9751,55-0,240,5,50,50,0
9752,55-0,240,5,50,50,1
9753,55-0,240,5,50,70,0
9754,55-0,240,5,50,70,1
9755,55-0,240,5,50,80,0
9756,55-0,240,5,50,80,1
9757,55-0,240,5,50,100,0
9758,55-0,240,5,50,100,1
9759,55-0,240,5,70,0,0
9760,55-0,240,5,70,0,1
9761,55-0,240,5,70,20,0
9762,55-0,240,5,70,20,1
9763,55-0,240,5,70,30,0
9764,55-0,240,5,70,30,1
9765,55-0,240,5,70,50,0
9766,55-0,240,5,70,50,1
9767,55-0,240,5,70,70,0
9768,55-0,240,5,70,70,1
9769,55-0,240,5,70,80,0
9770,55-0,240,5,70,80,1
9771,55-0,240,5,70,100,0
9772,55-0,240,5,70,100,1
9773,55-0,240,5,80,0,0
9774,55-0,240,5,80,0,1
9775,55-0,240,5,80,20,0
9776,55-0,240,5,80,20,1
9777,55-0,240,5,80,30,0
9778,55-0,240,5,80,30,1
9779,55-0,240,5,80,50,0
9780,55-0,240,5,80,50,1
9781,55-0,240,5,80,70,0
9782,55-0,240,5,80,70,1
9783,55-0,240,5,80,80,0
9784,55-0,240,5,80,80,1
9785,55-0,240,5,80,100,0
9786,55-0,240,5,80,100,1
9787,55-0,240,5,100,0,0
9788,55-0,240,5,100,0,1
9789,55-0,240,5,100,20,0
9790,55-0,240,5,100,20,1
9791,55-0,240,5,100,30,0
9792,55-0,240,5,100,30,1
9793,55-0,240,5,100,50,0
9794,55-0,240,5,100,50,1
9795,55-0,240,5,100,70,0
9796,55-0,240,5,100,70,1
9797,55-0,240,5,100,80,0
9798,55-0,240,5,100,80,1
9799,55-0,240,5,100,100,0
9800,55-0,240,5,100,100,1
9801,55-0,260,0,0,0,0
9802,55-0,260,0,0,0,1
9803,55-0,260,0,0,20,0
9804,55-0,260,0,0,20,1
9805,55-0,260,0,0,30,0
9806,55-0,260,0,0,30,1
9807,55-0,260,0,0,50,0
9808,55-0,260,0,0,50,1
9809,55-0,260,0,0,70,0
9810,55-0,260,0,0,70,1
9811,55-0,260,0,0,80,0
9812,55-0,260,0,0,80,1
9813,55-0,260,0,0,100,0
9814,55-0,260,0,0,100,1
9815,55-0,260,0,20,0,0
9816,55-0,260,0,20,0,1
9817,55-0,260,0,20,20,0
9818,55-0,260,0,20,20,1
9819,55-0,260,0,20,30,0
9820,55-0,260,0,20,30,1
9821,55-0,260,0,20,50,0
9822,55-0,260,0,20,50,1
9823,55-0,260,0,20,70,0
9824,55-0,260,0,20,70,1
9825,55-0,260,0,20,80,0
9826,55-0,260,0,20,80,1
9827,55-0,260,0,20,100,0
9828,55-0,260,0,20,100,1
9829,55-0,260,0,30,0,0
9830,55-0,260,0,30,0,1
9831,55-0,260,0,30,20,0
9832,55-0,260,0,30,20,1
9833,55-0,260,0,30,30,0
9834,55-0,260,0,30,30,1
9835,55-0,260,0,30,50,0
9836,55-0,260,0,30,50,1
9837,55-0,260,0,30,70,0
9838,55-0,260,0,30,70,1
9839,55-0,260,0,30,80,0
9840,55-0,260,0,30,80,1
9841,55-0,260,0,30,100,0
9842,55-0,260,0,30,100,1
9843,55-0,260,0,50,0,0
9844,55-0,260,0,50,0,1
9845,55-0,260,0,50,20,0
9846,55-0,260,0,50,20,1
9847,55-0,260,0,50,30,0
9848,55-0,260,0,50,30,1
9849,55-0,260,0,50,50,0
9850,55-0,260,0,50,50,1
9851,55-0,260,0,50,70,0
9852,55-0,260,0,50,70,1
9853,55-0,260,0,50,80,0
9854,55-0,260,0,50,80,1
9855,55-0,260,0,50,100,0
9856,55-0,260,0,50,100,1
9857,55-0,260,0,70,0,0
9858,55-0,260,0,70,0,1
9859,55-0,260,0,70,20,0
9860,55-0,260,0,70,20,1
9861,55-0,260,0,70,30,0
9862,55-0,260,0,70,30,1
9863,55-0,260,0,70,50,0
9864,55-0,260,0,70,50,1
9865,55-0,260,0,70,70,0
9866,55-0,260,0,70,70,1
9867,55-0,260,0,70,80,0
9868,55-0,260,0,70,80,1
9869,55-0,260,0,70,100,0
9870,55-0,260,0,70,100,1
9871,55-0,260,0,80,0,0
9872,55-0,260,0,80,0,1
9873,55-0,260,0,80,20,0
9874,55-0,260,0,80,20,1
9875,55-0,260,0,80,30,0
9876,55-0,260,0,80,30,1
9877,55-0,260,0,80,50,0
9878,55-0,260,0,80,50,1
9879,55-0,260,0,80,70,0
9880,55-0,260,0,80,70,1
9881,55-0,260,0,80,80,0
9882,55-0,260,0,80,80,1
9883,55-0,260,0,80,100,0
9884,55-0,260,0,80,100,1
9885,55-0,260,0,100,0,0
9886,55-0,260,0,100,0,1
9887,55-0,260,0,100,20,0
9888,55-0,260,0,100,20,1
9889,55-0,260,0,100,30,0
9890,55-0,260,0,100,30,1
9891,55-0,260,0,100,50,0
9892,55-0,260,0,100,50,1
9893,55-0,260,0,100,70,0
9894,55-0,260,0,100,70,1
9895,55-0,260,0,100,80,0
9896,55-0,260,0,100,80,1
9897,55-0,260,0,100,100,0
9898,55-0,260,0,100,100,1
9899,55-0,260,75,0,0,0
9900,55-0,260,75,0,0,1
9901,55-0,260,75,0,20,0
9902,55-0,260,75,0,20,1
9903,55-0,260,75,0,30,0
9904,55-0,260,75,0,30,1
9905,55-0,260,75,0,50,0
9906,55-0,260,75,0,50,1
9907,55-0,260,75,0,70,0
9908,55-0,260,75,0,70,1
9909,55-0,260,75,0,80,0
9910,55-0,260,75,0,80,1
9911,55-0,260,75,0,100,0
9912,55-0,260,75,0,100,1
9913,55-0,260,75,20,0,0
9914,55-0,260,75,20,0,1
9915,55-0,260,75,20,20,0
9916,55-0,260,75,20,20,1
9917,55-0,260,75,20,30,0
9918,55-0,260,75,20,30,1
9919,55-0,260,75,20,50,0
9920,55-0,260,75,20,50,1
9921,55-0,260,75,20,70,0
9922,55-0,260,75,20,70,1
9923,55-0,260,75,20,80,0
9924,55-0,260,75,20,80,1
9925,55-0,260,75,20,100,0
9926,55-0,260,75,20,100,1
9927,55-0,260,75,30,0,0
9928,55-0,260,75,30,0,1
9929,55-0,260,75,30,20,0
9930,55-0,260,75,30,20,1
9931,55-0,260,75,30,30,0
9932,55-0,260,75,30,30,1
9933,55-0,260,75,30,50,0
9934,55-0,260,75,30,50,1
9935,55-0,260,75,30,70,0
9936,55-0,260,75,30,70,1
9937,55-0,260,75,30,80,0
9938,55-0,260,75,30,80,1
9939,55-0,260,75,30,100,0
9940,55-0,260,75,30,100,1
9941,55-0,260,75,50,0,0
9942,55-0,260,75,50,0,1
9943,55-0,260,75,50,20,0
9944,55-0,260,75,50,20,1
9945,55-0,260,75,50,30,0
9946,55-0,260,75,50,30,1
9947,55-0,260,75,50,50,0
9948,55-0,260,75,50,50,1
9949,55-0,260,75,50,70,0
9950,55-0,260,75,50,70,1
9951,55-0,260,75,50,80,0
9952,55-0,260,75,50,80,1
9953,55-0,260,75,50,100,0
9954,55-0,260,75,50,100,1
9955,55-0,260,75,70,0,0
9956,55-0,260,75,70,0,1
9957,55-0,260,75,70,20,0
9958,55-0,260,75,70,20,1
9959,55-0,260,75,70,30,0
9960,55-0,260,75,70,30,1
9961,55-0,260,75,70,50,0
9962,55-0,260,75,70,50,1
9963,55-0,260,75,70,70,0
9964,55-0,260,75,70,70,1
9965,55-0,260,75,70,80,0
9966,55-0,260,75,70,80,1
9967,55-0,260,75,70,100,0
9968,55-0,260,75,70,100,1
9969,55-0,260,75,80,0,0
9970,55-0,260,75,80,0,1
9971,55-0,260,75,80,20,0
9972,55-0,260,75,80,20,1
9973,55-0,260,75,80,30,0
9974,55-0,260,75,80,30,1
9975,55-0,260,75,80,50,0
9976,55-0,260,75,80,50,1
9977,55-0,260,75,80,70,0
9978,55-0,260,75,80,70,1
9979,55-0,260,75,80,80,0
9980,55-0,260,75,80,80,1
9981,55-0,260,75,80,100,0
9982,55-0,260,75,80,100,1
9983,55-0,260,75,100,0,0
9984,55-0,260,75,100,0,1
9985,55-0,260,75,100,20,0
9986,55-0,260,75,100,20,1
9987,55-0,260,75,100,30,0
9988,55-0,260,75,100,30,1
9989,55-0,260,75,100,50,0
9990,55-0,260,75,100,50,1
9991,55-0,260,75,100,70,0
9992,55-0,260,75,100,70,1
9993,55-0,260,75,100,80,0
9994,55-0,260,75,100,80,1
9995,55-0,260,75,100,100,0
9996,55-0,260,75,100,100,1
9997,55-0,260,1,0,0,0
9998,55-0,260,1,0,0,1
9999,55-0,260,1,0,20,0
10000,55-0,260,1,0,20,1
10001,55-0,260,1,0,30,0
10002,55-0,260,1,0,30,1
10003,55-0,260,1,0,50,0
10004,55-0,260,1,0,50,1
10005,55-0,260,1,0,70,0
10006,55-0,260,1,0,70,1
10007,55-0,260,1,0,80,0
10008,55-0,260,1,0,80,1
10009,55-0,260,1,0,100,0
10010,55-0,260,1,0,100,1
10011,55-0,260,1,20,0,0
10012,55-0,260,1,20,0,1
10013,55-0,260,1,20,20,0
10014,55-0,260,1,20,20,1
10015,55-0,260,1,20,30,0
10016,55-0,260,1,20,30,1
10017,55-0,260,1,20,50,0
10018,55-0,260,1,20,50,1
10019,55-0,260,1,20,70,0
10020,55-0,260,1,20,70,1
10021,55-0,260,1,20,80,0
10022,55-0,260,1,20,80,1
10023,55-0,260,1,20,100,0
10024,55-0,260,1,20,100,1
10025,55-0,260,1,30,0,0
10026,55-0,260,1,30,0,1
10027,55-0,260,1,30,20,0
10028,55-0,260,1,30,20,1
10029,55-0,260,1,30,30,0
10030,55-0,260,1,30,30,1
10031,55-0,260,1,30,50,0
10032,55-0,260,1,30,50,1
10033,55-0,260,1,30,70,0
10034,55-0,260,1,30,70,1
10035,55-0,260,1,30,80,0
10036,55-0,260,1,30,80,1
10037,55-0,260,1,30,100,0
10038,55-0,260,1,30,100,1
10039,55-0,260,1,50,0,0
10040,55-0,260,1,50,0,1
10041,55-0,260,1,50,20,0
10042,55-0,260,1,50,20,1
10043,55-0,260,1,50,30,0
10044,55-0,260,1,50,30,1
10045,55-0,260,1,50,50,0
10046,55-0,260,1,50,50,1
10047,55-0,260,1,50,70,0
10048,55-0,260,1,50,70,1
10049,55-0,260,1,50,80,0
10050,55-0,260,1,50,80,1
10051,55-0,260,1,50,100,0
10052,55-0,260,1,50,100,1
10053,55-0,260,1,70,0,0
10054,55-0,260,1,70,0,1
10055,55-0,260,1,70,20,0
10056,55-0,260,1,70,20,1
10057,55-0,260,1,70,30,0
10058,55-0,260,1,70,30,1
10059,55-0,260,1,70,50,0
10060,55-0,260,1,70,50,1
10061,55-0,260,1,70,70,0
10062,55-0,260,1,70,70,1
10063,55-0,260,1,70,80,0
10064,55-0,260,1,70,80,1
10065,55-0,260,1,70,100,0
10066,55-0,260,1,70,100,1
10067,55-0,260,1,80,0,0
10068,55-0,260,1,80,0,1
10069,55-0,260,1,80,20,0
10070,55-0,260,1,80,20,1
10071,55-0,260,1,80,30,0
10072,55-0,260,1,80,30,1
10073,55-0,260,1,80,50,0
10074,55-0,260,1,80,50,1
10075,55-0,260,1,80,70,0
10076,55-0,260,1,80,70,1
10077,55-0,260,1,80,80,0
10078,55-0,260,1,80,80,1
10079,55-0,260,1,80,100,0
10080,55-0,260,1,80,100,1
10081,55-0,260,1,100,0,0
10082,55-0,260,1,100,0,1
10083,55-0,260,1,100,20,0
10084,55-0,260,1,100,20,1
10085,55-0,260,1,100,30,0
10086,55-0,260,1,100,30,1
10087,55-0,260,1,100,50,0
10088,55-0,260,1,100,50,1
10089,55-0,260,1,100,70,0
10090,55-0,260,1,100,70,1
10091,55-0,260,1,100,80,0
10092,55-0,260,1,100,80,1
10093,55-0,260,1,100,100,0
10094,55-0,260,1,100,100,1
10095,55-0,260,1,0,0,0
10096,55-0,260,1,0,0,1
10097,55-0,260,1,0,20,0
10098,55-0,260,1,0,20,1
10099,55-0,260,1,0,30,0
10100,55-0,260,1,0,30,1
10101,55-0,260,1,0,50,0
10102,55-0,260,1,0,50,1
10103,55-0,260,1,0,70,0
10104,55-0,260,1,0,70,1
10105,55-0,260,1,0,80,0
10106,55-0,260,1,0,80,1
10107,55-0,260,1,0,100,0
10108,55-0,260,1,0,100,1
10109,55-0,260,1,20,0,0
10110,55-0,260,1,20,0,1
10111,55-0,260,1,20,20,0
10112,55-0,260,1,20,20,1
10113,55-0,260,1,20,30,0
10114,55-0,260,1,20,30,1
10115,55-0,260,1,20,50,0
10116,55-0,260,1,20,50,1
10117,55-0,260,1,20,70,0
10118,55-0,260,1,20,70,1
10119,55-0,260,1,20,80,0
10120,55-0,260,1,20,80,1
10121,55-0,260,1,20,100,0
10122,55-0,260,1,20,100,1
10123,55-0,260,1,30,0,0
10124,55-0,260,1,30,0,1
10125,55-0,260,1,30,20,0
10126,55-0,260,1,30,20,1
10127,55-0,260,1,30,30,0
10128,55-0,260,1,30,30,1
10129,55-0,260,1,30,50,0
10130,55-0,260,1,30,50,1
10131,55-0,260,1,30,70,0
10132,55-0,260,1,30,70,1
10133,55-0,260,1,30,80,0
10134,55-0,260,1,30,80,1
10135,55-0,260,1,30,100,0
10136,55-0,260,1,30,100,1
10137,55-0,260,1,50,0,0
10138,55-0,260,1,50,0,1
10139,55-0,260,1,50,20,0
10140,55-0,260,1,50,20,1
10141,55-0,260,1,50,30,0
10142,55-0,260,1,50,30,1
10143,55-0,260,1,50,50,0
10144,55-0,260,1,50,50,1
10145,55-0,260,1,50,70,0
10146,55-0,260,1,50,70,1
10147,55-0,260,1,50,80,0
10148,55-0,260,1,50,80,1
10149,55-0,260,1,50,100,0
10150,55-0,260,1,50,100,1
10151,55-0,260,1,70,0,0
10152,55-0,260,1,70,0,1
10153,55-0,260,1,70,20,0
10154,55-0,260,1,70,20,1
10155,55-0,260,1,70,30,0
10156,55-0,260,1,70,30,1
10157,55-0,260,1,70,50,0
10158,55-0,260,1,70,50,1
10159,55-0,260,1,70,70,0
10160,55-0,260,1,70,70,1
10161,55-0,260,1,70,80,0
10162,55-0,260,1,70,80,1
10163,55-0,260,1,70,100,0
10164,55-0,260,1,70,100,1
10165,55-0,260,1,80,0,0
10166,55-0,260,1,80,0,1
10167,55-0,260,1,80,20,0
10168,55-0,260,1,80,20,1
10169,55-0,260,1,80,30,0
10170,55-0,260,1,80,30,1
10171,55-0,260,1,80,50,0
10172,55-0,260,1,80,50,1
10173,55-0,260,1,80,70,0
10174,55-0,260,1,80,70,1
10175,55-0,260,1,80,80,0
10176,55-0,260,1,80,80,1
10177,55-0,260,1,80,100,0
10178,55-0,260,1,80,100,1
10179,55-0,260,1,100,0,0
10180,55-0,260,1,100,0,1
10181,55-0,260,1,100,20,0
10182,55-0,260,1,100,20,1
10183,55-0,260,1,100,30,0
10184,55-0,260,1,100,30,1
10185,55-0,260,1,100,50,0
10186,55-0,260,1,100,50,1
10187,55-0,260,1,100,70,0
10188,55-0,260,1,100,70,1
10189,55-0,260,1,100,80,0
10190,55-0,260,1,100,80,1
10191,55-0,260,1,100,100,0
10192,55-0,260,1,100,100,1
10193,55-0,260,5,0,0,0
10194,55-0,260,5,0,0,1
10195,55-0,260,5,0,20,0
10196,55-0,260,5,0,20,1
10197,55-0,260,5,0,30,0
10198,55-0,260,5,0,30,1
10199,55-0,260,5,0,50,0
10200,55-0,260,5,0,50,1
10201,55-0,260,5,0,70,0
10202,55-0,260,5,0,70,1
10203,55-0,260,5,0,80,0
10204,55-0,260,5,0,80,1
10205,55-0,260,5,0,100,0
10206,55-0,260,5,0,100,1
10207,55-0,260,5,20,0,0
10208,55-0,260,5,20,0,1
10209,55-0,260,5,20,20,0
10210,55-0,260,5,20,20,1
10211,55-0,260,5,20,30,0
10212,55-0,260,5,20,30,1
10213,55-0,260,5,20,50,0
10214,55-0,260,5,20,50,1
10215,55-0,260,5,20,70,0
10216,55-0,260,5,20,70,1
10217,55-0,260,5,20,80,0
10218,55-0,260,5,20,80,1
10219,55-0,260,5,20,100,0
10220,55-0,260,5,20,100,1
10221,55-0,260,5,30,0,0
10222,55-0,260,5,30,0,1
10223,55-0,260,5,30,20,0
10224,55-0,260,5,30,20,1
10225,55-0,260,5,30,30,0
10226,55-0,260,5,30,30,1
10227,55-0,260,5,30,50,0
10228,55-0,260,5,30,50,1
10229,55-0,260,5,30,70,0
10230,55-0,260,5,30,70,1
10231,55-0,260,5,30,80,0
10232,55-0,260,5,30,80,1
10233,55-0,260,5,30,100,0
10234,55-0,260,5,30,100,1
10235,55-0,260,5,50,0,0
10236,55-0,260,5,50,0,1
10237,55-0,260,5,50,20,0
10238,55-0,260,5,50,20,1
10239,55-0,260,5,50,30,0
10240,55-0,260,5,50,30,1
10241,55-0,260,5,50,50,0
10242,55-0,260,5,50,50,1
10243,55-0,260,5,50,70,0
10244,55-0,260,5,50,70,1
10245,55-0,260,5,50,80,0
10246,55-0,260,5,50,80,1
10247,55-0,260,5,50,100,0
10248,55-0,260,5,50,100,1
10249,55-0,260,5,70,0,0
10250,55-0,260,5,70,0,1
10251,55-0,260,5,70,20,0
10252,55-0,260,5,70,20,1
10253,55-0,260,5,70,30,0
10254,55-0,260,5,70,30,1
10255,55-0,260,5,70,50,0
10256,55-0,260,5,70,50,1
10257,55-0,260,5,70,70,0
10258,55-0,260,5,70,70,1
10259,55-0,260,5,70,80,0
10260,55-0,260,5,70,80,1
10261,55-0,260,5,70,100,0
10262,55-0,260,5,70,100,1
10263,55-0,260,5,80,0,0
10264,55-0,260,5,80,0,1
10265,55-0,260,5,80,20,0
10266,55-0,260,5,80,20,1
10267,55-0,260,5,80,30,0
10268,55-0,260,5,80,30,1
10269,55-0,260,5,80,50,0
10270,55-0,260,5,80,50,1
10271,55-0,260,5,80,70,0
10272,55-0,260,5,80,70,1
10273,55-0,260,5,80,80,0
10274,55-0,260,5,80,80,1
10275,55-0,260,5,80,100,0
10276,55-0,260,5,80,100,1
10277,55-0,260,5,100,0,0
10278,55-0,260,5,100,0,1
10279,55-0,260,5,100,20,0
10280,55-0,260,5,100,20,1
10281,55-0,260,5,100,30,0
10282,55-0,260,5,100,30,1
10283,55-0,260,5,100,50,0
10284,55-0,260,5,100,50,1
10285,55-0,260,5,100,70,0
10286,55-0,260,5,100,70,1
10287,55-0,260,5,100,80,0
10288,55-0,260,5,100,80,1
10289,55-0,260,5,100,100,0
10290,55-0,260,5,100,100,1
10291,55-0,280,0,0,0,0
10292,55-0,280,0,0,0,1
10293,55-0,280,0,0,20,0
10294,55-0,280,0,0,20,1
10295,55-0,280,0,0,30,0
10296,55-0,280,0,0,30,1
10297,55-0,280,0,0,50,0
10298,55-0,280,0,0,50,1
10299,55-0,280,0,0,70,0
10300,55-0,280,0,0,70,1
10301,55-0,280,0,0,80,0
10302,55-0,280,0,0,80,1
10303,55-0,280,0,0,100,0
10304,55-0,280,0,0,100,1
10305,55-0,280,0,20,0,0
10306,55-0,280,0,20,0,1
10307,55-0,280,0,20,20,0
10308,55-0,280,0,20,20,1
10309,55-0,280,0,20,30,0
10310,55-0,280,0,20,30,1
10311,55-0,280,0,20,50,0
10312,55-0,280,0,20,50,1
10313,55-0,280,0,20,70,0
10314,55-0,280,0,20,70,1
10315,55-0,280,0,20,80,0
10316,55-0,280,0,20,80,1
10317,55-0,280,0,20,100,0
10318,55-0,280,0,20,100,1
10319,55-0,280,0,30,0,0
10320,55-0,280,0,30,0,1
10321,55-0,280,0,30,20,0
10322,55-0,280,0,30,20,1
10323,55-0,280,0,30,30,0
10324,55-0,280,0,30,30,1
10325,55-0,280,0,30,50,0
10326,55-0,280,0,30,50,1
10327,55-0,280,0,30,70,0
10328,55-0,280,0,30,70,1
10329,55-0,280,0,30,80,0
10330,55-0,280,0,30,80,1
10331,55-0,280,0,30,100,0
10332,55-0,280,0,30,100,1
10333,55-0,280,0,50,0,0
10334,55-0,280,0,50,0,1
10335,55-0,280,0,50,20,0
10336,55-0,280,0,50,20,1
10337,55-0,280,0,50,30,0
10338,55-0,280,0,50,30,1
10339,55-0,280,0,50,50,0
10340,55-0,280,0,50,50,1
10341,55-0,280,0,50,70,0
10342,55-0,280,0,50,70,1
10343,55-0,280,0,50,80,0
10344,55-0,280,0,50,80,1
10345,55-0,280,0,50,100,0
10346,55-0,280,0,50,100,1
10347,55-0,280,0,70,0,0
10348,55-0,280,0,70,0,1
10349,55-0,280,0,70,20,0
10350,55-0,280,0,70,20,1
10351,55-0,280,0,70,30,0
10352,55-0,280,0,70,30,1
10353,55-0,280,0,70,50,0
10354,55-0,280,0,70,50,1
10355,55-0,280,0,70,70,0
10356,55-0,280,0,70,70,1
10357,55-0,280,0,70,80,0
10358,55-0,280,0,70,80,1
10359,55-0,280,0,70,100,0
10360,55-0,280,0,70,100,1
10361,55-0,280,0,80,0,0
10362,55-0,280,0,80,0,1
10363,55-0,280,0,80,20,0
10364,55-0,280,0,80,20,1
10365,55-0,280,0,80,30,0
10366,55-0,280,0,80,30,1
10367,55-0,280,0,80,50,0
10368,55-0,280,0,80,50,1
10369,55-0,280,0,80,70,0
10370,55-0,280,0,80,70,1
10371,55-0,280,0,80,80,0
10372,55-0,280,0,80,80,1
10373,55-0,280,0,80,100,0
10374,55-0,280,0,80,100,1
10375,55-0,280,0,100,0,0
10376,55-0,280,0,100,0,1
10377,55-0,280,0,100,20,0
10378,55-0,280,0,100,20,1
10379,55-0,280,0,100,30,0
10380,55-0,280,0,100,30,1
10381,55-0,280,0,100,50,0
10382,55-0,280,0,100,50,1
10383,55-0,280,0,100,70,0
10384,55-0,280,0,100,70,1
10385,55-0,280,0,100,80,0
10386,55-0,280,0,100,80,1
10387,55-0,280,0,100,100,0
10388,55-0,280,0,100,100,1
10389,55-0,280,75,0,0,0
10390,55-0,280,75,0,0,1
10391,55-0,280,75,0,20,0
10392,55-0,280,75,0,20,1
10393,55-0,280,75,0,30,0
10394,55-0,280,75,0,30,1
10395,55-0,280,75,0,50,0
10396,55-0,280,75,0,50,1
10397,55-0,280,75,0,70,0
10398,55-0,280,75,0,70,1
10399,55-0,280,75,0,80,0
10400,55-0,280,75,0,80,1
10401,55-0,280,75,0,100,0
10402,55-0,280,75,0,100,1
10403,55-0,280,75,20,0,0
10404,55-0,280,75,20,0,1
10405,55-0,280,75,20,20,0
10406,55-0,280,75,20,20,1
10407,55-0,280,75,20,30,0
10408,55-0,280,75,20,30,1
10409,55-0,280,75,20,50,0
10410,55-0,280,75,20,50,1
10411,55-0,280,75,20,70,0
10412,55-0,280,75,20,70,1
10413,55-0,280,75,20,80,0
10414,55-0,280,75,20,80,1
10415,55-0,280,75,20,100,0
10416,55-0,280,75,20,100,1
10417,55-0,280,75,30,0,0
10418,55-0,280,75,30,0,1
10419,55-0,280,75,30,20,0
10420,55-0,280,75,30,20,1
10421,55-0,280,75,30,30,0
10422,55-0,280,75,30,30,1
10423,55-0,280,75,30,50,0
10424,55-0,280,75,30,50,1
10425,55-0,280,75,30,70,0
10426,55-0,280,75,30,70,1
10427,55-0,280,75,30,80,0
10428,55-0,280,75,30,80,1
10429,55-0,280,75,30,100,0
10430,55-0,280,75,30,100,1
10431,55-0,280,75,50,0,0
10432,55-0,280,75,50,0,1
10433,55-0,280,75,50,20,0
10434,55-0,280,75,50,20,1
10435,55-0,280,75,50,30,0
10436,55-0,280,75,50,30,1
10437,55-0,280,75,50,50,0
10438,55-0,280,75,50,50,1
10439,55-0,280,75,50,70,0
10440,55-0,280,75,50,70,1
10441,55-0,280,75,50,80,0
10442,55-0,280,75,50,80,1
10443,55-0,280,75,50,100,0
10444,55-0,280,75,50,100,1
10445,55-0,280,75,70,0,0
10446,55-0,280,75,70,0,1
10447,55-0,280,75,70,20,0
10448,55-0,280,75,70,20,1
10449,55-0,280,75,70,30,0
10450,55-0,280,75,70,30,1
10451,55-0,280,75,70,50,0
10452,55-0,280,75,70,50,1
10453,55-0,280,75,70,70,0
10454,55-0,280,75,70,70,1
10455,55-0,280,75,70,80,0
10456,55-0,280,75,70,80,1
10457,55-0,280,75,70,100,0
10458,55-0,280,75,70,100,1
10459,55-0,280,75,80,0,0
10460,55-0,280,75,80,0,1
10461,55-0,280,75,80,20,0
10462,55-0,280,75,80,20,1
10463,55-0,280,75,80,30,0
10464,55-0,280,75,80,30,1
10465,55-0,280,75,80,50,0
10466,55-0,280,75,80,50,1
10467,55-0,280,75,80,70,0
10468,55-0,280,75,80,70,1
10469,55-0,280,75,80,80,0
10470,55-0,280,75,80,80,1
10471,55-0,280,75,80,100,0
10472,55-0,280,75,80,100,1
10473,55-0,280,75,100,0,0
10474,55-0,280,75,100,0,1
10475,55-0,280,75,100,20,0
10476,55-0,280,75,100,20,1
10477,55-0,280,75,100,30,0
10478,55-0,280,75,100,30,1
10479,55-0,280,75,100,50,0
10480,55-0,280,75,100,50,1
10481,55-0,280,75,100,70,0
10482,55-0,280,75,100,70,1
10483,55-0,280,75,100,80,0
10484,55-0,280,75,100,80,1
10485,55-0,280,75,100,100,0
10486,55-0,280,75,100,100,1
10487,55-0,280,1,0,0,0
10488,55-0,280,1,0,0,1
10489,55-0,280,1,0,20,0
10490,55-0,280,1,0,20,1
10491,55-0,280,1,0,30,0
10492,55-0,280,1,0,30,1
10493,55-0,280,1,0,50,0
10494,55-0,280,1,0,50,1
10495,55-0,280,1,0,70,0
10496,55-0,280,1,0,70,1
10497,55-0,280,1,0,80,0
10498,55-0,280,1,0,80,1
10499,55-0,280,1,0,100,0
10500,55-0,280,1,0,100,1
10501,55-0,280,1,20,0,0
10502,55-0,280,1,20,0,1
10503,55-0,280,1,20,20,0
10504,55-0,280,1,20,20,1
10505,55-0,280,1,20,30,0
10506,55-0,280,1,20,30,1
10507,55-0,280,1,20,50,0
10508,55-0,280,1,20,50,1
10509,55-0,280,1,20,70,0
10510,55-0,280,1,20,70,1
10511,55-0,280,1,20,80,0
10512,55-0,280,1,20,80,1
10513,55-0,280,1,20,100,0
10514,55-0,280,1,20,100,1
10515,55-0,280,1,30,0,0
10516,55-0,280,1,30,0,1
10517,55-0,280,1,30,20,0
10518,55-0,280,1,30,20,1
10519,55-0,280,1,30,30,0
10520,55-0,280,1,30,30,1
10521,55-0,280,1,30,50,0
10522,55-0,280,1,30,50,1
10523,55-0,280,1,30,70,0
10524,55-0,280,1,30,70,1
10525,55-0,280,1,30,80,0
10526,55-0,280,1,30,80,1
10527,55-0,280,1,30,100,0
10528,55-0,280,1,30,100,1
10529,55-0,280,1,50,0,0
10530,55-0,280,1,50,0,1
10531,55-0,280,1,50,20,0
10532,55-0,280,1,50,20,1
10533,55-0,280,1,50,30,0
10534,55-0,280,1,50,30,1
10535,55-0,280,1,50,50,0
10536,55-0,280,1,50,50,1
10537,55-0,280,1,50,70,0
10538,55-0,280,1,50,70,1
10539,55-0,280,1,50,80,0
10540,55-0,280,1,50,80,1
10541,55-0,280,1,50,100,0
10542,55-0,280,1,50,100,1
10543,55-0,280,1,70,0,0
10544,55-0,280,1,70,0,1
10545,55-0,280,1,70,20,0
10546,55-0,280,1,70,20,1
10547,55-0,280,1,70,30,0
10548,55-0,280,1,70,30,1
10549,55-0,280,1,70,50,0
10550,55-0,280,1,70,50,1
10551,55-0,280,1,70,70,0
10552,55-0,280,1,70,70,1
10553,55-0,280,1,70,80,0
10554,55-0,280,1,70,80,1
10555,55-0,280,1,70,100,0
10556,55-0,280,1,70,100,1
10557,55-0,280,1,80,0,0
10558,55-0,280,1,80,0,1
10559,55-0,280,1,80,20,0
10560,55-0,280,1,80,20,1
10561,55-0,280,1,80,30,0
10562,55-0,280,1,80,30,1
10563,55-0,280,1,80,50,0
10564,55-0,280,1,80,50,1
10565,55-0,280,1,80,70,0
10566,55-0,280,1,80,70,1
10567,55-0,280,1,80,80,0
10568,55-0,280,1,80,80,1
10569,55-0,280,1,80,100,0
10570,55-0,280,1,80,100,1
10571,55-0,280,1,100,0,0
10572,55-0,280,1,100,0,1
10573,55-0,280,1,100,20,0
10574,55-0,280,1,100,20,1
10575,55-0,280,1,100,30,0
10576,55-0,280,1,100,30,1
10577,55-0,280,1,100,50,0
10578,55-0,280,1,100,50,1
10579,55-0,280,1,100,70,0
10580,55-0,280,1,100,70,1
10581,55-0,280,1,100,80,0
10582,55-0,280,1,100,80,1
10583,55-0,280,1,100,100,0
10584,55-0,280,1,100,100,1
10585,55-0,280,1,0,0,0
10586,55-0,280,1,0,0,1
10587,55-0,280,1,0,20,0
10588,55-0,280,1,0,20,1
10589,55-0,280,1,0,30,0
10590,55-0,280,1,0,30,1
10591,55-0,280,1,0,50,0
10592,55-0,280,1,0,50,1
10593,55-0,280,1,0,70,0
10594,55-0,280,1,0,70,1
10595,55-0,280,1,0,80,0
10596,55-0,280,1,0,80,1
10597,55-0,280,1,0,100,0
10598,55-0,280,1,0,100,1
10599,55-0,280,1,20,0,0
10600,55-0,280,1,20,0,1
10601,55-0,280,1,20,20,0
10602,55-0,280,1,20,20,1
10603,55-0,280,1,20,30,0
10604,55-0,280,1,20,30,1
10605,55-0,280,1,20,50,0
10606,55-0,280,1,20,50,1
10607,55-0,280,1,20,70,0
10608,55-0,280,1,20,70,1
10609,55-0,280,1,20,80,0
10610,55-0,280,1,20,80,1
10611,55-0,280,1,20,100,0
10612,55-0,280,1,20,100,1
10613,55-0,280,1,30,0,0
10614,55-0,280,1,30,0,1
10615,55-0,280,1,30,20,0
10616,55-0,280,1,30,20,1
10617,55-0,280,1,30,30,0
10618,55-0,280,1,30,30,1
10619,55-0,280,1,30,50,0
10620,55-0,280,1,30,50,1
10621,55-0,280,1,30,70,0
10622,55-0,280,1,30,70,1
10623,55-0,280,1,30,80,0
10624,55-0,280,1,30,80,1
10625,55-0,280,1,30,100,0
10626,55-0,280,1,30,100,1
10627,55-0,280,1,50,0,0
10628,55-0,280,1,50,0,1
10629,55-0,280,1,50,20,0
10630,55-0,280,1,50,20,1
10631,55-0,280,1,50,30,0
10632,55-0,280,1,50,30,1
10633,55-0,280,1,50,50,0
10634,55-0,280,1,50,50,1
10635,55-0,280,1,50,70,0
10636,55-0,280,1,50,70,1
10637,55-0,280,1,50,80,0
10638,55-0,280,1,50,80,1
10639,55-0,280,1,50,100,0
10640,55-0,280,1,50,100,1
10641,55-0,280,1,70,0,0
10642,55-0,280,1,70,0,1
10643,55-0,280,1,70,20,0
10644,55-0,280,1,70,20,1
10645,55-0,280,1,70,30,0
10646,55-0,280,1,70,30,1
10647,55-0,280,1,70,50,0
10648,55-0,280,1,70,50,1
10649,55-0,280,1,70,70,0
10650,55-0,280,1,70,70,1
10651,55-0,280,1,70,80,0
10652,55-0,280,1,70,80,1
10653,55-0,280,1,70,100,0
10654,55-0,280,1,70,100,1
10655,55-0,280,1,80,0,0
10656,55-0,280,1,80,0,1
10657,55-0,280,1,80,20,0
10658,55-0,280,1,80,20,1
10659,55-0,280,1,80,30,0
10660,55-0,280,1,80,30,1
10661,55-0,280,1,80,50,0
10662,55-0,280,1,80,50,1
10663,55-0,280,1,80,70,0
10664,55-0,280,1,80,70,1
10665,55-0,280,1,80,80,0
10666,55-0,280,1,80,80,1
10667,55-0,280,1,80,100,0
10668,55-0,280,1,80,100,1
10669,55-0,280,1,100,0,0
10670,55-0,280,1,100,0,1
10671,55-0,280,1,100,20,0
10672,55-0,280,1,100,20,1
10673,55-0,280,1,100,30,0
10674,55-0,280,1,100,30,1
10675,55-0,280,1,100,50,0
10676,55-0,280,1,100,50,1
10677,55-0,280,1,100,70,0
10678,55-0,280,1,100,70,1
10679,55-0,280,1,100,80,0
10680,55-0,280,1,100,80,1
10681,55-0,280,1,100,100,0
10682,55-0,280,1,100,100,1
10683,55-0,280,5,0,0,0
10684,55-0,280,5,0,0,1
10685,55-0,280,5,0,20,0
10686,55-0,280,5,0,20,1
10687,55-0,280,5,0,30,0
10688,55-0,280,5,0,30,1
10689,55-0,280,5,0,50,0
10690,55-0,280,5,0,50,1
10691,55-0,280,5,0,70,0
10692,55-0,280,5,0,70,1
10693,55-0,280,5,0,80,0
10694,55-0,280,5,0,80,1
10695,55-0,280,5,0,100,0
10696,55-0,280,5,0,100,1
10697,55-0,280,5,20,0,0
10698,55-0,280,5,20,0,1
10699,55-0,280,5,20,20,0
10700,55-0,280,5,20,20,1
10701,55-0,280,5,20,30,0
10702,55-0,280,5,20,30,1
10703,55-0,280,5,20,50,0
10704,55-0,280,5,20,50,1
10705,55-0,280,5,20,70,0
10706,55-0,280,5,20,70,1
10707,55-0,280,5,20,80,0
10708,55-0,280,5,20,80,1
10709,55-0,280,5,20,100,0
10710,55-0,280,5,20,100,1
10711,55-0,280,5,30,0,0
10712,55-0,280,5,30,0,1
10713,55-0,280,5,30,20,0
10714,55-0,280,5,30,20,1
10715,55-0,280,5,30,30,0
10716,55-0,280,5,30,30,1
10717,55-0,280,5,30,50,0
10718,55-0,280,5,30,50,1
10719,55-0,280,5,30,70,0
10720,55-0,280,5,30,70,1
10721,55-0,280,5,30,80,0
10722,55-0,280,5,30,80,1
10723,55-0,280,5,30,100,0
10724,55-0,280,5,30,100,1
10725,55-0,280,5,50,0,0
10726,55-0,280,5,50,0,1
10727,55-0,280,5,50,20,0
10728,55-0,280,5,50,20,1
10729,55-0,280,5,50,30,0
10730,55-0,280,5,50,30,1
10731,55-0,280,5,50,50,0
10732,55-0,280,5,50,50,1
10733,55-0,280,5,50,70,0
10734,55-0,280,5,50,70,1
10735,55-0,280,5,50,80,0
10736,55-0,280,5,50,80,1
10737,55-0,280,5,50,100,0
10738,55-0,280,5,50,100,1
10739,55-0,280,5,70,0,0
10740,55-0,280,5,70,0,1
10741,55-0,280,5,70,20,0
10742,55-0,280,5,70,20,1
10743,55-0,280,5,70,30,0
10744,55-0,280,5,70,30,1
10745,55-0,280,5,70,50,0
10746,55-0,280,5,70,50,1
10747,55-0,280,5,70,70,0
10748,55-0,280,5,70,70,1
10749,55-0,280,5,70,80,0
10750,55-0,280,5,70,80,1
10751,55-0,280,5,70,100,0
10752,55-0,280,5,70,100,1
10753,55-0,280,5,80,0,0
10754,55-0,280,5,80,0,1
10755,55-0,280,5,80,20,0
10756,55-0,280,5,80,20,1
10757,55-0,280,5,80,30,0
10758,55-0,280,5,80,30,1
10759,55-0,280,5,80,50,0
10760,55-0,280,5,80,50,1
10761,55-0,280,5,80,70,0
10762,55-0,280,5,80,70,1
10763,55-0,280,5,80,80,0
10764,55-0,280,5,80,80,1
10765,55-0,280,5,80,100,0
10766,55-0,280,5,80,100,1
10767,55-0,280,5,100,0,0
10768,55-0,280,5,100,0,1
10769,55-0,280,5,100,20,0
10770,55-0,280,5,100,20,1
10771,55-0,280,5,100,30,0
10772,55-0,280,5,100,30,1
10773,55-0,280,5,100,50,0
10774,55-0,280,5,100,50,1
10775,55-0,280,5,100,70,0
10776,55-0,280,5,100,70,1
10777,55-0,280,5,100,80,0
10778,55-0,280,5,100,80,1
10779,55-0,280,5,100,100,0
10780,55-0,280,5,100,100,1
10781,55-0,300,0,0,0,0
10782,55-0,300,0,0,0,1
10783,55-0,300,0,0,20,0
10784,55-0,300,0,0,20,1
10785,55-0,300,0,0,30,0
10786,55-0,300,0,0,30,1
10787,55-0,300,0,0,50,0
10788,55-0,300,0,0,50,1
10789,55-0,300,0,0,70,0
10790,55-0,300,0,0,70,1
10791,55-0,300,0,0,80,0
10792,55-0,300,0,0,80,1
10793,55-0,300,0,0,100,0
10794,55-0,300,0,0,100,1
10795,55-0,300,0,20,0,0
10796,55-0,300,0,20,0,1
10797,55-0,300,0,20,20,0
10798,55-0,300,0,20,20,1
10799,55-0,300,0,20,30,0
10800,55-0,300,0,20,30,1
10801,55-0,300,0,20,50,0
10802,55-0,300,0,20,50,1
10803,55-0,300,0,20,70,0
10804,55-0,300,0,20,70,1
10805,55-0,300,0,20,80,0
10806,55-0,300,0,20,80,1
10807,55-0,300,0,20,100,0
10808,55-0,300,0,20,100,1
10809,55-0,300,0,30,0,0
10810,55-0,300,0,30,0,1
10811,55-0,300,0,30,20,0
10812,55-0,300,0,30,20,1
10813,55-0,300,0,30,30,0
10814,55-0,300,0,30,30,1
10815,55-0,300,0,30,50,0
10816,55-0,300,0,30,50,1
10817,55-0,300,0,30,70,0
10818,55-0,300,0,30,70,1
10819,55-0,300,0,30,80,0
10820,55-0,300,0,30,80,1
10821,55-0,300,0,30,100,0
10822,55-0,300,0,30,100,1
10823,55-0,300,0,50,0,0
10824,55-0,300,0,50,0,1
10825,55-0,300,0,50,20,0
10826,55-0,300,0,50,20,1
10827,55-0,300,0,50,30,0
10828,55-0,300,0,50,30,1
10829,55-0,300,0,50,50,0
10830,55-0,300,0,50,50,1
10831,55-0,300,0,50,70,0
10832,55-0,300,0,50,70,1
10833,55-0,300,0,50,80,0
10834,55-0,300,0,50,80,1
10835,55-0,300,0,50,100,0
10836,55-0,300,0,50,100,1
10837,55-0,300,0,70,0,0
10838,55-0,300,0,70,0,1
10839,55-0,300,0,70,20,0
10840,55-0,300,0,70,20,1
10841,55-0,300,0,70,30,0
10842,55-0,300,0,70,30,1
10843,55-0,300,0,70,50,0
10844,55-0,300,0,70,50,1
10845,55-0,300,0,70,70,0
10846,55-0,300,0,70,70,1
10847,55-0,300,0,70,80,0
10848,55-0,300,0,70,80,1
10849,55-0,300,0,70,100,0
10850,55-0,300,0,70,100,1
10851,55-0,300,0,80,0,0
10852,55-0,300,0,80,0,1
10853,55-0,300,0,80,20,0
10854,55-0,300,0,80,20,1
10855,55-0,300,0,80,30,0
10856,55-0,300,0,80,30,1
10857,55-0,300,0,80,50,0
10858,55-0,300,0,80,50,1
10859,55-0,300,0,80,70,0
10860,55-0,300,0,80,70,1
10861,55-0,300,0,80,80,0
10862,55-0,300,0,80,80,1
10863,55-0,300,0,80,100,0
10864,55-0,300,0,80,100,1
10865,55-0,300,0,100,0,0
10866,55-0,300,0,100,0,1
10867,55-0,300,0,100,20,0
10868,55-0,300,0,100,20,1
10869,55-0,300,0,100,30,0
10870,55-0,300,0,100,30,1
10871,55-0,300,0,100,50,0
10872,55-0,300,0,100,50,1
10873,55-0,300,0,100,70,0
10874,55-0,300,0,100,70,1
10875,55-0,300,0,100,80,0
10876,55-0,300,0,100,80,1
10877,55-0,300,0,100,100,0
10878,55-0,300,0,100,100,1
10879,55-0,300,75,0,0,0
10880,55-0,300,75,0,0,1
10881,55-0,300,75,0,20,0
10882,55-0,300,75,0,20,1
10883,55-0,300,75,0,30,0
10884,55-0,300,75,0,30,1
10885,55-0,300,75,0,50,0
10886,55-0,300,75,0,50,1
10887,55-0,300,75,0,70,0
10888,55-0,300,75,0,70,1
10889,55-0,300,75,0,80,0
10890,55-0,300,75,0,80,1
10891,55-0,300,75,0,100,0
10892,55-0,300,75,0,100,1
10893,55-0,300,75,20,0,0
10894,55-0,300,75,20,0,1
10895,55-0,300,75,20,20,0
10896,55-0,300,75,20,20,1
10897,55-0,300,75,20,30,0
10898,55-0,300,75,20,30,1
10899,55-0,300,75,20,50,0
10900,55-0,300,75,20,50,1
10901,55-0,300,75,20,70,0
10902,55-0,300,75,20,70,1
10903,55-0,300,75,20,80,0
10904,55-0,300,75,20,80,1
10905,55-0,300,75,20,100,0
10906,55-0,300,75,20,100,1
10907,55-0,300,75,30,0,0
10908,55-0,300,75,30,0,1
10909,55-0,300,75,30,20,0
10910,55-0,300,75,30,20,1
10911,55-0,300,75,30,30,0
10912,55-0,300,75,30,30,1
10913,55-0,300,75,30,50,0
10914,55-0,300,75,30,50,1
10915,55-0,300,75,30,70,0
10916,55-0,300,75,30,70,1
10917,55-0,300,75,30,80,0
10918,55-0,300,75,30,80,1
10919,55-0,300,75,30,100,0
10920,55-0,300,75,30,100,1
10921,55-0,300,75,50,0,0
10922,55-0,300,75,50,0,1
10923,55-0,300,75,50,20,0
10924,55-0,300,75,50,20,1
10925,55-0,300,75,50,30,0
10926,55-0,300,75,50,30,1
10927,55-0,300,75,50,50,0
10928,55-0,300,75,50,50,1
10929,55-0,300,75,50,70,0
10930,55-0,300,75,50,70,1
10931,55-0,300,75,50,80,0
10932,55-0,300,75,50,80,1
10933,55-0,300,75,50,100,0
10934,55-0,300,75,50,100,1
10935,55-0,300,75,70,0,0
10936,55-0,300,75,70,0,1
10937,55-0,300,75,70,20,0
10938,55-0,300,75,70,20,1
10939,55-0,300,75,70,30,0
10940,55-0,300,75,70,30,1
10941,55-0,300,75,70,50,0
10942,55-0,300,75,70,50,1
10943,55-0,300,75,70,70,0
10944,55-0,300,75,70,70,1
10945,55-0,300,75,70,80,0
10946,55-0,300,75,70,80,1
10947,55-0,300,75,70,100,0
10948,55-0,300,75,70,100,1
10949,55-0,300,75,80,0,0
10950,55-0,300,75,80,0,1
10951,55-0,300,75,80,20,0
10952,55-0,300,75,80,20,1
10953,55-0,300,75,80,30,0
10954,55-0,300,75,80,30,1
10955,55-0,300,75,80,50,0
10956,55-0,300,75,80,50,1
10957,55-0,300,75,80,70,0
10958,55-0,300,75,80,70,1
10959,55-0,300,75,80,80,0
10960,55-0,300,75,80,80,1
10961,55-0,300,75,80,100,0
10962,55-0,300,75,80,100,1
10963,55-0,300,75,100,0,0
10964,55-0,300,75,100,0,1
10965,55-0,300,75,100,20,0
10966,55-0,300,75,100,20,1
10967,55-0,300,75,100,30,0
10968,55-0,300,75,100,30,1
10969,55-0,300,75,100,50,0
10970,55-0,300,75,100,50,1
10971,55-0,300,75,100,70,0
10972,55-0,300,75,100,70,1
10973,55-0,300,75,100,80,0
10974,55-0,300,75,100,80,1
10975,55-0,300,75,100,100,0
10976,55-0,300,75,100,100,1
10977,55-0,300,1,0,0,0
10978,55-0,300,1,0,0,1
10979,55-0,300,1,0,20,0
10980,55-0,300,1,0,20,1
10981,55-0,300,1,0,30,0
10982,55-0,300,1,0,30,1
10983,55-0,300,1,0,50,0
10984,55-0,300,1,0,50,1
10985,55-0,300,1,0,70,0
10986,55-0,300,1,0,70,1
10987,55-0,300,1,0,80,0
10988,55-0,300,1,0,80,1
10989,55-0,300,1,0,100,0
10990,55-0,300,1,0,100,1
10991,55-0,300,1,20,0,0
10992,55-0,300,1,20,0,1
10993,55-0,300,1,20,20,0
10994,55-0,300,1,20,20,1
10995,55-0,300,1,20,30,0
10996,55-0,300,1,20,30,1
10997,55-0,300,1,20,50,0
10998,55-0,300,1,20,50,1
10999,55-0,300,1,20,70,0
11000,55-0,300,1,20,70,1
11001,55-0,300,1,20,80,0
11002,55-0,300,1,20,80,1
11003,55-0,300,1,20,100,0
11004,55-0,300,1,20,100,1
11005,55-0,300,1,30,0,0
11006,55-0,300,1,30,0,1
11007,55-0,300,1,30,20,0
11008,55-0,300,1,30,20,1
11009,55-0,300,1,30,30,0
11010,55-0,300,1,30,30,1
11011,55-0,300,1,30,50,0
11012,55-0,300,1,30,50,1
11013,55-0,300,1,30,70,0
11014,55-0,300,1,30,70,1
11015,55-0,300,1,30,80,0
11016,55-0,300,1,30,80,1
11017,55-0,300,1,30,100,0
11018,55-0,300,1,30,100,1
11019,55-0,300,1,50,0,0
11020,55-0,300,1,50,0,1
11021,55-0,300,1,50,20,0
11022,55-0,300,1,50,20,1
11023,55-0,300,1,50,30,0
11024,55-0,300,1,50,30,1
11025,55-0,300,1,50,50,0
11026,55-0,300,1,50,50,1
11027,55-0,300,1,50,70,0
11028,55-0,300,1,50,70,1
11029,55-0,300,1,50,80,0
11030,55-0,300,1,50,80,1
11031,55-0,300,1,50,100,0
11032,55-0,300,1,50,100,1
11033,55-0,300,1,70,0,0
11034,55-0,300,1,70,0,1
11035,55-0,300,1,70,20,0
11036,55-0,300,1,70,20,1
11037,55-0,300,1,70,30,0
11038,55-0,300,1,70,30,1
11039,55-0,300,1,70,50,0
11040,55-0,300,1,70,50,1
11041,55-0,300,1,70,70,0
11042,55-0,300,1,70,70,1
11043,55-0,300,1,70,80,0
11044,55-0,300,1,70,80,1
11045,55-0,300,1,70,100,0
11046,55-0,300,1,70,100,1
11047,55-0,300,1,80,0,0
11048,55-0,300,1,80,0,1
11049,55-0,300,1,80,20,0
11050,55-0,300,1,80,20,1
11051,55-0,300,1,80,30,0
11052,55-0,300,1,80,30,1
11053,55-0,300,1,80,50,0
11054,55-0,300,1,80,50,1
11055,55-0,300,1,80,70,0
11056,55-0,300,1,80,70,1
11057,55-0,300,1,80,80,0
11058,55-0,300,1,80,80,1
11059,55-0,300,1,80,100,0
11060,55-0,300,1,80,100,1
11061,55-0,300,1,100,0,0
11062,55-0,300,1,100,0,1
11063,55-0,300,1,100,20,0
11064,55-0,300,1,100,20,1
11065,55-0,300,1,100,30,0
11066,55-0,300,1,100,30,1
11067,55-0,300,1,100,50,0
11068,55-0,300,1,100,50,1
11069,55-0,300,1,100,70,0
11070,55-0,300,1,100,70,1
11071,55-0,300,1,100,80,0
11072,55-0,300,1,100,80,1
11073,55-0,300,1,100,100,0
11074,55-0,300,1,100,100,1
11075,55-0,300,1,0,0,0
11076,55-0,300,1,0,0,1
11077,55-0,300,1,0,20,0
11078,55-0,300,1,0,20,1
11079,55-0,300,1,0,30,0
11080,55-0,300,1,0,30,1
11081,55-0,300,1,0,50,0
11082,55-0,300,1,0,50,1
11083,55-0,300,1,0,70,0
11084,55-0,300,1,0,70,1
11085,55-0,300,1,0,80,0
11086,55-0,300,1,0,80,1
11087,55-0,300,1,0,100,0
11088,55-0,300,1,0,100,1
11089,55-0,300,1,20,0,0
11090,55-0,300,1,20,0,1
11091,55-0,300,1,20,20,0
11092,55-0,300,1,20,20,1
11093,55-0,300,1,20,30,0
11094,55-0,300,1,20,30,1
11095,55-0,300,1,20,50,0
11096,55-0,300,1,20,50,1
11097,55-0,300,1,20,70,0
11098,55-0,300,1,20,70,1
11099,55-0,300,1,20,80,0
11100,55-0,300,1,20,80,1
11101,55-0,300,1,20,100,0
11102,55-0,300,1,20,100,1
11103,55-0,300,1,30,0,0
11104,55-0,300,1,30,0,1
11105,55-0,300,1,30,20,0
11106,55-0,300,1,30,20,1
11107,55-0,300,1,30,30,0
11108,55-0,300,1,30,30,1
11109,55-0,300,1,30,50,0
11110,55-0,300,1,30,50,1
11111,55-0,300,1,30,70,0
11112,55-0,300,1,30,70,1
11113,55-0,300,1,30,80,0
11114,55-0,300,1,30,80,1
11115,55-0,300,1,30,100,0
11116,55-0,300,1,30,100,1
11117,55-0,300,1,50,0,0
11118,55-0,300,1,50,0,1
11119,55-0,300,1,50,20,0
11120,55-0,300,1,50,20,1
11121,55-0,300,1,50,30,0
11122,55-0,300,1,50,30,1
11123,55-0,300,1,50,50,0
11124,55-0,300,1,50,50,1
11125,55-0,300,1,50,70,0
11126,55-0,300,1,50,70,1
11127,55-0,300,1,50,80,0
11128,55-0,300,1,50,80,1
11129,55-0,300,1,50,100,0
11130,55-0,300,1,50,100,1
11131,55-0,300,1,70,0,0
11132,55-0,300,1,70,0,1
11133,55-0,300,1,70,20,0
11134,55-0,300,1,70,20,1
11135,55-0,300,1,70,30,0
11136,55-0,300,1,70,30,1
11137,55-0,300,1,70,50,0
11138,55-0,300,1,70,50,1
11139,55-0,300,1,70,70,0
11140,55-0,300,1,70,70,1
11141,55-0,300,1,70,80,0
11142,55-0,300,1,70,80,1
11143,55-0,300,1,70,100,0
11144,55-0,300,1,70,100,1
11145,55-0,300,1,80,0,0
11146,55-0,300,1,80,0,1
11147,55-0,300,1,80,20,0
11148,55-0,300,1,80,20,1
11149,55-0,300,1,80,30,0
11150,55-0,300,1,80,30,1
11151,55-0,300,1,80,50,0
11152,55-0,300,1,80,50,1
11153,55-0,300,1,80,70,0
11154,55-0,300,1,80,70,1
11155,55-0,300,1,80,80,0
11156,55-0,300,1,80,80,1
11157,55-0,300,1,80,100,0
11158,55-0,300,1,80,100,1
11159,55-0,300,1,100,0,0
11160,55-0,300,1,100,0,1
11161,55-0,300,1,100,20,0
11162,55-0,300,1,100,20,1
11163,55-0,300,1,100,30,0
11164,55-0,300,1,100,30,1
11165,55-0,300,1,100,50,0
11166,55-0,300,1,100,50,1
11167,55-0,300,1,100,70,0
11168,55-0,300,1,100,70,1
11169,55-0,300,1,100,80,0
11170,55-0,300,1,100,80,1
11171,55-0,300,1,100,100,0
11172,55-0,300,1,100,100,1
11173,55-0,300,5,0,0,0
11174,55-0,300,5,0,0,1
11175,55-0,300,5,0,20,0
11176,55-0,300,5,0,20,1
11177,55-0,300,5,0,30,0
11178,55-0,300,5,0,30,1
11179,55-0,300,5,0,50,0
11180,55-0,300,5,0,50,1
11181,55-0,300,5,0,70,0
11182,55-0,300,5,0,70,1
11183,55-0,300,5,0,80,0
11184,55-0,300,5,0,80,1
11185,55-0,300,5,0,100,0
11186,55-0,300,5,0,100,1
11187,55-0,300,5,20,0,0
11188,55-0,300,5,20,0,1
11189,55-0,300,5,20,20,0
11190,55-0,300,5,20,20,1
11191,55-0,300,5,20,30,0
11192,55-0,300,5,20,30,1
11193,55-0,300,5,20,50,0
11194,55-0,300,5,20,50,1
11195,55-0,300,5,20,70,0
11196,55-0,300,5,20,70,1
11197,55-0,300,5,20,80,0
11198,55-0,300,5,20,80,1
11199,55-0,300,5,20,100,0
11200,55-0,300,5,20,100,1
11201,55-0,300,5,30,0,0
11202,55-0,300,5,30,0,1
11203,55-0,300,5,30,20,0
11204,55-0,300,5,30,20,1
11205,55-0,300,5,30,30,0
11206,55-0,300,5,30,30,1
11207,55-0,300,5,30,50,0
11208,55-0,300,5,30,50,1
11209,55-0,300,5,30,70,0
11210,55-0,300,5,30,70,1
11211,55-0,300,5,30,80,0
11212,55-0,300,5,30,80,1
11213,55-0,300,5,30,100,0
11214,55-0,300,5,30,100,1
11215,55-0,300,5,50,0,0
11216,55-0,300,5,50,0,1
11217,55-0,300,5,50,20,0
11218,55-0,300,5,50,20,1
11219,55-0,300,5,50,30,0
11220,55-0,300,5,50,30,1
11221,55-0,300,5,50,50,0
11222,55-0,300,5,50,50,1
11223,55-0,300,5,50,70,0
11224,55-0,300,5,50,70,1
11225,55-0,300,5,50,80,0
11226,55-0,300,5,50,80,1
11227,55-0,300,5,50,100,0
11228,55-0,300,5,50,100,1
11229,55-0,300,5,70,0,0
11230,55-0,300,5,70,0,1
11231,55-0,300,5,70,20,0
11232,55-0,300,5,70,20,1
11233,55-0,300,5,70,30,0
11234,55-0,300,5,70,30,1
11235,55-0,300,5,70,50,0
11236,55-0,300,5,70,50,1
11237,55-0,300,5,70,70,0
11238,55-0,300,5,70,70,1
11239,55-0,300,5,70,80,0
11240,55-0,300,5,70,80,1
11241,55-0,300,5,70,100,0
11242,55-0,300,5,70,100,1
11243,55-0,300,5,80,0,0
11244,55-0,300,5,80,0,1
11245,55-0,300,5,80,20,0
11246,55-0,300,5,80,20,1
11247,55-0,300,5,80,30,0
11248,55-0,300,5,80,30,1
11249,55-0,300,5,80,50,0
11250,55-0,300,5,80,50,1
11251,55-0,300,5,80,70,0
11252,55-0,300,5,80,70,1
11253,55-0,300,5,80,80,0
11254,55-0,300,5,80,80,1
11255,55-0,300,5,80,100,0
11256,55-0,300,5,80,100,1
11257,55-0,300,5,100,0,0
11258,55-0,300,5,100,0,1
11259,55-0,300,5,100,20,0
11260,55-0,300,5,100,20,1
11261,55-0,300,5,100,30,0
11262,55-0,300,5,100,30,1
11263,55-0,300,5,100,50,0
11264,55-0,300,5,100,50,1
11265,55-0,300,5,100,70,0
11266,55-0,300,5,100,70,1
11267,55-0,300,5,100,80,0
11268,55-0,300,5,100,80,1
11269,55-0,300,5,100,100,0
11270,55-0,300,5,100,100,1
11271,55-0,320,0,0,0,0
11272,55-0,320,0,0,0,1
11273,55-0,320,0,0,20,0
11274,55-0,320,0,0,20,1
11275,55-0,320,0,0,30,0
11276,55-0,320,0,0,30,1
11277,55-0,320,0,0,50,0
11278,55-0,320,0,0,50,1
11279,55-0,320,0,0,70,0
11280,55-0,320,0,0,70,1
11281,55-0,320,0,0,80,0
11282,55-0,320,0,0,80,1
11283,55-0,320,0,0,100,0
11284,55-0,320,0,0,100,1
11285,55-0,320,0,20,0,0
11286,55-0,320,0,20,0,1
11287,55-0,320,0,20,20,0
11288,55-0,320,0,20,20,1
11289,55-0,320,0,20,30,0
11290,55-0,320,0,20,30,1
11291,55-0,320,0,20,50,0
11292,55-0,320,0,20,50,1
11293,55-0,320,0,20,70,0
11294,55-0,320,0,20,70,1
11295,55-0,320,0,20,80,0
11296,55-0,320,0,20,80,1
11297,55-0,320,0,20,100,0
11298,55-0,320,0,20,100,1
11299,55-0,320,0,30,0,0
11300,55-0,320,0,30,0,1
11301,55-0,320,0,30,20,0
11302,55-0,320,0,30,20,1
11303,55-0,320,0,30,30,0
11304,55-0,320,0,30,30,1
11305,55-0,320,0,30,50,0
11306,55-0,320,0,30,50,1
11307,55-0,320,0,30,70,0
11308,55-0,320,0,30,70,1
11309,55-0,320,0,30,80,0
11310,55-0,320,0,30,80,1
11311,55-0,320,0,30,100,0
11312,55-0,320,0,30,100,1
11313,55-0,320,0,50,0,0
11314,55-0,320,0,50,0,1
11315,55-0,320,0,50,20,0
11316,55-0,320,0,50,20,1
11317,55-0,320,0,50,30,0
11318,55-0,320,0,50,30,1
11319,55-0,320,0,50,50,0
11320,55-0,320,0,50,50,1
11321,55-0,320,0,50,70,0
11322,55-0,320,0,50,70,1
11323,55-0,320,0,50,80,0
11324,55-0,320,0,50,80,1
11325,55-0,320,0,50,100,0
11326,55-0,320,0,50,100,1
11327,55-0,320,0,70,0,0
11328,55-0,320,0,70,0,1
11329,55-0,320,0,70,20,0
11330,55-0,320,0,70,20,1
11331,55-0,320,0,70,30,0
11332,55-0,320,0,70,30,1
11333,55-0,320,0,70,50,0
11334,55-0,320,0,70,50,1
11335,55-0,320,0,70,70,0
11336,55-0,320,0,70,70,1
11337,55-0,320,0,70,80,0
11338,55-0,320,0,70,80,1
11339,55-0,320,0,70,100,0
11340,55-0,320,0,70,100,1
11341,55-0,320,0,80,0,0
11342,55-0,320,0,80,0,1
11343,55-0,320,0,80,20,0
11344,55-0,320,0,80,20,1
11345,55-0,320,0,80,30,0
11346,55-0,320,0,80,30,1
11347,55-0,320,0,80,50,0
11348,55-0,320,0,80,50,1
11349,55-0,320,0,80,70,0
11350,55-0,320,0,80,70,1
11351,55-0,320,0,80,80,0
11352,55-0,320,0,80,80,1
11353,55-0,320,0,80,100,0
11354,55-0,320,0,80,100,1
11355,55-0,320,0,100,0,0
11356,55-0,320,0,100,0,1
11357,55-0,320,0,100,20,0
11358,55-0,320,0,100,20,1
11359,55-0,320,0,100,30,0
11360,55-0,320,0,100,30,1
11361,55-0,320,0,100,50,0
11362,55-0,320,0,100,50,1
11363,55-0,320,0,100,70,0
11364,55-0,320,0,100,70,1
11365,55-0,320,0,100,80,0
11366,55-0,320,0,100,80,1
11367,55-0,320,0,100,100,0
11368,55-0,320,0,100,100,1
11369,55-0,320,75,0,0,0
11370,55-0,320,75,0,0,1
11371,55-0,320,75,0,20,0
11372,55-0,320,75,0,20,1
11373,55-0,320,75,0,30,0
11374,55-0,320,75,0,30,1
11375,55-0,320,75,0,50,0
11376,55-0,320,75,0,50,1
11377,55-0,320,75,0,70,0
11378,55-0,320,75,0,70,1
11379,55-0,320,75,0,80,0
11380,55-0,320,75,0,80,1
11381,55-0,320,75,0,100,0
11382,55-0,320,75,0,100,1
11383,55-0,320,75,20,0,0
11384,55-0,320,75,20,0,1
11385,55-0,320,75,20,20,0
11386,55-0,320,75,20,20,1
11387,55-0,320,75,20,30,0
11388,55-0,320,75,20,30,1
11389,55-0,320,75,20,50,0
11390,55-0,320,75,20,50,1
11391,55-0,320,75,20,70,0
11392,55-0,320,75,20,70,1
11393,55-0,320,75,20,80,0
11394,55-0,320,75,20,80,1
11395,55-0,320,75,20,100,0
11396,55-0,320,75,20,100,1
11397,55-0,320,75,30,0,0
11398,55-0,320,75,30,0,1
11399,55-0,320,75,30,20,0
11400,55-0,320,75,30,20,1
11401,55-0,320,75,30,30,0
11402,55-0,320,75,30,30,1
11403,55-0,320,75,30,50,0
11404,55-0,320,75,30,50,1
11405,55-0,320,75,30,70,0
11406,55-0,320,75,30,70,1
11407,55-0,320,75,30,80,0
11408,55-0,320,75,30,80,1
11409,55-0,320,75,30,100,0
11410,55-0,320,75,30,100,1
11411,55-0,320,75,50,0,0
11412,55-0,320,75,50,0,1
11413,55-0,320,75,50,20,0
11414,55-0,320,75,50,20,1
11415,55-0,320,75,50,30,0
11416,55-0,320,75,50,30,1
11417,55-0,320,75,50,50,0
11418,55-0,320,75,50,50,1
11419,55-0,320,75,50,70,0
11420,55-0,320,75,50,70,1
11421,55-0,320,75,50,80,0
11422,55-0,320,75,50,80,1
11423,55-0,320,75,50,100,0
11424,55-0,320,75,50,100,1
11425,55-0,320,75,70,0,0
11426,55-0,320,75,70,0,1
11427,55-0,320,75,70,20,0
11428,55-0,320,75,70,20,1
11429,55-0,320,75,70,30,0
11430,55-0,320,75,70,30,1
11431,55-0,320,75,70,50,0
11432,55-0,320,75,70,50,1
11433,55-0,320,75,70,70,0
11434,55-0,320,75,70,70,1
11435,55-0,320,75,70,80,0
11436,55-0,320,75,70,80,1
11437,55-0,320,75,70,100,0
11438,55-0,320,75,70,100,1
11439,55-0,320,75,80,0,0
11440,55-0,320,75,80,0,1
11441,55-0,320,75,80,20,0
11442,55-0,320,75,80,20,1
11443,55-0,320,75,80,30,0
11444,55-0,320,75,80,30,1
11445,55-0,320,75,80,50,0
11446,55-0,320,75,80,50,1
11447,55-0,320,75,80,70,0
11448,55-0,320,75,80,70,1
11449,55-0,320,75,80,80,0
11450,55-0,320,75,80,80,1
11451,55-0,320,75,80,100,0
11452,55-0,320,75,80,100,1
11453,55-0,320,75,100,0,0
11454,55-0,320,75,100,0,1
11455,55-0,320,75,100,20,0
11456,55-0,320,75,100,20,1
11457,55-0,320,75,100,30,0
11458,55-0,320,75,100,30,1
11459,55-0,320,75,100,50,0
11460,55-0,320,75,100,50,1
11461,55-0,320,75,100,70,0
11462,55-0,320,75,100,70,1
11463,55-0,320,75,100,80,0
11464,55-0,320,75,100,80,1
11465,55-0,320,75,100,100,0
11466,55-0,320,75,100,100,1
11467,55-0,320,1,0,0,0
11468,55-0,320,1,0,0,1
11469,55-0,320,1,0,20,0
11470,55-0,320,1,0,20,1
11471,55-0,320,1,0,30,0
11472,55-0,320,1,0,30,1
11473,55-0,320,1,0,50,0
11474,55-0,320,1,0,50,1
11475,55-0,320,1,0,70,0
11476,55-0,320,1,0,70,1
11477,55-0,320,1,0,80,0
11478,55-0,320,1,0,80,1
11479,55-0,320,1,0,100,0
11480,55-0,320,1,0,100,1
11481,55-0,320,1,20,0,0
11482,55-0,320,1,20,0,1
11483,55-0,320,1,20,20,0
11484,55-0,320,1,20,20,1
11485,55-0,320,1,20,30,0
11486,55-0,320,1,20,30,1
11487,55-0,320,1,20,50,0
11488,55-0,320,1,20,50,1
11489,55-0,320,1,20,70,0
11490,55-0,320,1,20,70,1
11491,55-0,320,1,20,80,0
11492,55-0,320,1,20,80,1
11493,55-0,320,1,20,100,0
11494,55-0,320,1,20,100,1
11495,55-0,320,1,30,0,0
11496,55-0,320,1,30,0,1
11497,55-0,320,1,30,20,0
11498,55-0,320,1,30,20,1
11499,55-0,320,1,30,30,0
11500,55-0,320,1,30,30,1
11501,55-0,320,1,30,50,0
11502,55-0,320,1,30,50,1
11503,55-0,320,1,30,70,0
11504,55-0,320,1,30,70,1
11505,55-0,320,1,30,80,0
11506,55-0,320,1,30,80,1
11507,55-0,320,1,30,100,0
11508,55-0,320,1,30,100,1
11509,55-0,320,1,50,0,0
11510,55-0,320,1,50,0,1
11511,55-0,320,1,50,20,0
11512,55-0,320,1,50,20,1
11513,55-0,320,1,50,30,0
11514,55-0,320,1,50,30,1
11515,55-0,320,1,50,50,0
11516,55-0,320,1,50,50,1
11517,55-0,320,1,50,70,0
11518,55-0,320,1,50,70,1
11519,55-0,320,1,50,80,0
11520,55-0,320,1,50,80,1
11521,55-0,320,1,50,100,0
11522,55-0,320,1,50,100,1
11523,55-0,320,1,70,0,0
11524,55-0,320,1,70,0,1
11525,55-0,320,1,70,20,0
11526,55-0,320,1,70,20,1
11527,55-0,320,1,70,30,0
11528,55-0,320,1,70,30,1
11529,55-0,320,1,70,50,0
11530,55-0,320,1,70,50,1
11531,55-0,320,1,70,70,0
11532,55-0,320,1,70,70,1
11533,55-0,320,1,70,80,0
11534,55-0,320,1,70,80,1
11535,55-0,320,1,70,100,0
11536,55-0,320,1,70,100,1
11537,55-0,320,1,80,0,0
11538,55-0,320,1,80,0,1
11539,55-0,320,1,80,20,0
11540,55-0,320,1,80,20,1
11541,55-0,320,1,80,30,0
11542,55-0,320,1,80,30,1
11543,55-0,320,1,80,50,0
11544,55-0,320,1,80,50,1
11545,55-0,320,1,80,70,0
11546,55-0,320,1,80,70,1
11547,55-0,320,1,80,80,0
11548,55-0,320,1,80,80,1
11549,55-0,320,1,80,100,0
11550,55-0,320,1,80,100,1
11551,55-0,320,1,100,0,0
11552,55-0,320,1,100,0,1
11553,55-0,320,1,100,20,0
11554,55-0,320,1,100,20,1
11555,55-0,320,1,100,30,0
11556,55-0,320,1,100,30,1
11557,55-0,320,1,100,50,0
11558,55-0,320,1,100,50,1
11559,55-0,320,1,100,70,0
11560,55-0,320,1,100,70,1
11561,55-0,320,1,100,80,0
11562,55-0,320,1,100,80,1
11563,55-0,320,1,100,100,0
11564,55-0,320,1,100,100,1
11565,55-0,320,1,0,0,0
11566,55-0,320,1,0,0,1
11567,55-0,320,1,0,20,0
11568,55-0,320,1,0,20,1
11569,55-0,320,1,0,30,0
11570,55-0,320,1,0,30,1
11571,55-0,320,1,0,50,0
11572,55-0,320,1,0,50,1
11573,55-0,320,1,0,70,0
11574,55-0,320,1,0,70,1
11575,55-0,320,1,0,80,0
11576,55-0,320,1,0,80,1
11577,55-0,320,1,0,100,0
11578,55-0,320,1,0,100,1
11579,55-0,320,1,20,0,0
11580,55-0,320,1,20,0,1
11581,55-0,320,1,20,20,0
11582,55-0,320,1,20,20,1
11583,55-0,320,1,20,30,0
11584,55-0,320,1,20,30,1
11585,55-0,320,1,20,50,0
11586,55-0,320,1,20,50,1
11587,55-0,320,1,20,70,0
11588,55-0,320,1,20,70,1
11589,55-0,320,1,20,80,0
11590,55-0,320,1,20,80,1
11591,55-0,320,1,20,100,0
11592,55-0,320,1,20,100,1
11593,55-0,320,1,30,0,0
11594,55-0,320,1,30,0,1
11595,55-0,320,1,30,20,0
11596,55-0,320,1,30,20,1
11597,55-0,320,1,30,30,0
11598,55-0,320,1,30,30,1
11599,55-0,320,1,30,50,0
11600,55-0,320,1,30,50,1
11601,55-0,320,1,30,70,0
11602,55-0,320,1,30,70,1
11603,55-0,320,1,30,80,0
11604,55-0,320,1,30,80,1
11605,55-0,320,1,30,100,0
11606,55-0,320,1,30,100,1
11607,55-0,320,1,50,0,0
11608,55-0,320,1,50,0,1
11609,55-0,320,1,50,20,0
11610,55-0,320,1,50,20,1
11611,55-0,320,1,50,30,0
11612,55-0,320,1,50,30,1
11613,55-0,320,1,50,50,0
11614,55-0,320,1,50,50,1
11615,55-0,320,1,50,70,0
11616,55-0,320,1,50,70,1
11617,55-0,320,1,50,80,0
11618,55-0,320,1,50,80,1
11619,55-0,320,1,50,100,0
11620,55-0,320,1,50,100,1
11621,55-0,320,1,70,0,0
11622,55-0,320,1,70,0,1
11623,55-0,320,1,70,20,0
11624,55-0,320,1,70,20,1
11625,55-0,320,1,70,30,0
11626,55-0,320,1,70,30,1
11627,55-0,320,1,70,50,0
11628,55-0,320,1,70,50,1
11629,55-0,320,1,70,70,0
11630,55-0,320,1,70,70,1
11631,55-0,320,1,70,80,0
11632,55-0,320,1,70,80,1
11633,55-0,320,1,70,100,0
11634,55-0,320,1,70,100,1
11635,55-0,320,1,80,0,0
11636,55-0,320,1,80,0,1
11637,55-0,320,1,80,20,0
11638,55-0,320,1,80,20,1
11639,55-0,320,1,80,30,0
11640,55-0,320,1,80,30,1
11641,55-0,320,1,80,50,0
11642,55-0,320,1,80,50,1
11643,55-0,320,1,80,70,0
11644,55-0,320,1,80,70,1
11645,55-0,320,1,80,80,0
11646,55-0,320,1,80,80,1
11647,55-0,320,1,80,100,0
11648,55-0,320,1,80,100,1
11649,55-0,320,1,100,0,0
11650,55-0,320,1,100,0,1
11651,55-0,320,1,100,20,0
11652,55-0,320,1,100,20,1
11653,55-0,320,1,100,30,0
11654,55-0,320,1,100,30,1
11655,55-0,320,1,100,50,0
11656,55-0,320,1,100,50,1
11657,55-0,320,1,100,70,0
11658,55-0,320,1,100,70,1
11659,55-0,320,1,100,80,0
11660,55-0,320,1,100,80,1
11661,55-0,320,1,100,100,0
11662,55-0,320,1,100,100,1
11663,55-0,320,5,0,0,0
11664,55-0,320,5,0,0,1
11665,55-0,320,5,0,20,0
11666,55-0,320,5,0,20,1
11667,55-0,320,5,0,30,0
11668,55-0,320,5,0,30,1
11669,55-0,320,5,0,50,0
11670,55-0,320,5,0,50,1
11671,55-0,320,5,0,70,0
11672,55-0,320,5,0,70,1
11673,55-0,320,5,0,80,0
11674,55-0,320,5,0,80,1
11675,55-0,320,5,0,100,0
11676,55-0,320,5,0,100,1
11677,55-0,320,5,20,0,0
11678,55-0,320,5,20,0,1
11679,55-0,320,5,20,20,0
11680,55-0,320,5,20,20,1
11681,55-0,320,5,20,30,0
11682,55-0,320,5,20,30,1
11683,55-0,320,5,20,50,0
11684,55-0,320,5,20,50,1
11685,55-0,320,5,20,70,0
11686,55-0,320,5,20,70,1
11687,55-0,320,5,20,80,0
11688,55-0,320,5,20,80,1
11689,55-0,320,5,20,100,0
11690,55-0,320,5,20,100,1
11691,55-0,320,5,30,0,0
11692,55-0,320,5,30,0,1
11693,55-0,320,5,30,20,0
11694,55-0,320,5,30,20,1
11695,55-0,320,5,30,30,0
11696,55-0,320,5,30,30,1
11697,55-0,320,5,30,50,0
11698,55-0,320,5,30,50,1
11699,55-0,320,5,30,70,0
11700,55-0,320,5,30,70,1
11701,55-0,320,5,30,80,0
11702,55-0,320,5,30,80,1
11703,55-0,320,5,30,100,0
11704,55-0,320,5,30,100,1
11705,55-0,320,5,50,0,0
11706,55-0,320,5,50,0,1
11707,55-0,320,5,50,20,0
11708,55-0,320,5,50,20,1
11709,55-0,320,5,50,30,0
11710,55-0,320,5,50,30,1
11711,55-0,320,5,50,50,0
11712,55-0,320,5,50,50,1
11713,55-0,320,5,50,70,0
11714,55-0,320,5,50,70,1
11715,55-0,320,5,50,80,0
11716,55-0,320,5,50,80,1
11717,55-0,320,5,50,100,0
11718,55-0,320,5,50,100,1
11719,55-0,320,5,70,0,0
11720,55-0,320,5,70,0,1
11721,55-0,320,5,70,20,0
11722,55-0,320,5,70,20,1
11723,55-0,320,5,70,30,0
11724,55-0,320,5,70,30,1
11725,55-0,320,5,70,50,0
11726,55-0,320,5,70,50,1
11727,55-0,320,5,70,70,0
11728,55-0,320,5,70,70,1
11729,55-0,320,5,70,80,0
11730,55-0,320,5,70,80,1
11731,55-0,320,5,70,100,0
11732,55-0,320,5,70,100,1
11733,55-0,320,5,80,0,0
11734,55-0,320,5,80,0,1
11735,55-0,320,5,80,20,0
11736,55-0,320,5,80,20,1
11737,55-0,320,5,80,30,0
11738,55-0,320,5,80,30,1
11739,55-0,320,5,80,50,0
11740,55-0,320,5,80,50,1
11741,55-0,320,5,80,70,0
11742,55-0,320,5,80,70,1
11743,55-0,320,5,80,80,0
11744,55-0,320,5,80,80,1
11745,55-0,320,5,80,100,0
11746,55-0,320,5,80,100,1
11747,55-0,320,5,100,0,0
11748,55-0,320,5,100,0,1
11749,55-0,320,5,100,20,0
11750,55-0,320,5,100,20,1
11751,55-0,320,5,100,30,0
11752,55-0,320,5,100,30,1
11753,55-0,320,5,100,50,0
11754,55-0,320,5,100,50,1
11755,55-0,320,5,100,70,0
11756,55-0,320,5,100,70,1
11757,55-0,320,5,100,80,0
11758,55-0,320,5,100,80,1
11759,55-0,320,5,100,100,0
11760,55-0,320,5,100,100,1
11761,6-0,220,0,0,0,0
11762,6-0,220,0,0,0,1
11763,6-0,220,0,0,20,0
11764,6-0,220,0,0,20,1
11765,6-0,220,0,0,30,0
11766,6-0,220,0,0,30,1
11767,6-0,220,0,0,50,0
11768,6-0,220,0,0,50,1
11769,6-0,220,0,0,70,0
11770,6-0,220,0,0,70,1
11771,6-0,220,0,0,80,0
11772,6-0,220,0,0,80,1
11773,6-0,220,0,0,100,0
11774,6-0,220,0,0,100,1
11775,6-0,220,0,20,0,0
11776,6-0,220,0,20,0,1
11777,6-0,220,0,20,20,0
11778,6-0,220,0,20,20,1
11779,6-0,220,0,20,30,0
11780,6-0,220,0,20,30,1
11781,6-0,220,0,20,50,0
11782,6-0,220,0,20,50,1
11783,6-0,220,0,20,70,0
11784,6-0,220,0,20,70,1
11785,6-0,220,0,20,80,0
11786,6-0,220,0,20,80,1
11787,6-0,220,0,20,100,0
11788,6-0,220,0,20,100,1
11789,6-0,220,0,30,0,0
11790,6-0,220,0,30,0,1
11791,6-0,220,0,30,20,0
11792,6-0,220,0,30,20,1
11793,6-0,220,0,30,30,0
11794,6-0,220,0,30,30,1
11795,6-0,220,0,30,50,0
11796,6-0,220,0,30,50,1
11797,6-0,220,0,30,70,0
11798,6-0,220,0,30,70,1
11799,6-0,220,0,30,80,0
11800,6-0,220,0,30,80,1
11801,6-0,220,0,30,100,0
11802,6-0,220,0,30,100,1
11803,6-0,220,0,50,0,0
11804,6-0,220,0,50,0,1
11805,6-0,220,0,50,20,0
11806,6-0,220,0,50,20,1
11807,6-0,220,0,50,30,0
11808,6-0,220,0,50,30,1
11809,6-0,220,0,50,50,0
11810,6-0,220,0,50,50,1
11811,6-0,220,0,50,70,0
11812,6-0,220,0,50,70,1
11813,6-0,220,0,50,80,0
11814,6-0,220,0,50,80,1
11815,6-0,220,0,50,100,0
11816,6-0,220,0,50,100,1
11817,6-0,220,0,70,0,0
11818,6-0,220,0,70,0,1
11819,6-0,220,0,70,20,0
11820,6-0,220,0,70,20,1
11821,6-0,220,0,70,30,0
11822,6-0,220,0,70,30,1
11823,6-0,220,0,70,50,0
11824,6-0,220,0,70,50,1
11825,6-0,220,0,70,70,0
11826,6-0,220,0,70,70,1
11827,6-0,220,0,70,80,0
11828,6-0,220,0,70,80,1
11829,6-0,220,0,70,100,0
11830,6-0,220,0,70,100,1
11831,6-0,220,0,80,0,0
11832,6-0,220,0,80,0,1
11833,6-0,220,0,80,20,0
11834,6-0,220,0,80,20,1
11835,6-0,220,0,80,30,0
11836,6-0,220,0,80,30,1
11837,6-0,220,0,80,50,0
11838,6-0,220,0,80,50,1
11839,6-0,220,0,80,70,0
11840,6-0,220,0,80,70,1
11841,6-0,220,0,80,80,0
11842,6-0,220,0,80,80,1
11843,6-0,220,0,80,100,0
11844,6-0,220,0,80,100,1
11845,6-0,220,0,100,0,0
11846,6-0,220,0,100,0,1
11847,6-0,220,0,100,20,0
11848,6-0,220,0,100,20,1
11849,6-0,220,0,100,30,0
11850,6-0,220,0,100,30,1
11851,6-0,220,0,100,50,0
11852,6-0,220,0,100,50,1
11853,6-0,220,0,100,70,0
11854,6-0,220,0,100,70,1
11855,6-0,220,0,100,80,0
11856,6-0,220,0,100,80,1
11857,6-0,220,0,100,100,0
11858,6-0,220,0,100,100,1
11859,6-0,220,75,0,0,0
11860,6-0,220,75,0,0,1
11861,6-0,220,75,0,20,0
11862,6-0,220,75,0,20,1
11863,6-0,220,75,0,30,0
11864,6-0,220,75,0,30,1
11865,6-0,220,75,0,50,0
11866,6-0,220,75,0,50,1
11867,6-0,220,75,0,70,0
11868,6-0,220,75,0,70,1
11869,6-0,220,75,0,80,0
11870,6-0,220,75,0,80,1
11871,6-0,220,75,0,100,0
11872,6-0,220,75,0,100,1
11873,6-0,220,75,20,0,0
11874,6-0,220,75,20,0,1
11875,6-0,220,75,20,20,0
11876,6-0,220,75,20,20,1
11877,6-0,220,75,20,30,0
11878,6-0,220,75,20,30,1
11879,6-0,220,75,20,50,0
11880,6-0,220,75,20,50,1
11881,6-0,220,75,20,70,0
11882,6-0,220,75,20,70,1
11883,6-0,220,75,20,80,0
11884,6-0,220,75,20,80,1
11885,6-0,220,75,20,100,0
11886,6-0,220,75,20,100,1
11887,6-0,220,75,30,0,0
11888,6-0,220,75,30,0,1
11889,6-0,220,75,30,20,0
11890,6-0,220,75,30,20,1
11891,6-0,220,75,30,30,0
11892,6-0,220,75,30,30,1
11893,6-0,220,75,30,50,0
11894,6-0,220,75,30,50,1
11895,6-0,220,75,30,70,0
11896,6-0,220,75,30,70,1
11897,6-0,220,75,30,80,0
11898,6-0,220,75,30,80,1
11899,6-0,220,75,30,100,0
11900,6-0,220,75,30,100,1
11901,6-0,220,75,50,0,0
11902,6-0,220,75,50,0,1
11903,6-0,220,75,50,20,0
11904,6-0,220,75,50,20,1
11905,6-0,220,75,50,30,0
11906,6-0,220,75,50,30,1
11907,6-0,220,75,50,50,0
11908,6-0,220,75,50,50,1
11909,6-0,220,75,50,70,0
11910,6-0,220,75,50,70,1
11911,6-0,220,75,50,80,0
11912,6-0,220,75,50,80,1
11913,6-0,220,75,50,100,0
11914,6-0,220,75,50,100,1
11915,6-0,220,75,70,0,0
11916,6-0,220,75,70,0,1
11917,6-0,220,75,70,20,0
11918,6-0,220,75,70,20,1
11919,6-0,220,75,70,30,0
11920,6-0,220,75,70,30,1
11921,6-0,220,75,70,50,0
11922,6-0,220,75,70,50,1
11923,6-0,220,75,70,70,0
11924,6-0,220,75,70,70,1
11925,6-0,220,75,70,80,0
11926,6-0,220,75,70,80,1
11927,6-0,220,75,70,100,0
11928,6-0,220,75,70,100,1
11929,6-0,220,75,80,0,0
11930,6-0,220,75,80,0,1
11931,6-0,220,75,80,20,0
11932,6-0,220,75,80,20,1
11933,6-0,220,75,80,30,0
11934,6-0,220,75,80,30,1
11935,6-0,220,75,80,50,0
11936,6-0,220,75,80,50,1
11937,6-0,220,75,80,70,0
11938,6-0,220,75,80,70,1
11939,6-0,220,75,80,80,0
11940,6-0,220,75,80,80,1
11941,6-0,220,75,80,100,0
11942,6-0,220,75,80,100,1
11943,6-0,220,75,100,0,0
11944,6-0,220,75,100,0,1
11945,6-0,220,75,100,20,0
11946,6-0,220,75,100,20,1
11947,6-0,220,75,100,30,0
11948,6-0,220,75,100,30,1
11949,6-0,220,75,100,50,0
11950,6-0,220,75,100,50,1
11951,6-0,220,75,100,70,0
11952,6-0,220,75,100,70,1
11953,6-0,220,75,100,80,0
11954,6-0,220,75,100,80,1
11955,6-0,220,75,100,100,0
11956,6-0,220,75,100,100,1
11957,6-0,220,1,0,0,0
11958,6-0,220,1,0,0,1
11959,6-0,220,1,0,20,0
11960,6-0,220,1,0,20,1
11961,6-0,220,1,0,30,0
11962,6-0,220,1,0,30,1
11963,6-0,220,1,0,50,0
11964,6-0,220,1,0,50,1
11965,6-0,220,1,0,70,0
11966,6-0,220,1,0,70,1
11967,6-0,220,1,0,80,0
11968,6-0,220,1,0,80,1
11969,6-0,220,1,0,100,0
11970,6-0,220,1,0,100,1
11971,6-0,220,1,20,0,0
11972,6-0,220,1,20,0,1
11973,6-0,220,1,20,20,0
11974,6-0,220,1,20,20,1
11975,6-0,220,1,20,30,0
11976,6-0,220,1,20,30,1
11977,6-0,220,1,20,50,0
11978,6-0,220,1,20,50,1
11979,6-0,220,1,20,70,0
11980,6-0,220,1,20,70,1
11981,6-0,220,1,20,80,0
11982,6-0,220,1,20,80,1
11983,6-0,220,1,20,100,0
11984,6-0,220,1,20,100,1
11985,6-0,220,1,30,0,0
11986,6-0,220,1,30,0,1
11987,6-0,220,1,30,20,0
11988,6-0,220,1,30,20,1
11989,6-0,220,1,30,30,0
11990,6-0,220,1,30,30,1
11991,6-0,220,1,30,50,0
11992,6-0,220,1,30,50,1
11993,6-0,220,1,30,70,0
11994,6-0,220,1,30,70,1
11995,6-0,220,1,30,80,0
11996,6-0,220,1,30,80,1
11997,6-0,220,1,30,100,0
11998,6-0,220,1,30,100,1
11999,6-0,220,1,50,0,0
12000,6-0,220,1,50,0,1
12001,6-0,220,1,50,20,0
12002,6-0,220,1,50,20,1
12003,6-0,220,1,50,30,0
12004,6-0,220,1,50,30,1
12005,6-0,220,1,50,50,0
12006,6-0,220,1,50,50,1
12007,6-0,220,1,50,70,0
12008,6-0,220,1,50,70,1
12009,6-0,220,1,50,80,0
12010,6-0,220,1,50,80,1
12011,6-0,220,1,50,100,0
12012,6-0,220,1,50,100,1
12013,6-0,220,1,70,0,0
12014,6-0,220,1,70,0,1
12015,6-0,220,1,70,20,0
12016,6-0,220,1,70,20,1
12017,6-0,220,1,70,30,0
12018,6-0,220,1,70,30,1
12019,6-0,220,1,70,50,0
12020,6-0,220,1,70,50,1
12021,6-0,220,1,70,70,0
12022,6-0,220,1,70,70,1
12023,6-0,220,1,70,80,0
12024,6-0,220,1,70,80,1
12025,6-0,220,1,70,100,0
12026,6-0,220,1,70,100,1
12027,6-0,220,1,80,0,0
12028,6-0,220,1,80,0,1
12029,6-0,220,1,80,20,0
12030,6-0,220,1,80,20,1
12031,6-0,220,1,80,30,0
12032,6-0,220,1,80,30,1
12033,6-0,220,1,80,50,0
12034,6-0,220,1,80,50,1
12035,6-0,220,1,80,70,0
12036,6-0,220,1,80,70,1
12037,6-0,220,1,80,80,0
12038,6-0,220,1,80,80,1
12039,6-0,220,1,80,100,0
12040,6-0,220,1,80,100,1
12041,6-0,220,1,100,0,0
12042,6-0,220,1,100,0,1
12043,6-0,220,1,100,20,0
12044,6-0,220,1,100,20,1
12045,6-0,220,1,100,30,0
12046,6-0,220,1,100,30,1
12047,6-0,220,1,100,50,0
12048,6-0,220,1,100,50,1
12049,6-0,220,1,100,70,0
12050,6-0,220,1,100,70,1
12051,6-0,220,1,100,80,0
12052,6-0,220,1,100,80,1
12053,6-0,220,1,100,100,0
12054,6-0,220,1,100,100,1
12055,6-0,220,1,0,0,0
12056,6-0,220,1,0,0,1
12057,6-0,220,1,0,20,0
12058,6-0,220,1,0,20,1
12059,6-0,220,1,0,30,0
12060,6-0,220,1,0,30,1
12061,6-0,220,1,0,50,0
12062,6-0,220,1,0,50,1
12063,6-0,220,1,0,70,0
12064,6-0,220,1,0,70,1
12065,6-0,220,1,0,80,0
12066,6-0,220,1,0,80,1
12067,6-0,220,1,0,100,0
12068,6-0,220,1,0,100,1
12069,6-0,220,1,20,0,0
12070,6-0,220,1,20,0,1
12071,6-0,220,1,20,20,0
12072,6-0,220,1,20,20,1
12073,6-0,220,1,20,30,0
12074,6-0,220,1,20,30,1
12075,6-0,220,1,20,50,0
12076,6-0,220,1,20,50,1
12077,6-0,220,1,20,70,0
12078,6-0,220,1,20,70,1
12079,6-0,220,1,20,80,0
12080,6-0,220,1,20,80,1
12081,6-0,220,1,20,100,0
12082,6-0,220,1,20,100,1
12083,6-0,220,1,30,0,0
12084,6-0,220,1,30,0,1
12085,6-0,220,1,30,20,0
12086,6-0,220,1,30,20,1
12087,6-0,220,1,30,30,0
12088,6-0,220,1,30,30,1
12089,6-0,220,1,30,50,0
12090,6-0,220,1,30,50,1
12091,6-0,220,1,30,70,0
12092,6-0,220,1,30,70,1
12093,6-0,220,1,30,80,0
12094,6-0,220,1,30,80,1
12095,6-0,220,1,30,100,0
12096,6-0,220,1,30,100,1
12097,6-0,220,1,50,0,0
12098,6-0,220,1,50,0,1
12099,6-0,220,1,50,20,0
12100,6-0,220,1,50,20,1
12101,6-0,220,1,50,30,0
12102,6-0,220,1,50,30,1
12103,6-0,220,1,50,50,0
12104,6-0,220,1,50,50,1
12105,6-0,220,1,50,70,0
12106,6-0,220,1,50,70,1
12107,6-0,220,1,50,80,0
12108,6-0,220,1,50,80,1
12109,6-0,220,1,50,100,0
12110,6-0,220,1,50,100,1
12111,6-0,220,1,70,0,0
12112,6-0,220,1,70,0,1
12113,6-0,220,1,70,20,0
12114,6-0,220,1,70,20,1
12115,6-0,220,1,70,30,0
12116,6-0,220,1,70,30,1
12117,6-0,220,1,70,50,0
12118,6-0,220,1,70,50,1
12119,6-0,220,1,70,70,0
12120,6-0,220,1,70,70,1
12121,6-0,220,1,70,80,0
12122,6-0,220,1,70,80,1
12123,6-0,220,1,70,100,0
12124,6-0,220,1,70,100,1
12125,6-0,220,1,80,0,0
12126,6-0,220,1,80,0,1
12127,6-0,220,1,80,20,0
12128,6-0,220,1,80,20,1
12129,6-0,220,1,80,30,0
12130,6-0,220,1,80,30,1
12131,6-0,220,1,80,50,0
12132,6-0,220,1,80,50,1
12133,6-0,220,1,80,70,0
12134,6-0,220,1,80,70,1
12135,6-0,220,1,80,80,0
12136,6-0,220,1,80,80,1
12137,6-0,220,1,80,100,0
12138,6-0,220,1,80,100,1
12139,6-0,220,1,100,0,0
12140,6-0,220,1,100,0,1
12141,6-0,220,1,100,20,0
12142,6-0,220,1,100,20,1
12143,6-0,220,1,100,30,0
12144,6-0,220,1,100,30,1
12145,6-0,220,1,100,50,0
12146,6-0,220,1,100,50,1
12147,6-0,220,1,100,70,0
12148,6-0,220,1,100,70,1
12149,6-0,220,1,100,80,0
12150,6-0,220,1,100,80,1
12151,6-0,220,1,100,100,0
12152,6-0,220,1,100,100,1
12153,6-0,220,5,0,0,0
12154,6-0,220,5,0,0,1
12155,6-0,220,5,0,20,0
12156,6-0,220,5,0,20,1
12157,6-0,220,5,0,30,0
12158,6-0,220,5,0,30,1
12159,6-0,220,5,0,50,0
12160,6-0,220,5,0,50,1
12161,6-0,220,5,0,70,0
12162,6-0,220,5,0,70,1
12163,6-0,220,5,0,80,0
12164,6-0,220,5,0,80,1
12165,6-0,220,5,0,100,0
12166,6-0,220,5,0,100,1
12167,6-0,220,5,20,0,0
12168,6-0,220,5,20,0,1
12169,6-0,220,5,20,20,0
12170,6-0,220,5,20,20,1
12171,6-0,220,5,20,30,0
12172,6-0,220,5,20,30,1
12173,6-0,220,5,20,50,0
12174,6-0,220,5,20,50,1
12175,6-0,220,5,20,70,0
12176,6-0,220,5,20,70,1
12177,6-0,220,5,20,80,0
12178,6-0,220,5,20,80,1
12179,6-0,220,5,20,100,0
12180,6-0,220,5,20,100,1
12181,6-0,220,5,30,0,0
12182,6-0,220,5,30,0,1
12183,6-0,220,5,30,20,0
12184,6-0,220,5,30,20,1
12185,6-0,220,5,30,30,0
12186,6-0,220,5,30,30,1
12187,6-0,220,5,30,50,0
12188,6-0,220,5,30,50,1
12189,6-0,220,5,30,70,0
12190,6-0,220,5,30,70,1
12191,6-0,220,5,30,80,0
12192,6-0,220,5,30,80,1
12193,6-0,220,5,30,100,0
12194,6-0,220,5,30,100,1
12195,6-0,220,5,50,0,0
12196,6-0,220,5,50,0,1
12197,6-0,220,5,50,20,0
12198,6-0,220,5,50,20,1
12199,6-0,220,5,50,30,0
12200,6-0,220,5,50,30,1
12201,6-0,220,5,50,50,0
12202,6-0,220,5,50,50,1
12203,6-0,220,5,50,70,0
12204,6-0,220,5,50,70,1
12205,6-0,220,5,50,80,0
12206,6-0,220,5,50,80,1
12207,6-0,220,5,50,100,0
12208,6-0,220,5,50,100,1
12209,6-0,220,5,70,0,0
12210,6-0,220,5,70,0,1
12211,6-0,220,5,70,20,0
12212,6-0,220,5,70,20,1
12213,6-0,220,5,70,30,0
12214,6-0,220,5,70,30,1
12215,6-0,220,5,70,50,0
12216,6-0,220,5,70,50,1
12217,6-0,220,5,70,70,0
12218,6-0,220,5,70,70,1
12219,6-0,220,5,70,80,0
12220,6-0,220,5,70,80,1
12221,6-0,220,5,70,100,0
12222,6-0,220,5,70,100,1
12223,6-0,220,5,80,0,0
12224,6-0,220,5,80,0,1
12225,6-0,220,5,80,20,0
12226,6-0,220,5,80,20,1
12227,6-0,220,5,80,30,0
12228,6-0,220,5,80,30,1
12229,6-0,220,5,80,50,0
12230,6-0,220,5,80,50,1
12231,6-0,220,5,80,70,0
12232,6-0,220,5,80,70,1
12233,6-0,220,5,80,80,0
12234,6-0,220,5,80,80,1
12235,6-0,220,5,80,100,0
12236,6-0,220,5,80,100,1
12237,6-0,220,5,100,0,0
12238,6-0,220,5,100,0,1
12239,6-0,220,5,100,20,0
12240,6-0,220,5,100,20,1
12241,6-0,220,5,100,30,0
12242,6-0,220,5,100,30,1
12243,6-0,220,5,100,50,0
12244,6-0,220,5,100,50,1
12245,6-0,220,5,100,70,0
12246,6-0,220,5,100,70,1
12247,6-0,220,5,100,80,0
12248,6-0,220,5,100,80,1
12249,6-0,220,5,100,100,0
12250,6-0,220,5,100,100,1
12251,6-0,240,0,0,0,0
12252,6-0,240,0,0,0,1
12253,6-0,240,0,0,20,0
12254,6-0,240,0,0,20,1
12255,6-0,240,0,0,30,0
12256,6-0,240,0,0,30,1
12257,6-0,240,0,0,50,0
12258,6-0,240,0,0,50,1
12259,6-0,240,0,0,70,0
12260,6-0,240,0,0,70,1
12261,6-0,240,0,0,80,0
12262,6-0,240,0,0,80,1
12263,6-0,240,0,0,100,0
12264,6-0,240,0,0,100,1
12265,6-0,240,0,20,0,0
12266,6-0,240,0,20,0,1
12267,6-0,240,0,20,20,0
12268,6-0,240,0,20,20,1
12269,6-0,240,0,20,30,0
12270,6-0,240,0,20,30,1
12271,6-0,240,0,20,50,0
12272,6-0,240,0,20,50,1
12273,6-0,240,0,20,70,0
12274,6-0,240,0,20,70,1
12275,6-0,240,0,20,80,0
12276,6-0,240,0,20,80,1
12277,6-0,240,0,20,100,0
12278,6-0,240,0,20,100,1
12279,6-0,240,0,30,0,0
12280,6-0,240,0,30,0,1
12281,6-0,240,0,30,20,0
12282,6-0,240,0,30,20,1
12283,6-0,240,0,30,30,0
12284,6-0,240,0,30,30,1
12285,6-0,240,0,30,50,0
12286,6-0,240,0,30,50,1
12287,6-0,240,0,30,70,0
12288,6-0,240,0,30,70,1
12289,6-0,240,0,30,80,0
12290,6-0,240,0,30,80,1
12291,6-0,240,0,30,100,0
12292,6-0,240,0,30,100,1
12293,6-0,240,0,50,0,0
12294,6-0,240,0,50,0,1
12295,6-0,240,0,50,20,0
12296,6-0,240,0,50,20,1
12297,6-0,240,0,50,30,0
12298,6-0,240,0,50,30,1
12299,6-0,240,0,50,50,0
12300,6-0,240,0,50,50,1
12301,6-0,240,0,50,70,0
12302,6-0,240,0,50,70,1
12303,6-0,240,0,50,80,0
12304,6-0,240,0,50,80,1
12305,6-0,240,0,50,100,0
12306,6-0,240,0,50,100,1
12307,6-0,240,0,70,0,0
12308,6-0,240,0,70,0,1
12309,6-0,240,0,70,20,0
12310,6-0,240,0,70,20,1
12311,6-0,240,0,70,30,0
12312,6-0,240,0,70,30,1
12313,6-0,240,0,70,50,0
12314,6-0,240,0,70,50,1
12315,6-0,240,0,70,70,0
12316,6-0,240,0,70,70,1
12317,6-0,240,0,70,80,0
12318,6-0,240,0,70,80,1
12319,6-0,240,0,70,100,0
12320,6-0,240,0,70,100,1
12321,6-0,240,0,80,0,0
12322,6-0,240,0,80,0,1
12323,6-0,240,0,80,20,0
12324,6-0,240,0,80,20,1
12325,6-0,240,0,80,30,0
12326,6-0,240,0,80,30,1
12327,6-0,240,0,80,50,0
12328,6-0,240,0,80,50,1
12329,6-0,240,0,80,70,0
12330,6-0,240,0,80,70,1
12331,6-0,240,0,80,80,0
12332,6-0,240,0,80,80,1
12333,6-0,240,0,80,100,0
12334,6-0,240,0,80,100,1
12335,6-0,240,0,100,0,0
12336,6-0,240,0,100,0,1
12337,6-0,240,0,100,20,0
12338,6-0,240,0,100,20,1
12339,6-0,240,0,100,30,0
12340,6-0,240,0,100,30,1
12341,6-0,240,0,100,50,0
12342,6-0,240,0,100,50,1
12343,6-0,240,0,100,70,0
12344,6-0,240,0,100,70,1
12345,6-0,240,0,100,80,0
12346,6-0,240,0,100,80,1
12347,6-0,240,0,100,100,0
12348,6-0,240,0,100,100,1
12349,6-0,240,75,0,0,0
12350,6-0,240,75,0,0,1
12351,6-0,240,75,0,20,0
12352,6-0,240,75,0,20,1
12353,6-0,240,75,0,30,0
12354,6-0,240,75,0,30,1
12355,6-0,240,75,0,50,0
12356,6-0,240,75,0,50,1
12357,6-0,240,75,0,70,0
12358,6-0,240,75,0,70,1
12359,6-0,240,75,0,80,0
12360,6-0,240,75,0,80,1
12361,6-0,240,75,0,100,0
12362,6-0,240,75,0,100,1
12363,6-0,240,75,20,0,0
12364,6-0,240,75,20,0,1
12365,6-0,240,75,20,20,0
12366,6-0,240,75,20,20,1
12367,6-0,240,75,20,30,0
12368,6-0,240,75,20,30,1
12369,6-0,240,75,20,50,0
12370,6-0,240,75,20,50,1
12371,6-0,240,75,20,70,0
12372,6-0,240,75,20,70,1
12373,6-0,240,75,20,80,0
12374,6-0,240,75,20,80,1
12375,6-0,240,75,20,100,0
12376,6-0,240,75,20,100,1
12377,6-0,240,75,30,0,0
12378,6-0,240,75,30,0,1
12379,6-0,240,75,30,20,0
12380,6-0,240,75,30,20,1
12381,6-0,240,75,30,30,0
12382,6-0,240,75,30,30,1
12383,6-0,240,75,30,50,0
12384,6-0,240,75,30,50,1
12385,6-0,240,75,30,70,0
12386,6-0,240,75,30,70,1
12387,6-0,240,75,30,80,0
12388,6-0,240,75,30,80,1
12389,6-0,240,75,30,100,0
12390,6-0,240,75,30,100,1
12391,6-0,240,75,50,0,0
12392,6-0,240,75,50,0,1
12393,6-0,240,75,50,20,0
12394,6-0,240,75,50,20,1
12395,6-0,240,75,50,30,0
12396,6-0,240,75,50,30,1
12397,6-0,240,75,50,50,0
12398,6-0,240,75,50,50,1
12399,6-0,240,75,50,70,0
12400,6-0,240,75,50,70,1
12401,6-0,240,75,50,80,0
12402,6-0,240,75,50,80,1
12403,6-0,240,75,50,100,0
12404,6-0,240,75,50,100,1
12405,6-0,240,75,70,0,0
12406,6-0,240,75,70,0,1
12407,6-0,240,75,70,20,0
12408,6-0,240,75,70,20,1
12409,6-0,240,75,70,30,0
12410,6-0,240,75,70,30,1
12411,6-0,240,75,70,50,0
12412,6-0,240,75,70,50,1
12413,6-0,240,75,70,70,0
12414,6-0,240,75,70,70,1
12415,6-0,240,75,70,80,0
12416,6-0,240,75,70,80,1
12417,6-0,240,75,70,100,0
12418,6-0,240,75,70,100,1
12419,6-0,240,75,80,0,0
12420,6-0,240,75,80,0,1
12421,6-0,240,75,80,20,0
12422,6-0,240,75,80,20,1
12423,6-0,240,75,80,30,0
12424,6-0,240,75,80,30,1
12425,6-0,240,75,80,50,0
12426,6-0,240,75,80,50,1
12427,6-0,240,75,80,70,0
12428,6-0,240,75,80,70,1
12429,6-0,240,75,80,80,0
12430,6-0,240,75,80,80,1
12431,6-0,240,75,80,100,0
12432,6-0,240,75,80,100,1
12433,6-0,240,75,100,0,0
12434,6-0,240,75,100,0,1
12435,6-0,240,75,100,20,0
12436,6-0,240,75,100,20,1
12437,6-0,240,75,100,30,0
12438,6-0,240,75,100,30,1
12439,6-0,240,75,100,50,0
12440,6-0,240,75,100,50,1
12441,6-0,240,75,100,70,0
12442,6-0,240,75,100,70,1
12443,6-0,240,75,100,80,0
12444,6-0,240,75,100,80,1
12445,6-0,240,75,100,100,0
12446,6-0,240,75,100,100,1
12447,6-0,240,1,0,0,0
12448,6-0,240,1,0,0,1
12449,6-0,240,1,0,20,0
12450,6-0,240,1,0,20,1
12451,6-0,240,1,0,30,0
12452,6-0,240,1,0,30,1
12453,6-0,240,1,0,50,0
12454,6-0,240,1,0,50,1
12455,6-0,240,1,0,70,0
12456,6-0,240,1,0,70,1
12457,6-0,240,1,0,80,0
12458,6-0,240,1,0,80,1
12459,6-0,240,1,0,100,0
12460,6-0,240,1,0,100,1
12461,6-0,240,1,20,0,0
12462,6-0,240,1,20,0,1
12463,6-0,240,1,20,20,0
12464,6-0,240,1,20,20,1
12465,6-0,240,1,20,30,0
12466,6-0,240,1,20,30,1
12467,6-0,240,1,20,50,0
12468,6-0,240,1,20,50,1
12469,6-0,240,1,20,70,0
12470,6-0,240,1,20,70,1
12471,6-0,240,1,20,80,0
12472,6-0,240,1,20,80,1
12473,6-0,240,1,20,100,0
12474,6-0,240,1,20,100,1
12475,6-0,240,1,30,0,0
12476,6-0,240,1,30,0,1
12477,6-0,240,1,30,20,0
12478,6-0,240,1,30,20,1
12479,6-0,240,1,30,30,0
12480,6-0,240,1,30,30,1
12481,6-0,240,1,30,50,0
12482,6-0,240,1,30,50,1
12483,6-0,240,1,30,70,0
12484,6-0,240,1,30,70,1
12485,6-0,240,1,30,80,0
12486,6-0,240,1,30,80,1
12487,6-0,240,1,30,100,0
12488,6-0,240,1,30,100,1
12489,6-0,240,1,50,0,0
12490,6-0,240,1,50,0,1
12491,6-0,240,1,50,20,0
12492,6-0,240,1,50,20,1
12493,6-0,240,1,50,30,0
12494,6-0,240,1,50,30,1
12495,6-0,240,1,50,50,0
12496,6-0,240,1,50,50,1
12497,6-0,240,1,50,70,0
12498,6-0,240,1,50,70,1
12499,6-0,240,1,50,80,0
12500,6-0,240,1,50,80,1
12501,6-0,240,1,50,100,0
12502,6-0,240,1,50,100,1
12503,6-0,240,1,70,0,0
12504,6-0,240,1,70,0,1
12505,6-0,240,1,70,20,0
12506,6-0,240,1,70,20,1
12507,6-0,240,1,70,30,0
12508,6-0,240,1,70,30,1
12509,6-0,240,1,70,50,0
12510,6-0,240,1,70,50,1
12511,6-0,240,1,70,70,0
12512,6-0,240,1,70,70,1
12513,6-0,240,1,70,80,0
12514,6-0,240,1,70,80,1
12515,6-0,240,1,70,100,0
12516,6-0,240,1,70,100,1
12517,6-0,240,1,80,0,0
12518,6-0,240,1,80,0,1
12519,6-0,240,1,80,20,0
12520,6-0,240,1,80,20,1
12521,6-0,240,1,80,30,0
12522,6-0,240,1,80,30,1
12523,6-0,240,1,80,50,0
12524,6-0,240,1,80,50,1
12525,6-0,240,1,80,70,0
12526,6-0,240,1,80,70,1
12527,6-0,240,1,80,80,0
12528,6-0,240,1,80,80,1
12529,6-0,240,1,80,100,0
12530,6-0,240,1,80,100,1
12531,6-0,240,1,100,0,0
12532,6-0,240,1,100,0,1
12533,6-0,240,1,100,20,0
12534,6-0,240,1,100,20,1
12535,6-0,240,1,100,30,0
12536,6-0,240,1,100,30,1
12537,6-0,240,1,100,50,0
12538,6-0,240,1,100,50,1
12539,6-0,240,1,100,70,0
12540,6-0,240,1,100,70,1
12541,6-0,240,1,100,80,0
12542,6-0,240,1,100,80,1
12543,6-0,240,1,100,100,0
12544,6-0,240,1,100,100,1
12545,6-0,240,1,0,0,0
12546,6-0,240,1,0,0,1
12547,6-0,240,1,0,20,0
12548,6-0,240,1,0,20,1
12549,6-0,240,1,0,30,0
12550,6-0,240,1,0,30,1
12551,6-0,240,1,0,50,0
12552,6-0,240,1,0,50,1
12553,6-0,240,1,0,70,0
12554,6-0,240,1,0,70,1
12555,6-0,240,1,0,80,0
12556,6-0,240,1,0,80,1
12557,6-0,240,1,0,100,0
12558,6-0,240,1,0,100,1
12559,6-0,240,1,20,0,0
12560,6-0,240,1,20,0,1
12561,6-0,240,1,20,20,0
12562,6-0,240,1,20,20,1
12563,6-0,240,1,20,30,0
12564,6-0,240,1,20,30,1
12565,6-0,240,1,20,50,0
12566,6-0,240,1,20,50,1
12567,6-0,240,1,20,70,0
12568,6-0,240,1,20,70,1
12569,6-0,240,1,20,80,0
12570,6-0,240,1,20,80,1
12571,6-0,240,1,20,100,0
12572,6-0,240,1,20,100,1
12573,6-0,240,1,30,0,0
12574,6-0,240,1,30,0,1
12575,6-0,240,1,30,20,0
12576,6-0,240,1,30,20,1
12577,6-0,240,1,30,30,0
12578,6-0,240,1,30,30,1
12579,6-0,240,1,30,50,0
12580,6-0,240,1,30,50,1
12581,6-0,240,1,30,70,0
12582,6-0,240,1,30,70,1
12583,6-0,240,1,30,80,0
12584,6-0,240,1,30,80,1
12585,6-0,240,1,30,100,0
12586,6-0,240,1,30,100,1
12587,6-0,240,1,50,0,0
12588,6-0,240,1,50,0,1
12589,6-0,240,1,50,20,0
12590,6-0,240,1,50,20,1
12591,6-0,240,1,50,30,0
12592,6-0,240,1,50,30,1
12593,6-0,240,1,50,50,0
12594,6-0,240,1,50,50,1
12595,6-0,240,1,50,70,0
12596,6-0,240,1,50,70,1
12597,6-0,240,1,50,80,0
12598,6-0,240,1,50,80,1
12599,6-0,240,1,50,100,0
12600,6-0,240,1,50,100,1
12601,6-0,240,1,70,0,0
12602,6-0,240,1,70,0,1
12603,6-0,240,1,70,20,0
12604,6-0,240,1,70,20,1
12605,6-0,240,1,70,30,0
12606,6-0,240,1,70,30,1
12607,6-0,240,1,70,50,0
12608,6-0,240,1,70,50,1
12609,6-0,240,1,70,70,0
12610,6-0,240,1,70,70,1
12611,6-0,240,1,70,80,0
12612,6-0,240,1,70,80,1
12613,6-0,240,1,70,100,0
12614,6-0,240,1,70,100,1
12615,6-0,240,1,80,0,0
12616,6-0,240,1,80,0,1
12617,6-0,240,1,80,20,0
12618,6-0,240,1,80,20,1
12619,6-0,240,1,80,30,0
12620,6-0,240,1,80,30,1
12621,6-0,240,1,80,50,0
12622,6-0,240,1,80,50,1
12623,6-0,240,1,80,70,0
12624,6-0,240,1,80,70,1
12625,6-0,240,1,80,80,0
12626,6-0,240,1,80,80,1
12627,6-0,240,1,80,100,0
12628,6-0,240,1,80,100,1
12629,6-0,240,1,100,0,0
12630,6-0,240,1,100,0,1
12631,6-0,240,1,100,20,0
12632,6-0,240,1,100,20,1
12633,6-0,240,1,100,30,0
12634,6-0,240,1,100,30,1
12635,6-0,240,1,100,50,0
12636,6-0,240,1,100,50,1
12637,6-0,240,1,100,70,0
12638,6-0,240,1,100,70,1
12639,6-0,240,1,100,80,0
12640,6-0,240,1,100,80,1
12641,6-0,240,1,100,100,0
12642,6-0,240,1,100,100,1
12643,6-0,240,5,0,0,0
12644,6-0,240,5,0,0,1
12645,6-0,240,5,0,20,0
12646,6-0,240,5,0,20,1
12647,6-0,240,5,0,30,0
12648,6-0,240,5,0,30,1
12649,6-0,240,5,0,50,0
12650,6-0,240,5,0,50,1
12651,6-0,240,5,0,70,0
12652,6-0,240,5,0,70,1
12653,6-0,240,5,0,80,0
12654,6-0,240,5,0,80,1
12655,6-0,240,5,0,100,0
12656,6-0,240,5,0,100,1
12657,6-0,240,5,20,0,0
12658,6-0,240,5,20,0,1
12659,6-0,240,5,20,20,0
12660,6-0,240,5,20,20,1
12661,6-0,240,5,20,30,0
12662,6-0,240,5,20,30,1
12663,6-0,240,5,20,50,0
12664,6-0,240,5,20,50,1
12665,6-0,240,5,20,70,0
12666,6-0,240,5,20,70,1
12667,6-0,240,5,20,80,0
12668,6-0,240,5,20,80,1
12669,6-0,240,5,20,100,0
12670,6-0,240,5,20,100,1
12671,6-0,240,5,30,0,0
12672,6-0,240,5,30,0,1
12673,6-0,240,5,30,20,0
12674,6-0,240,5,30,20,1
12675,6-0,240,5,30,30,0
12676,6-0,240,5,30,30,1
12677,6-0,240,5,30,50,0
12678,6-0,240,5,30,50,1
12679,6-0,240,5,30,70,0
12680,6-0,240,5,30,70,1
12681,6-0,240,5,30,80,0
12682,6-0,240,5,30,80,1
12683,6-0,240,5,30,100,0
12684,6-0,240,5,30,100,1
12685,6-0,240,5,50,0,0
12686,6-0,240,5,50,0,1
12687,6-0,240,5,50,20,0
12688,6-0,240,5,50,20,1
12689,6-0,240,5,50,30,0
12690,6-0,240,5,50,30,1
12691,6-0,240,5,50,50,0
12692,6-0,240,5,50,50,1
12693,6-0,240,5,50,70,0
12694,6-0,240,5,50,70,1
12695,6-0,240,5,50,80,0
12696,6-0,240,5,50,80,1
12697,6-0,240,5,50,100,0
12698,6-0,240,5,50,100,1
12699,6-0,240,5,70,0,0
12700,6-0,240,5,70,0,1
12701,6-0,240,5,70,20,0
12702,6-0,240,5,70,20,1
12703,6-0,240,5,70,30,0
12704,6-0,240,5,70,30,1
12705,6-0,240,5,70,50,0
12706,6-0,240,5,70,50,1
12707,6-0,240,5,70,70,0
12708,6-0,240,5,70,70,1
12709,6-0,240,5,70,80,0
12710,6-0,240,5,70,80,1
12711,6-0,240,5,70,100,0
12712,6-0,240,5,70,100,1
12713,6-0,240,5,80,0,0
12714,6-0,240,5,80,0,1
12715,6-0,240,5,80,20,0
12716,6-0,240,5,80,20,1
12717,6-0,240,5,80,30,0
12718,6-0,240,5,80,30,1
12719,6-0,240,5,80,50,0
12720,6-0,240,5,80,50,1
12721,6-0,240,5,80,70,0
12722,6-0,240,5,80,70,1
12723,6-0,240,5,80,80,0
12724,6-0,240,5,80,80,1
12725,6-0,240,5,80,100,0
12726,6-0,240,5,80,100,1
12727,6-0,240,5,100,0,0
12728,6-0,240,5,100,0,1
12729,6-0,240,5,100,20,0
12730,6-0,240,5,100,20,1
12731,6-0,240,5,100,30,0
12732,6-0,240,5,100,30,1
12733,6-0,240,5,100,50,0
12734,6-0,240,5,100,50,1
12735,6-0,240,5,100,70,0
12736,6-0,240,5,100,70,1
12737,6-0,240,5,100,80,0
12738,6-0,240,5,100,80,1
12739,6-0,240,5,100,100,0
12740,6-0,240,5,100,100,1
12741,6-0,260,0,0,0,0
12742,6-0,260,0,0,0,1
12743,6-0,260,0,0,20,0
12744,6-0,260,0,0,20,1
12745,6-0,260,0,0,30,0
12746,6-0,260,0,0,30,1
12747,6-0,260,0,0,50,0
12748,6-0,260,0,0,50,1
12749,6-0,260,0,0,70,0
12750,6-0,260,0,0,70,1
12751,6-0,260,0,0,80,0
12752,6-0,260,0,0,80,1
12753,6-0,260,0,0,100,0
12754,6-0,260,0,0,100,1
12755,6-0,260,0,20,0,0
12756,6-0,260,0,20,0,1
12757,6-0,260,0,20,20,0
12758,6-0,260,0,20,20,1
12759,6-0,260,0,20,30,0
12760,6-0,260,0,20,30,1
12761,6-0,260,0,20,50,0
12762,6-0,260,0,20,50,1
12763,6-0,260,0,20,70,0
12764,6-0,260,0,20,70,1
12765,6-0,260,0,20,80,0
12766,6-0,260,0,20,80,1
12767,6-0,260,0,20,100,0
12768,6-0,260,0,20,100,1
12769,6-0,260,0,30,0,0
12770,6-0,260,0,30,0,1
12771,6-0,260,0,30,20,0
12772,6-0,260,0,30,20,1
12773,6-0,260,0,30,30,0
12774,6-0,260,0,30,30,1
12775,6-0,260,0,30,50,0
12776,6-0,260,0,30,50,1
12777,6-0,260,0,30,70,0
12778,6-0,260,0,30,70,1
12779,6-0,260,0,30,80,0
12780,6-0,260,0,30,80,1
12781,6-0,260,0,30,100,0
12782,6-0,260,0,30,100,1
12783,6-0,260,0,50,0,0
12784,6-0,260,0,50,0,1
12785,6-0,260,0,50,20,0
12786,6-0,260,0,50,20,1
12787,6-0,260,0,50,30,0
12788,6-0,260,0,50,30,1
12789,6-0,260,0,50,50,0
12790,6-0,260,0,50,50,1
12791,6-0,260,0,50,70,0
12792,6-0,260,0,50,70,1
12793,6-0,260,0,50,80,0
12794,6-0,260,0,50,80,1
12795,6-0,260,0,50,100,0
12796,6-0,260,0,50,100,1
12797,6-0,260,0,70,0,0
12798,6-0,260,0,70,0,1
12799,6-0,260,0,70,20,0
12800,6-0,260,0,70,20,1
12801,6-0,260,0,70,30,0
12802,6-0,260,0,70,30,1
12803,6-0,260,0,70,50,0
12804,6-0,260,0,70,50,1
12805,6-0,260,0,70,70,0
12806,6-0,260,0,70,70,1
12807,6-0,260,0,70,80,0
12808,6-0,260,0,70,80,1
12809,6-0,260,0,70,100,0
12810,6-0,260,0,70,100,1
12811,6-0,260,0,80,0,0
12812,6-0,260,0,80,0,1
12813,6-0,260,0,80,20,0
12814,6-0,260,0,80,20,1
12815,6-0,260,0,80,30,0
12816,6-0,260,0,80,30,1
12817,6-0,260,0,80,50,0
12818,6-0,260,0,80,50,1
12819,6-0,260,0,80,70,0
12820,6-0,260,0,80,70,1
12821,6-0,260,0,80,80,0
12822,6-0,260,0,80,80,1
12823,6-0,260,0,80,100,0
12824,6-0,260,0,80,100,1
12825,6-0,260,0,100,0,0
12826,6-0,260,0,100,0,1
12827,6-0,260,0,100,20,0
12828,6-0,260,0,100,20,1
12829,6-0,260,0,100,30,0
12830,6-0,260,0,100,30,1
12831,6-0,260,0,100,50,0
12832,6-0,260,0,100,50,1
12833,6-0,260,0,100,70,0
12834,6-0,260,0,100,70,1
12835,6-0,260,0,100,80,0
12836,6-0,260,0,100,80,1
12837,6-0,260,0,100,100,0
12838,6-0,260,0,100,100,1
12839,6-0,260,75,0,0,0
12840,6-0,260,75,0,0,1
12841,6-0,260,75,0,20,0
12842,6-0,260,75,0,20,1
12843,6-0,260,75,0,30,0
12844,6-0,260,75,0,30,1
12845,6-0,260,75,0,50,0
12846,6-0,260,75,0,50,1
12847,6-0,260,75,0,70,0
12848,6-0,260,75,0,70,1
12849,6-0,260,75,0,80,0
12850,6-0,260,75,0,80,1
12851,6-0,260,75,0,100,0
12852,6-0,260,75,0,100,1
12853,6-0,260,75,20,0,0
12854,6-0,260,75,20,0,1
12855,6-0,260,75,20,20,0
12856,6-0,260,75,20,20,1
12857,6-0,260,75,20,30,0
12858,6-0,260,75,20,30,1
12859,6-0,260,75,20,50,0
12860,6-0,260,75,20,50,1
12861,6-0,260,75,20,70,0
12862,6-0,260,75,20,70,1
12863,6-0,260,75,20,80,0
12864,6-0,260,75,20,80,1
12865,6-0,260,75,20,100,0
12866,6-0,260,75,20,100,1
12867,6-0,260,75,30,0,0
12868,6-0,260,75,30,0,1
12869,6-0,260,75,30,20,0
12870,6-0,260,75,30,20,1
12871,6-0,260,75,30,30,0
12872,6-0,260,75,30,30,1
12873,6-0,260,75,30,50,0
12874,6-0,260,75,30,50,1
12875,6-0,260,75,30,70,0
12876,6-0,260,75,30,70,1
12877,6-0,260,75,30,80,0
12878,6-0,260,75,30,80,1
12879,6-0,260,75,30,100,0
12880,6-0,260,75,30,100,1
12881,6-0,260,75,50,0,0
12882,6-0,260,75,50,0,1
12883,6-0,260,75,50,20,0
12884,6-0,260,75,50,20,1
12885,6-0,260,75,50,30,0
12886,6-0,260,75,50,30,1
12887,6-0,260,75,50,50,0
12888,6-0,260,75,50,50,1
12889,6-0,260,75,50,70,0
12890,6-0,260,75,50,70,1
12891,6-0,260,75,50,80,0
12892,6-0,260,75,50,80,1
12893,6-0,260,75,50,100,0
12894,6-0,260,75,50,100,1
12895,6-0,260,75,70,0,0
12896,6-0,260,75,70,0,1
12897,6-0,260,75,70,20,0
12898,6-0,260,75,70,20,1
12899,6-0,260,75,70,30,0
12900,6-0,260,75,70,30,1
12901,6-0,260,75,70,50,0
12902,6-0,260,75,70,50,1
12903,6-0,260,75,70,70,0
12904,6-0,260,75,70,70,1
12905,6-0,260,75,70,80,0
12906,6-0,260,75,70,80,1
12907,6-0,260,75,70,100,0
12908,6-0,260,75,70,100,1
12909,6-0,260,75,80,0,0
12910,6-0,260,75,80,0,1
12911,6-0,260,75,80,20,0
12912,6-0,260,75,80,20,1
12913,6-0,260,75,80,30,0
12914,6-0,260,75,80,30,1
12915,6-0,260,75,80,50,0
12916,6-0,260,75,80,50,1
12917,6-0,260,75,80,70,0
12918,6-0,260,75,80,70,1
12919,6-0,260,75,80,80,0
12920,6-0,260,75,80,80,1
12921,6-0,260,75,80,100,0
12922,6-0,260,75,80,100,1
12923,6-0,260,75,100,0,0
12924,6-0,260,75,100,0,1
12925,6-0,260,75,100,20,0
12926,6-0,260,75,100,20,1
12927,6-0,260,75,100,30,0
12928,6-0,260,75,100,30,1
12929,6-0,260,75,100,50,0
12930,6-0,260,75,100,50,1
12931,6-0,260,75,100,70,0
12932,6-0,260,75,100,70,1
12933,6-0,260,75,100,80,0
12934,6-0,260,75,100,80,1
12935,6-0,260,75,100,100,0
12936,6-0,260,75,100,100,1
12937,6-0,260,1,0,0,0
12938,6-0,260,1,0,0,1
12939,6-0,260,1,0,20,0
12940,6-0,260,1,0,20,1
12941,6-0,260,1,0,30,0
12942,6-0,260,1,0,30,1
12943,6-0,260,1,0,50,0
12944,6-0,260,1,0,50,1
12945,6-0,260,1,0,70,0
12946,6-0,260,1,0,70,1
12947,6-0,260,1,0,80,0
12948,6-0,260,1,0,80,1
12949,6-0,260,1,0,100,0
12950,6-0,260,1,0,100,1
12951,6-0,260,1,20,0,0
12952,6-0,260,1,20,0,1
12953,6-0,260,1,20,20,0
12954,6-0,260,1,20,20,1
12955,6-0,260,1,20,30,0
12956,6-0,260,1,20,30,1
12957,6-0,260,1,20,50,0
12958,6-0,260,1,20,50,1
12959,6-0,260,1,20,70,0
12960,6-0,260,1,20,70,1
12961,6-0,260,1,20,80,0
12962,6-0,260,1,20,80,1
12963,6-0,260,1,20,100,0
12964,6-0,260,1,20,100,1
12965,6-0,260,1,30,0,0
12966,6-0,260,1,30,0,1
12967,6-0,260,1,30,20,0
12968,6-0,260,1,30,20,1
12969,6-0,260,1,30,30,0
12970,6-0,260,1,30,30,1
12971,6-0,260,1,30,50,0
12972,6-0,260,1,30,50,1
12973,6-0,260,1,30,70,0
12974,6-0,260,1,30,70,1
12975,6-0,260,1,30,80,0
12976,6-0,260,1,30,80,1
12977,6-0,260,1,30,100,0
12978,6-0,260,1,30,100,1
12979,6-0,260,1,50,0,0
12980,6-0,260,1,50,0,1
12981,6-0,260,1,50,20,0
12982,6-0,260,1,50,20,1
12983,6-0,260,1,50,30,0
12984,6-0,260,1,50,30,1
12985,6-0,260,1,50,50,0
12986,6-0,260,1,50,50,1
12987,6-0,260,1,50,70,0
12988,6-0,260,1,50,70,1
12989,6-0,260,1,50,80,0
12990,6-0,260,1,50,80,1
12991,6-0,260,1,50,100,0
12992,6-0,260,1,50,100,1
12993,6-0,260,1,70,0,0
12994,6-0,260,1,70,0,1
12995,6-0,260,1,70,20,0
12996,6-0,260,1,70,20,1
12997,6-0,260,1,70,30,0
12998,6-0,260,1,70,30,1
12999,6-0,260,1,70,50,0
13000,6-0,260,1,70,50,1
13001,6-0,260,1,70,70,0
13002,6-0,260,1,70,70,1
13003,6-0,260,1,70,80,0
13004,6-0,260,1,70,80,1
13005,6-0,260,1,70,100,0
13006,6-0,260,1,70,100,1
13007,6-0,260,1,80,0,0
13008,6-0,260,1,80,0,1
13009,6-0,260,1,80,20,0
13010,6-0,260,1,80,20,1
13011,6-0,260,1,80,30,0
13012,6-0,260,1,80,30,1
13013,6-0,260,1,80,50,0
13014,6-0,260,1,80,50,1
13015,6-0,260,1,80,70,0
13016,6-0,260,1,80,70,1
13017,6-0,260,1,80,80,0
13018,6-0,260,1,80,80,1
13019,6-0,260,1,80,100,0
13020,6-0,260,1,80,100,1
13021,6-0,260,1,100,0,0
13022,6-0,260,1,100,0,1
13023,6-0,260,1,100,20,0
13024,6-0,260,1,100,20,1
13025,6-0,260,1,100,30,0
13026,6-0,260,1,100,30,1
13027,6-0,260,1,100,50,0
13028,6-0,260,1,100,50,1
13029,6-0,260,1,100,70,0
13030,6-0,260,1,100,70,1
13031,6-0,260,1,100,80,0
13032,6-0,260,1,100,80,1
13033,6-0,260,1,100,100,0
13034,6-0,260,1,100,100,1
13035,6-0,260,1,0,0,0
13036,6-0,260,1,0,0,1
13037,6-0,260,1,0,20,0
13038,6-0,260,1,0,20,1
13039,6-0,260,1,0,30,0
13040,6-0,260,1,0,30,1
13041,6-0,260,1,0,50,0
13042,6-0,260,1,0,50,1
13043,6-0,260,1,0,70,0
13044,6-0,260,1,0,70,1
13045,6-0,260,1,0,80,0
13046,6-0,260,1,0,80,1
13047,6-0,260,1,0,100,0
13048,6-0,260,1,0,100,1
13049,6-0,260,1,20,0,0
13050,6-0,260,1,20,0,1
13051,6-0,260,1,20,20,0
13052,6-0,260,1,20,20,1
13053,6-0,260,1,20,30,0
13054,6-0,260,1,20,30,1
13055,6-0,260,1,20,50,0
13056,6-0,260,1,20,50,1
13057,6-0,260,1,20,70,0
13058,6-0,260,1,20,70,1
13059,6-0,260,1,20,80,0
13060,6-0,260,1,20,80,1
13061,6-0,260,1,20,100,0
13062,6-0,260,1,20,100,1
13063,6-0,260,1,30,0,0
13064,6-0,260,1,30,0,1
13065,6-0,260,1,30,20,0
13066,6-0,260,1,30,20,1
13067,6-0,260,1,30,30,0
13068,6-0,260,1,30,30,1
13069,6-0,260,1,30,50,0
13070,6-0,260,1,30,50,1
13071,6-0,260,1,30,70,0
13072,6-0,260,1,30,70,1
13073,6-0,260,1,30,80,0
13074,6-0,260,1,30,80,1
13075,6-0,260,1,30,100,0
13076,6-0,260,1,30,100,1
13077,6-0,260,1,50,0,0
13078,6-0,260,1,50,0,1
13079,6-0,260,1,50,20,0
13080,6-0,260,1,50,20,1
13081,6-0,260,1,50,30,0
13082,6-0,260,1,50,30,1
13083,6-0,260,1,50,50,0
13084,6-0,260,1,50,50,1
13085,6-0,260,1,50,70,0
13086,6-0,260,1,50,70,1
13087,6-0,260,1,50,80,0
13088,6-0,260,1,50,80,1
13089,6-0,260,1,50,100,0
13090,6-0,260,1,50,100,1
13091,6-0,260,1,70,0,0
13092,6-0,260,1,70,0,1
13093,6-0,260,1,70,20,0
13094,6-0,260,1,70,20,1
13095,6-0,260,1,70,30,0
13096,6-0,260,1,70,30,1
13097,6-0,260,1,70,50,0
13098,6-0,260,1,70,50,1
13099,6-0,260,1,70,70,0
13100,6-0,260,1,70,70,1
13101,6-0,260,1,70,80,0
13102,6-0,260,1,70,80,1
13103,6-0,260,1,70,100,0
13104,6-0,260,1,70,100,1
13105,6-0,260,1,80,0,0
13106,6-0,260,1,80,0,1
13107,6-0,260,1,80,20,0
13108,6-0,260,1,80,20,1
13109,6-0,260,1,80,30,0
13110,6-0,260,1,80,30,1
13111,6-0,260,1,80,50,0
13112,6-0,260,1,80,50,1
13113,6-0,260,1,80,70,0
13114,6-0,260,1,80,70,1
13115,6-0,260,1,80,80,0
13116,6-0,260,1,80,80,1
13117,6-0,260,1,80,100,0
13118,6-0,260,1,80,100,1
13119,6-0,260,1,100,0,0
13120,6-0,260,1,100,0,1
13121,6-0,260,1,100,20,0
13122,6-0,260,1,100,20,1
13123,6-0,260,1,100,30,0
13124,6-0,260,1,100,30,1
13125,6-0,260,1,100,50,0
13126,6-0,260,1,100,50,1
13127,6-0,260,1,100,70,0
13128,6-0,260,1,100,70,1
13129,6-0,260,1,100,80,0
13130,6-0,260,1,100,80,1
13131,6-0,260,1,100,100,0
13132,6-0,260,1,100,100,1
13133,6-0,260,5,0,0,0
13134,6-0,260,5,0,0,1
13135,6-0,260,5,0,20,0
13136,6-0,260,5,0,20,1
13137,6-0,260,5,0,30,0
13138,6-0,260,5,0,30,1
13139,6-0,260,5,0,50,0
13140,6-0,260,5,0,50,1
13141,6-0,260,5,0,70,0
13142,6-0,260,5,0,70,1
13143,6-0,260,5,0,80,0
13144,6-0,260,5,0,80,1
13145,6-0,260,5,0,100,0
13146,6-0,260,5,0,100,1
13147,6-0,260,5,20,0,0
13148,6-0,260,5,20,0,1
13149,6-0,260,5,20,20,0
13150,6-0,260,5,20,20,1
13151,6-0,260,5,20,30,0
13152,6-0,260,5,20,30,1
13153,6-0,260,5,20,50,0
13154,6-0,260,5,20,50,1
13155,6-0,260,5,20,70,0
13156,6-0,260,5,20,70,1
13157,6-0,260,5,20,80,0
13158,6-0,260,5,20,80,1
13159,6-0,260,5,20,100,0
13160,6-0,260,5,20,100,1
13161,6-0,260,5,30,0,0
13162,6-0,260,5,30,0,1
13163,6-0,260,5,30,20,0
13164,6-0,260,5,30,20,1
13165,6-0,260,5,30,30,0
13166,6-0,260,5,30,30,1
13167,6-0,260,5,30,50,0
13168,6-0,260,5,30,50,1
13169,6-0,260,5,30,70,0
13170,6-0,260,5,30,70,1
13171,6-0,260,5,30,80,0
13172,6-0,260,5,30,80,1
13173,6-0,260,5,30,100,0
13174,6-0,260,5,30,100,1
13175,6-0,260,5,50,0,0
13176,6-0,260,5,50,0,1
13177,6-0,260,5,50,20,0
13178,6-0,260,5,50,20,1
13179,6-0,260,5,50,30,0
13180,6-0,260,5,50,30,1
13181,6-0,260,5,50,50,0
13182,6-0,260,5,50,50,1
13183,6-0,260,5,50,70,0
13184,6-0,260,5,50,70,1
13185,6-0,260,5,50,80,0
13186,6-0,260,5,50,80,1
13187,6-0,260,5,50,100,0
13188,6-0,260,5,50,100,1
13189,6-0,260,5,70,0,0
13190,6-0,260,5,70,0,1
13191,6-0,260,5,70,20,0
13192,6-0,260,5,70,20,1
13193,6-0,260,5,70,30,0
13194,6-0,260,5,70,30,1
13195,6-0,260,5,70,50,0
13196,6-0,260,5,70,50,1
13197,6-0,260,5,70,70,0
13198,6-0,260,5,70,70,1
13199,6-0,260,5,70,80,0
13200,6-0,260,5,70,80,1
13201,6-0,260,5,70,100,0
13202,6-0,260,5,70,100,1
13203,6-0,260,5,80,0,0
13204,6-0,260,5,80,0,1
13205,6-0,260,5,80,20,0
13206,6-0,260,5,80,20,1
13207,6-0,260,5,80,30,0
13208,6-0,260,5,80,30,1
13209,6-0,260,5,80,50,0
13210,6-0,260,5,80,50,1
13211,6-0,260,5,80,70,0
13212,6-0,260,5,80,70,1
13213,6-0,260,5,80,80,0
13214,6-0,260,5,80,80,1
13215,6-0,260,5,80,100,0
13216,6-0,260,5,80,100,1
13217,6-0,260,5,100,0,0
13218,6-0,260,5,100,0,1
13219,6-0,260,5,100,20,0
13220,6-0,260,5,100,20,1
13221,6-0,260,5,100,30,0
13222,6-0,260,5,100,30,1
13223,6-0,260,5,100,50,0
13224,6-0,260,5,100,50,1
13225,6-0,260,5,100,70,0
13226,6-0,260,5,100,70,1
13227,6-0,260,5,100,80,0
13228,6-0,260,5,100,80,1
13229,6-0,260,5,100,100,0
13230,6-0,260,5,100,100,1
13231,6-0,280,0,0,0,0
13232,6-0,280,0,0,0,1
13233,6-0,280,0,0,20,0
13234,6-0,280,0,0,20,1
13235,6-0,280,0,0,30,0
13236,6-0,280,0,0,30,1
13237,6-0,280,0,0,50,0
13238,6-0,280,0,0,50,1
13239,6-0,280,0,0,70,0
13240,6-0,280,0,0,70,1
13241,6-0,280,0,0,80,0
13242,6-0,280,0,0,80,1
13243,6-0,280,0,0,100,0
13244,6-0,280,0,0,100,1
13245,6-0,280,0,20,0,0
13246,6-0,280,0,20,0,1
13247,6-0,280,0,20,20,0
13248,6-0,280,0,20,20,1
13249,6-0,280,0,20,30,0
13250,6-0,280,0,20,30,1
13251,6-0,280,0,20,50,0
13252,6-0,280,0,20,50,1
13253,6-0,280,0,20,70,0
13254,6-0,280,0,20,70,1
13255,6-0,280,0,20,80,0
13256,6-0,280,0,20,80,1
13257,6-0,280,0,20,100,0
13258,6-0,280,0,20,100,1
13259,6-0,280,0,30,0,0
13260,6-0,280,0,30,0,1
13261,6-0,280,0,30,20,0
13262,6-0,280,0,30,20,1
13263,6-0,280,0,30,30,0
13264,6-0,280,0,30,30,1
13265,6-0,280,0,30,50,0
13266,6-0,280,0,30,50,1
13267,6-0,280,0,30,70,0
13268,6-0,280,0,30,70,1
13269,6-0,280,0,30,80,0
13270,6-0,280,0,30,80,1
13271,6-0,280,0,30,100,0
13272,6-0,280,0,30,100,1
13273,6-0,280,0,50,0,0
13274,6-0,280,0,50,0,1
13275,6-0,280,0,50,20,0
13276,6-0,280,0,50,20,1
13277,6-0,280,0,50,30,0
13278,6-0,280,0,50,30,1
13279,6-0,280,0,50,50,0
13280,6-0,280,0,50,50,1
13281,6-0,280,0,50,70,0
13282,6-0,280,0,50,70,1
13283,6-0,280,0,50,80,0
13284,6-0,280,0,50,80,1
13285,6-0,280,0,50,100,0
13286,6-0,280,0,50,100,1
13287,6-0,280,0,70,0,0
13288,6-0,280,0,70,0,1
13289,6-0,280,0,70,20,0
13290,6-0,280,0,70,20,1
13291,6-0,280,0,70,30,0
13292,6-0,280,0,70,30,1
13293,6-0,280,0,70,50,0
13294,6-0,280,0,70,50,1
13295,6-0,280,0,70,70,0
13296,6-0,280,0,70,70,1
13297,6-0,280,0,70,80,0
13298,6-0,280,0,70,80,1
13299,6-0,280,0,70,100,0
13300,6-0,280,0,70,100,1
13301,6-0,280,0,80,0,0
13302,6-0,280,0,80,0,1
13303,6-0,280,0,80,20,0
13304,6-0,280,0,80,20,1
13305,6-0,280,0,80,30,0
13306,6-0,280,0,80,30,1
13307,6-0,280,0,80,50,0
13308,6-0,280,0,80,50,1
13309,6-0,280,0,80,70,0
13310,6-0,280,0,80,70,1
13311,6-0,280,0,80,80,0
13312,6-0,280,0,80,80,1
13313,6-0,280,0,80,100,0
13314,6-0,280,0,80,100,1
13315,6-0,280,0,100,0,0
13316,6-0,280,0,100,0,1
13317,6-0,280,0,100,20,0
13318,6-0,280,0,100,20,1
13319,6-0,280,0,100,30,0
13320,6-0,280,0,100,30,1
13321,6-0,280,0,100,50,0
13322,6-0,280,0,100,50,1
13323,6-0,280,0,100,70,0
13324,6-0,280,0,100,70,1
13325,6-0,280,0,100,80,0
13326,6-0,280,0,100,80,1
13327,6-0,280,0,100,100,0
13328,6-0,280,0,100,100,1
13329,6-0,280,75,0,0,0
13330,6-0,280,75,0,0,1
13331,6-0,280,75,0,20,0
13332,6-0,280,75,0,20,1
13333,6-0,280,75,0,30,0
13334,6-0,280,75,0,30,1
13335,6-0,280,75,0,50,0
13336,6-0,280,75,0,50,1
13337,6-0,280,75,0,70,0
13338,6-0,280,75,0,70,1
13339,6-0,280,75,0,80,0
13340,6-0,280,75,0,80,1
13341,6-0,280,75,0,100,0
13342,6-0,280,75,0,100,1
13343,6-0,280,75,20,0,0
13344,6-0,280,75,20,0,1
13345,6-0,280,75,20,20,0
13346,6-0,280,75,20,20,1
13347,6-0,280,75,20,30,0
13348,6-0,280,75,20,30,1
13349,6-0,280,75,20,50,0
13350,6-0,280,75,20,50,1
13351,6-0,280,75,20,70,0
13352,6-0,280,75,20,70,1
13353,6-0,280,75,20,80,0
13354,6-0,280,75,20,80,1
13355,6-0,280,75,20,100,0
13356,6-0,280,75,20,100,1
13357,6-0,280,75,30,0,0
13358,6-0,280,75,30,0,1
13359,6-0,280,75,30,20,0
13360,6-0,280,75,30,20,1
13361,6-0,280,75,30,30,0
13362,6-0,280,75,30,30,1
13363,6-0,280,75,30,50,0
13364,6-0,280,75,30,50,1
13365,6-0,280,75,30,70,0
13366,6-0,280,75,30,70,1
13367,6-0,280,75,30,80,0
13368,6-0,280,75,30,80,1
13369,6-0,280,75,30,100,0
13370,6-0,280,75,30,100,1
13371,6-0,280,75,50,0,0
13372,6-0,280,75,50,0,1
13373,6-0,280,75,50,20,0
13374,6-0,280,75,50,20,1
13375,6-0,280,75,50,30,0
13376,6-0,280,75,50,30,1
13377,6-0,280,75,50,50,0
13378,6-0,280,75,50,50,1
13379,6-0,280,75,50,70,0
13380,6-0,280,75,50,70,1
13381,6-0,280,75,50,80,0
13382,6-0,280,75,50,80,1
13383,6-0,280,75,50,100,0
13384,6-0,280,75,50,100,1
13385,6-0,280,75,70,0,0
13386,6-0,280,75,70,0,1
13387,6-0,280,75,70,20,0
13388,6-0,280,75,70,20,1
13389,6-0,280,75,70,30,0
13390,6-0,280,75,70,30,1
13391,6-0,280,75,70,50,0
13392,6-0,280,75,70,50,1
13393,6-0,280,75,70,70,0
13394,6-0,280,75,70,70,1
13395,6-0,280,75,70,80,0
13396,6-0,280,75,70,80,1
13397,6-0,280,75,70,100,0
13398,6-0,280,75,70,100,1
13399,6-0,280,75,80,0,0
13400,6-0,280,75,80,0,1
13401,6-0,280,75,80,20,0
13402,6-0,280,75,80,20,1
13403,6-0,280,75,80,30,0
13404,6-0,280,75,80,30,1
13405,6-0,280,75,80,50,0
13406,6-0,280,75,80,50,1
13407,6-0,280,75,80,70,0
13408,6-0,280,75,80,70,1
13409,6-0,280,75,80,80,0
13410,6-0,280,75,80,80,1
13411,6-0,280,75,80,100,0
13412,6-0,280,75,80,100,1
13413,6-0,280,75,100,0,0
13414,6-0,280,75,100,0,1
13415,6-0,280,75,100,20,0
13416,6-0,280,75,100,20,1
13417,6-0,280,75,100,30,0
13418,6-0,280,75,100,30,1
13419,6-0,280,75,100,50,0
13420,6-0,280,75,100,50,1
13421,6-0,280,75,100,70,0
13422,6-0,280,75,100,70,1
13423,6-0,280,75,100,80,0
13424,6-0,280,75,100,80,1
13425,6-0,280,75,100,100,0
13426,6-0,280,75,100,100,1
13427,6-0,280,1,0,0,0
13428,6-0,280,1,0,0,1
13429,6-0,280,1,0,20,0
13430,6-0,280,1,0,20,1
13431,6-0,280,1,0,30,0
13432,6-0,280,1,0,30,1
13433,6-0,280,1,0,50,0
13434,6-0,280,1,0,50,1
13435,6-0,280,1,0,70,0
13436,6-0,280,1,0,70,1
13437,6-0,280,1,0,80,0
13438,6-0,280,1,0,80,1
13439,6-0,280,1,0,100,0
13440,6-0,280,1,0,100,1
13441,6-0,280,1,20,0,0
13442,6-0,280,1,20,0,1
13443,6-0,280,1,20,20,0
13444,6-0,280,1,20,20,1
13445,6-0,280,1,20,30,0
13446,6-0,280,1,20,30,1
13447,6-0,280,1,20,50,0
13448,6-0,280,1,20,50,1
13449,6-0,280,1,20,70,0
13450,6-0,280,1,20,70,1
13451,6-0,280,1,20,80,0
13452,6-0,280,1,20,80,1
13453,6-0,280,1,20,100,0
13454,6-0,280,1,20,100,1
13455,6-0,280,1,30,0,0
13456,6-0,280,1,30,0,1
13457,6-0,280,1,30,20,0
13458,6-0,280,1,30,20,1
13459,6-0,280,1,30,30,0
13460,6-0,280,1,30,30,1
13461,6-0,280,1,30,50,0
13462,6-0,280,1,30,50,1
13463,6-0,280,1,30,70,0
13464,6-0,280,1,30,70,1
13465,6-0,280,1,30,80,0
13466,6-0,280,1,30,80,1
13467,6-0,280,1,30,100,0
13468,6-0,280,1,30,100,1
13469,6-0,280,1,50,0,0
13470,6-0,280,1,50,0,1
13471,6-0,280,1,50,20,0
13472,6-0,280,1,50,20,1
13473,6-0,280,1,50,30,0
13474,6-0,280,1,50,30,1
13475,6-0,280,1,50,50,0
13476,6-0,280,1,50,50,1
13477,6-0,280,1,50,70,0
13478,6-0,280,1,50,70,1
13479,6-0,280,1,50,80,0
13480,6-0,280,1,50,80,1
13481,6-0,280,1,50,100,0
13482,6-0,280,1,50,100,1
13483,6-0,280,1,70,0,0
13484,6-0,280,1,70,0,1
13485,6-0,280,1,70,20,0
13486,6-0,280,1,70,20,1
13487,6-0,280,1,70,30,0
13488,6-0,280,1,70,30,1
13489,6-0,280,1,70,50,0
13490,6-0,280,1,70,50,1
13491,6-0,280,1,70,70,0
13492,6-0,280,1,70,70,1
13493,6-0,280,1,70,80,0
13494,6-0,280,1,70,80,1
13495,6-0,280,1,70,100,0
13496,6-0,280,1,70,100,1
13497,6-0,280,1,80,0,0
13498,6-0,280,1,80,0,1
13499,6-0,280,1,80,20,0
13500,6-0,280,1,80,20,1
13501,6-0,280,1,80,30,0
13502,6-0,280,1,80,30,1
13503,6-0,280,1,80,50,0
13504,6-0,280,1,80,50,1
13505,6-0,280,1,80,70,0
13506,6-0,280,1,80,70,1
13507,6-0,280,1,80,80,0
13508,6-0,280,1,80,80,1
13509,6-0,280,1,80,100,0
13510,6-0,280,1,80,100,1
13511,6-0,280,1,100,0,0
13512,6-0,280,1,100,0,1
13513,6-0,280,1,100,20,0
13514,6-0,280,1,100,20,1
13515,6-0,280,1,100,30,0
13516,6-0,280,1,100,30,1
13517,6-0,280,1,100,50,0
13518,6-0,280,1,100,50,1
13519,6-0,280,1,100,70,0
13520,6-0,280,1,100,70,1
13521,6-0,280,1,100,80,0
13522,6-0,280,1,100,80,1
13523,6-0,280,1,100,100,0
13524,6-0,280,1,100,100,1
13525,6-0,280,1,0,0,0
13526,6-0,280,1,0,0,1
13527,6-0,280,1,0,20,0
13528,6-0,280,1,0,20,1
13529,6-0,280,1,0,30,0
13530,6-0,280,1,0,30,1
13531,6-0,280,1,0,50,0
13532,6-0,280,1,0,50,1
13533,6-0,280,1,0,70,0
13534,6-0,280,1,0,70,1
13535,6-0,280,1,0,80,0
13536,6-0,280,1,0,80,1
13537,6-0,280,1,0,100,0
13538,6-0,280,1,0,100,1
13539,6-0,280,1,20,0,0
13540,6-0,280,1,20,0,1
13541,6-0,280,1,20,20,0
13542,6-0,280,1,20,20,1
13543,6-0,280,1,20,30,0
13544,6-0,280,1,20,30,1
13545,6-0,280,1,20,50,0
13546,6-0,280,1,20,50,1
13547,6-0,280,1,20,70,0
13548,6-0,280,1,20,70,1
13549,6-0,280,1,20,80,0
13550,6-0,280,1,20,80,1
13551,6-0,280,1,20,100,0
13552,6-0,280,1,20,100,1
13553,6-0,280,1,30,0,0
13554,6-0,280,1,30,0,1
13555,6-0,280,1,30,20,0
13556,6-0,280,1,30,20,1
13557,6-0,280,1,30,30,0
13558,6-0,280,1,30,30,1
13559,6-0,280,1,30,50,0
13560,6-0,280,1,30,50,1
13561,6-0,280,1,30,70,0
13562,6-0,280,1,30,70,1
13563,6-0,280,1,30,80,0
13564,6-0,280,1,30,80,1
13565,6-0,280,1,30,100,0
13566,6-0,280,1,30,100,1
13567,6-0,280,1,50,0,0
13568,6-0,280,1,50,0,1
13569,6-0,280,1,50,20,0
13570,6-0,280,1,50,20,1
13571,6-0,280,1,50,30,0
13572,6-0,280,1,50,30,1
13573,6-0,280,1,50,50,0
13574,6-0,280,1,50,50,1
13575,6-0,280,1,50,70,0
13576,6-0,280,1,50,70,1
13577,6-0,280,1,50,80,0
13578,6-0,280,1,50,80,1
13579,6-0,280,1,50,100,0
13580,6-0,280,1,50,100,1
13581,6-0,280,1,70,0,0
13582,6-0,280,1,70,0,1
13583,6-0,280,1,70,20,0
13584,6-0,280,1,70,20,1
13585,6-0,280,1,70,30,0
13586,6-0,280,1,70,30,1
13587,6-0,280,1,70,50,0
13588,6-0,280,1,70,50,1
13589,6-0,280,1,70,70,0
13590,6-0,280,1,70,70,1
13591,6-0,280,1,70,80,0
13592,6-0,280,1,70,80,1
13593,6-0,280,1,70,100,0
13594,6-0,280,1,70,100,1
13595,6-0,280,1,80,0,0
13596,6-0,280,1,80,0,1
13597,6-0,280,1,80,20,0
13598,6-0,280,1,80,20,1
13599,6-0,280,1,80,30,0
13600,6-0,280,1,80,30,1
13601,6-0,280,1,80,50,0
13602,6-0,280,1,80,50,1
13603,6-0,280,1,80,70,0
13604,6-0,280,1,80,70,1
13605,6-0,280,1,80,80,0
13606,6-0,280,1,80,80,1
13607,6-0,280,1,80,100,0
13608,6-0,280,1,80,100,1
13609,6-0,280,1,100,0,0
13610,6-0,280,1,100,0,1
13611,6-0,280,1,100,20,0
13612,6-0,280,1,100,20,1
13613,6-0,280,1,100,30,0
13614,6-0,280,1,100,30,1
13615,6-0,280,1,100,50,0
13616,6-0,280,1,100,50,1
13617,6-0,280,1,100,70,0
13618,6-0,280,1,100,70,1
13619,6-0,280,1,100,80,0
13620,6-0,280,1,100,80,1
13621,6-0,280,1,100,100,0
13622,6-0,280,1,100,100,1
13623,6-0,280,5,0,0,0
13624,6-0,280,5,0,0,1
13625,6-0,280,5,0,20,0
13626,6-0,280,5,0,20,1
13627,6-0,280,5,0,30,0
13628,6-0,280,5,0,30,1
13629,6-0,280,5,0,50,0
13630,6-0,280,5,0,50,1
13631,6-0,280,5,0,70,0
13632,6-0,280,5,0,70,1
13633,6-0,280,5,0,80,0
13634,6-0,280,5,0,80,1
13635,6-0,280,5,0,100,0
13636,6-0,280,5,0,100,1
13637,6-0,280,5,20,0,0
13638,6-0,280,5,20,0,1
13639,6-0,280,5,20,20,0
13640,6-0,280,5,20,20,1
13641,6-0,280,5,20,30,0
13642,6-0,280,5,20,30,1
13643,6-0,280,5,20,50,0
13644,6-0,280,5,20,50,1
13645,6-0,280,5,20,70,0
13646,6-0,280,5,20,70,1
13647,6-0,280,5,20,80,0
13648,6-0,280,5,20,80,1
13649,6-0,280,5,20,100,0
13650,6-0,280,5,20,100,1
13651,6-0,280,5,30,0,0
13652,6-0,280,5,30,0,1
13653,6-0,280,5,30,20,0
13654,6-0,280,5,30,20,1
13655,6-0,280,5,30,30,0
13656,6-0,280,5,30,30,1
13657,6-0,280,5,30,50,0
13658,6-0,280,5,30,50,1
13659,6-0,280,5,30,70,0
13660,6-0,280,5,30,70,1
13661,6-0,280,5,30,80,0
13662,6-0,280,5,30,80,1
13663,6-0,280,5,30,100,0
13664,6-0,280,5,30,100,1
13665,6-0,280,5,50,0,0
13666,6-0,280,5,50,0,1
13667,6-0,280,5,50,20,0
13668,6-0,280,5,50,20,1
13669,6-0,280,5,50,30,0
13670,6-0,280,5,50,30,1
13671,6-0,280,5,50,50,0
13672,6-0,280,5,50,50,1
13673,6-0,280,5,50,70,0
13674,6-0,280,5,50,70,1
13675,6-0,280,5,50,80,0
13676,6-0,280,5,50,80,1
13677,6-0,280,5,50,100,0
13678,6-0,280,5,50,100,1
13679,6-0,280,5,70,0,0
13680,6-0,280,5,70,0,1
13681,6-0,280,5,70,20,0
13682,6-0,280,5,70,20,1
13683,6-0,280,5,70,30,0
13684,6-0,280,5,70,30,1
13685,6-0,280,5,70,50,0
13686,6-0,280,5,70,50,1
13687,6-0,280,5,70,70,0
13688,6-0,280,5,70,70,1
13689,6-0,280,5,70,80,0
13690,6-0,280,5,70,80,1
13691,6-0,280,5,70,100,0
13692,6-0,280,5,70,100,1
13693,6-0,280,5,80,0,0
13694,6-0,280,5,80,0,1
13695,6-0,280,5,80,20,0
13696,6-0,280,5,80,20,1
13697,6-0,280,5,80,30,0
13698,6-0,280,5,80,30,1
13699,6-0,280,5,80,50,0
13700,6-0,280,5,80,50,1
13701,6-0,280,5,80,70,0
13702,6-0,280,5,80,70,1
13703,6-0,280,5,80,80,0
13704,6-0,280,5,80,80,1
13705,6-0,280,5,80,100,0
13706,6-0,280,5,80,100,1
13707,6-0,280,5,100,0,0
13708,6-0,280,5,100,0,1
13709,6-0,280,5,100,20,0
13710,6-0,280,5,100,20,1
13711,6-0,280,5,100,30,0
13712,6-0,280,5,100,30,1
13713,6-0,280,5,100,50,0
13714,6-0,280,5,100,50,1
13715,6-0,280,5,100,70,0
13716,6-0,280,5,100,70,1
13717,6-0,280,5,100,80,0
13718,6-0,280,5,100,80,1
13719,6-0,280,5,100,100,0
13720,6-0,280,5,100,100,1
13721,6-0,300,0,0,0,0
13722,6-0,300,0,0,0,1
13723,6-0,300,0,0,20,0
13724,6-0,300,0,0,20,1
13725,6-0,300,0,0,30,0
13726,6-0,300,0,0,30,1
13727,6-0,300,0,0,50,0
13728,6-0,300,0,0,50,1
13729,6-0,300,0,0,70,0
13730,6-0,300,0,0,70,1
13731,6-0,300,0,0,80,0
13732,6-0,300,0,0,80,1
13733,6-0,300,0,0,100,0
13734,6-0,300,0,0,100,1
13735,6-0,300,0,20,0,0
13736,6-0,300,0,20,0,1
13737,6-0,300,0,20,20,0
13738,6-0,300,0,20,20,1
13739,6-0,300,0,20,30,0
13740,6-0,300,0,20,30,1
13741,6-0,300,0,20,50,0
13742,6-0,300,0,20,50,1
13743,6-0,300,0,20,70,0
13744,6-0,300,0,20,70,1
13745,6-0,300,0,20,80,0
13746,6-0,300,0,20,80,1
13747,6-0,300,0,20,100,0
13748,6-0,300,0,20,100,1
13749,6-0,300,0,30,0,0
13750,6-0,300,0,30,0,1
13751,6-0,300,0,30,20,0
13752,6-0,300,0,30,20,1
13753,6-0,300,0,30,30,0
13754,6-0,300,0,30,30,1
13755,6-0,300,0,30,50,0
13756,6-0,300,0,30,50,1
13757,6-0,300,0,30,70,0
13758,6-0,300,0,30,70,1
13759,6-0,300,0,30,80,0
13760,6-0,300,0,30,80,1
13761,6-0,300,0,30,100,0
13762,6-0,300,0,30,100,1
13763,6-0,300,0,50,0,0
13764,6-0,300,0,50,0,1
13765,6-0,300,0,50,20,0
13766,6-0,300,0,50,20,1
13767,6-0,300,0,50,30,0
13768,6-0,300,0,50,30,1
13769,6-0,300,0,50,50,0
13770,6-0,300,0,50,50,1
13771,6-0,300,0,50,70,0
13772,6-0,300,0,50,70,1
13773,6-0,300,0,50,80,0
13774,6-0,300,0,50,80,1
13775,6-0,300,0,50,100,0
13776,6-0,300,0,50,100,1
13777,6-0,300,0,70,0,0
13778,6-0,300,0,70,0,1
13779,6-0,300,0,70,20,0
13780,6-0,300,0,70,20,1
13781,6-0,300,0,70,30,0
13782,6-0,300,0,70,30,1
13783,6-0,300,0,70,50,0
13784,6-0,300,0,70,50,1
13785,6-0,300,0,70,70,0
13786,6-0,300,0,70,70,1
13787,6-0,300,0,70,80,0
13788,6-0,300,0,70,80,1
13789,6-0,300,0,70,100,0
13790,6-0,300,0,70,100,1
13791,6-0,300,0,80,0,0
13792,6-0,300,0,80,0,1
13793,6-0,300,0,80,20,0
13794,6-0,300,0,80,20,1
13795,6-0,300,0,80,30,0
13796,6-0,300,0,80,30,1
13797,6-0,300,0,80,50,0
13798,6-0,300,0,80,50,1
13799,6-0,300,0,80,70,0
13800,6-0,300,0,80,70,1
13801,6-0,300,0,80,80,0
13802,6-0,300,0,80,80,1
13803,6-0,300,0,80,100,0
13804,6-0,300,0,80,100,1
13805,6-0,300,0,100,0,0
13806,6-0,300,0,100,0,1
13807,6-0,300,0,100,20,0
13808,6-0,300,0,100,20,1
13809,6-0,300,0,100,30,0
13810,6-0,300,0,100,30,1
13811,6-0,300,0,100,50,0
13812,6-0,300,0,100,50,1
13813,6-0,300,0,100,70,0
13814,6-0,300,0,100,70,1
13815,6-0,300,0,100,80,0
13816,6-0,300,0,100,80,1
13817,6-0,300,0,100,100,0
13818,6-0,300,0,100,100,1
13819,6-0,300,75,0,0,0
13820,6-0,300,75,0,0,1
13821,6-0,300,75,0,20,0
13822,6-0,300,75,0,20,1
13823,6-0,300,75,0,30,0
13824,6-0,300,75,0,30,1
13825,6-0,300,75,0,50,0
13826,6-0,300,75,0,50,1
13827,6-0,300,75,0,70,0
13828,6-0,300,75,0,70,1
13829,6-0,300,75,0,80,0
13830,6-0,300,75,0,80,1
13831,6-0,300,75,0,100,0
13832,6-0,300,75,0,100,1
13833,6-0,300,75,20,0,0
13834,6-0,300,75,20,0,1
13835,6-0,300,75,20,20,0
13836,6-0,300,75,20,20,1
13837,6-0,300,75,20,30,0
13838,6-0,300,75,20,30,1
13839,6-0,300,75,20,50,0
13840,6-0,300,75,20,50,1
13841,6-0,300,75,20,70,0
13842,6-0,300,75,20,70,1
13843,6-0,300,75,20,80,0
13844,6-0,300,75,20,80,1
13845,6-0,300,75,20,100,0
13846,6-0,300,75,20,100,1
13847,6-0,300,75,30,0,0
13848,6-0,300,75,30,0,1
13849,6-0,300,75,30,20,0
13850,6-0,300,75,30,20,1
13851,6-0,300,75,30,30,0
13852,6-0,300,75,30,30,1
13853,6-0,300,75,30,50,0
13854,6-0,300,75,30,50,1
13855,6-0,300,75,30,70,0
13856,6-0,300,75,30,70,1
13857,6-0,300,75,30,80,0
13858,6-0,300,75,30,80,1
13859,6-0,300,75,30,100,0
13860,6-0,300,75,30,100,1
13861,6-0,300,75,50,0,0
13862,6-0,300,75,50,0,1
13863,6-0,300,75,50,20,0
13864,6-0,300,75,50,20,1
13865,6-0,300,75,50,30,0
13866,6-0,300,75,50,30,1
13867,6-0,300,75,50,50,0
13868,6-0,300,75,50,50,1
13869,6-0,300,75,50,70,0
13870,6-0,300,75,50,70,1
13871,6-0,300,75,50,80,0
13872,6-0,300,75,50,80,1
13873,6-0,300,75,50,100,0
13874,6-0,300,75,50,100,1
13875,6-0,300,75,70,0,0
13876,6-0,300,75,70,0,1
13877,6-0,300,75,70,20,0
13878,6-0,300,75,70,20,1
13879,6-0,300,75,70,30,0
13880,6-0,300,75,70,30,1
13881,6-0,300,75,70,50,0
13882,6-0,300,75,70,50,1
13883,6-0,300,75,70,70,0
13884,6-0,300,75,70,70,1
13885,6-0,300,75,70,80,0
13886,6-0,300,75,70,80,1
13887,6-0,300,75,70,100,0
13888,6-0,300,75,70,100,1
13889,6-0,300,75,80,0,0
13890,6-0,300,75,80,0,1
13891,6-0,300,75,80,20,0
13892,6-0,300,75,80,20,1
13893,6-0,300,75,80,30,0
13894,6-0,300,75,80,30,1
13895,6-0,300,75,80,50,0
13896,6-0,300,75,80,50,1
13897,6-0,300,75,80,70,0
13898,6-0,300,75,80,70,1
13899,6-0,300,75,80,80,0
13900,6-0,300,75,80,80,1
13901,6-0,300,75,80,100,0
13902,6-0,300,75,80,100,1
13903,6-0,300,75,100,0,0
13904,6-0,300,75,100,0,1
13905,6-0,300,75,100,20,0
13906,6-0,300,75,100,20,1
13907,6-0,300,75,100,30,0
13908,6-0,300,75,100,30,1
13909,6-0,300,75,100,50,0
13910,6-0,300,75,100,50,1
13911,6-0,300,75,100,70,0
13912,6-0,300,75,100,70,1
13913,6-0,300,75,100,80,0
13914,6-0,300,75,100,80,1
13915,6-0,300,75,100,100,0
13916,6-0,300,75,100,100,1
13917,6-0,300,1,0,0,0
13918,6-0,300,1,0,0,1
13919,6-0,300,1,0,20,0
13920,6-0,300,1,0,20,1
13921,6-0,300,1,0,30,0
13922,6-0,300,1,0,30,1
13923,6-0,300,1,0,50,0
13924,6-0,300,1,0,50,1
13925,6-0,300,1,0,70,0
13926,6-0,300,1,0,70,1
13927,6-0,300,1,0,80,0
13928,6-0,300,1,0,80,1
13929,6-0,300,1,0,100,0
13930,6-0,300,1,0,100,1
13931,6-0,300,1,20,0,0
13932,6-0,300,1,20,0,1
13933,6-0,300,1,20,20,0
13934,6-0,300,1,20,20,1
13935,6-0,300,1,20,30,0
13936,6-0,300,1,20,30,1
13937,6-0,300,1,20,50,0
13938,6-0,300,1,20,50,1
13939,6-0,300,1,20,70,0
13940,6-0,300,1,20,70,1
13941,6-0,300,1,20,80,0
13942,6-0,300,1,20,80,1
13943,6-0,300,1,20,100,0
13944,6-0,300,1,20,100,1
13945,6-0,300,1,30,0,0
13946,6-0,300,1,30,0,1
13947,6-0,300,1,30,20,0
13948,6-0,300,1,30,20,1
13949,6-0,300,1,30,30,0
13950,6-0,300,1,30,30,1
13951,6-0,300,1,30,50,0
13952,6-0,300,1,30,50,1
13953,6-0,300,1,30,70,0
13954,6-0,300,1,30,70,1
13955,6-0,300,1,30,80,0
13956,6-0,300,1,30,80,1
13957,6-0,300,1,30,100,0
13958,6-0,300,1,30,100,1
13959,6-0,300,1,50,0,0
13960,6-0,300,1,50,0,1
13961,6-0,300,1,50,20,0
13962,6-0,300,1,50,20,1
13963,6-0,300,1,50,30,0
13964,6-0,300,1,50,30,1
13965,6-0,300,1,50,50,0
13966,6-0,300,1,50,50,1
13967,6-0,300,1,50,70,0
13968,6-0,300,1,50,70,1
13969,6-0,300,1,50,80,0
13970,6-0,300,1,50,80,1
13971,6-0,300,1,50,100,0
13972,6-0,300,1,50,100,1
13973,6-0,300,1,70,0,0
13974,6-0,300,1,70,0,1
13975,6-0,300,1,70,20,0
13976,6-0,300,1,70,20,1
13977,6-0,300,1,70,30,0
13978,6-0,300,1,70,30,1
13979,6-0,300,1,70,50,0
13980,6-0,300,1,70,50,1
13981,6-0,300,1,70,70,0
13982,6-0,300,1,70,70,1
13983,6-0,300,1,70,80,0
13984,6-0,300,1,70,80,1
13985,6-0,300,1,70,100,0
13986,6-0,300,1,70,100,1
13987,6-0,300,1,80,0,0
13988,6-0,300,1,80,0,1
13989,6-0,300,1,80,20,0
13990,6-0,300,1,80,20,1
13991,6-0,300,1,80,30,0
13992,6-0,300,1,80,30,1
13993,6-0,300,1,80,50,0
13994,6-0,300,1,80,50,1
13995,6-0,300,1,80,70,0
13996,6-0,300,1,80,70,1
13997,6-0,300,1,80,80,0
13998,6-0,300,1,80,80,1
13999,6-0,300,1,80,100,0
14000,6-0,300,1,80,100,1
14001,6-0,300,1,100,0,0
14002,6-0,300,1,100,0,1
14003,6-0,300,1,100,20,0
14004,6-0,300,1,100,20,1
14005,6-0,300,1,100,30,0
14006,6-0,300,1,100,30,1
14007,6-0,300,1,100,50,0
14008,6-0,300,1,100,50,1
14009,6-0,300,1,100,70,0
14010,6-0,300,1,100,70,1
14011,6-0,300,1,100,80,0
14012,6-0,300,1,100,80,1
14013,6-0,300,1,100,100,0
14014,6-0,300,1,100,100,1
14015,6-0,300,1,0,0,0
14016,6-0,300,1,0,0,1
14017,6-0,300,1,0,20,0
14018,6-0,300,1,0,20,1
14019,6-0,300,1,0,30,0
14020,6-0,300,1,0,30,1
14021,6-0,300,1,0,50,0
14022,6-0,300,1,0,50,1
14023,6-0,300,1,0,70,0
14024,6-0,300,1,0,70,1
14025,6-0,300,1,0,80,0
14026,6-0,300,1,0,80,1
14027,6-0,300,1,0,100,0
14028,6-0,300,1,0,100,1
14029,6-0,300,1,20,0,0
14030,6-0,300,1,20,0,1
14031,6-0,300,1,20,20,0
14032,6-0,300,1,20,20,1
14033,6-0,300,1,20,30,0
14034,6-0,300,1,20,30,1
14035,6-0,300,1,20,50,0
14036,6-0,300,1,20,50,1
14037,6-0,300,1,20,70,0
14038,6-0,300,1,20,70,1
14039,6-0,300,1,20,80,0
14040,6-0,300,1,20,80,1
14041,6-0,300,1,20,100,0
14042,6-0,300,1,20,100,1
14043,6-0,300,1,30,0,0
14044,6-0,300,1,30,0,1
14045,6-0,300,1,30,20,0
14046,6-0,300,1,30,20,1
14047,6-0,300,1,30,30,0
14048,6-0,300,1,30,30,1
14049,6-0,300,1,30,50,0
14050,6-0,300,1,30,50,1
14051,6-0,300,1,30,70,0
14052,6-0,300,1,30,70,1
14053,6-0,300,1,30,80,0
14054,6-0,300,1,30,80,1
14055,6-0,300,1,30,100,0
14056,6-0,300,1,30,100,1
14057,6-0,300,1,50,0,0
14058,6-0,300,1,50,0,1
14059,6-0,300,1,50,20,0
14060,6-0,300,1,50,20,1
14061,6-0,300,1,50,30,0
14062,6-0,300,1,50,30,1
14063,6-0,300,1,50,50,0
14064,6-0,300,1,50,50,1
14065,6-0,300,1,50,70,0
14066,6-0,300,1,50,70,1
14067,6-0,300,1,50,80,0
14068,6-0,300,1,50,80,1
14069,6-0,300,1,50,100,0
14070,6-0,300,1,50,100,1
14071,6-0,300,1,70,0,0
14072,6-0,300,1,70,0,1
14073,6-0,300,1,70,20,0
14074,6-0,300,1,70,20,1
14075,6-0,300,1,70,30,0
14076,6-0,300,1,70,30,1
14077,6-0,300,1,70,50,0
14078,6-0,300,1,70,50,1
14079,6-0,300,1,70,70,0
14080,6-0,300,1,70,70,1
14081,6-0,300,1,70,80,0
14082,6-0,300,1,70,80,1
14083,6-0,300,1,70,100,0
14084,6-0,300,1,70,100,1
14085,6-0,300,1,80,0,0
14086,6-0,300,1,80,0,1
14087,6-0,300,1,80,20,0
14088,6-0,300,1,80,20,1
14089,6-0,300,1,80,30,0
14090,6-0,300,1,80,30,1
14091,6-0,300,1,80,50,0
14092,6-0,300,1,80,50,1
14093,6-0,300,1,80,70,0
14094,6-0,300,1,80,70,1
14095,6-0,300,1,80,80,0
14096,6-0,300,1,80,80,1
14097,6-0,300,1,80,100,0
14098,6-0,300,1,80,100,1
14099,6-0,300,1,100,0,0
14100,6-0,300,1,100,0,1
14101,6-0,300,1,100,20,0
14102,6-0,300,1,100,20,1
14103,6-0,300,1,100,30,0
14104,6-0,300,1,100,30,1
14105,6-0,300,1,100,50,0
14106,6-0,300,1,100,50,1
14107,6-0,300,1,100,70,0
14108,6-0,300,1,100,70,1
14109,6-0,300,1,100,80,0
14110,6-0,300,1,100,80,1
14111,6-0,300,1,100,100,0
14112,6-0,300,1,100,100,1
14113,6-0,300,5,0,0,0
14114,6-0,300,5,0,0,1
14115,6-0,300,5,0,20,0
14116,6-0,300,5,0,20,1
14117,6-0,300,5,0,30,0
14118,6-0,300,5,0,30,1
14119,6-0,300,5,0,50,0
14120,6-0,300,5,0,50,1
14121,6-0,300,5,0,70,0
14122,6-0,300,5,0,70,1
14123,6-0,300,5,0,80,0
14124,6-0,300,5,0,80,1
14125,6-0,300,5,0,100,0
14126,6-0,300,5,0,100,1
14127,6-0,300,5,20,0,0
14128,6-0,300,5,20,0,1
14129,6-0,300,5,20,20,0
14130,6-0,300,5,20,20,1
14131,6-0,300,5,20,30,0
14132,6-0,300,5,20,30,1
14133,6-0,300,5,20,50,0
14134,6-0,300,5,20,50,1
14135,6-0,300,5,20,70,0
14136,6-0,300,5,20,70,1
14137,6-0,300,5,20,80,0
14138,6-0,300,5,20,80,1
14139,6-0,300,5,20,100,0
14140,6-0,300,5,20,100,1
14141,6-0,300,5,30,0,0
14142,6-0,300,5,30,0,1
14143,6-0,300,5,30,20,0
14144,6-0,300,5,30,20,1
14145,6-0,300,5,30,30,0
14146,6-0,300,5,30,30,1
14147,6-0,300,5,30,50,0
14148,6-0,300,5,30,50,1
14149,6-0,300,5,30,70,0
14150,6-0,300,5,30,70,1
14151,6-0,300,5,30,80,0
14152,6-0,300,5,30,80,1
14153,6-0,300,5,30,100,0
14154,6-0,300,5,30,100,1
14155,6-0,300,5,50,0,0
14156,6-0,300,5,50,0,1
14157,6-0,300,5,50,20,0
14158,6-0,300,5,50,20,1
14159,6-0,300,5,50,30,0
14160,6-0,300,5,50,30,1
14161,6-0,300,5,50,50,0
14162,6-0,300,5,50,50,1
14163,6-0,300,5,50,70,0
14164,6-0,300,5,50,70,1
14165,6-0,300,5,50,80,0
14166,6-0,300,5,50,80,1
14167,6-0,300,5,50,100,0
14168,6-0,300,5,50,100,1
14169,6-0,300,5,70,0,0
14170,6-0,300,5,70,0,1
14171,6-0,300,5,70,20,0
14172,6-0,300,5,70,20,1
14173,6-0,300,5,70,30,0
14174,6-0,300,5,70,30,1
14175,6-0,300,5,70,50,0
14176,6-0,300,5,70,50,1
14177,6-0,300,5,70,70,0
14178,6-0,300,5,70,70,1
14179,6-0,300,5,70,80,0
14180,6-0,300,5,70,80,1
14181,6-0,300,5,70,100,0
14182,6-0,300,5,70,100,1
14183,6-0,300,5,80,0,0
14184,6-0,300,5,80,0,1
14185,6-0,300,5,80,20,0
14186,6-0,300,5,80,20,1
14187,6-0,300,5,80,30,0
14188,6-0,300,5,80,30,1
14189,6-0,300,5,80,50,0
14190,6-0,300,5,80,50,1
14191,6-0,300,5,80,70,0
14192,6-0,300,5,80,70,1
14193,6-0,300,5,80,80,0
14194,6-0,300,5,80,80,1
14195,6-0,300,5,80,100,0
14196,6-0,300,5,80,100,1
14197,6-0,300,5,100,0,0
14198,6-0,300,5,100,0,1
14199,6-0,300,5,100,20,0
14200,6-0,300,5,100,20,1
14201,6-0,300,5,100,30,0
14202,6-0,300,5,100,30,1
14203,6-0,300,5,100,50,0
14204,6-0,300,5,100,50,1
14205,6-0,300,5,100,70,0
14206,6-0,300,5,100,70,1
14207,6-0,300,5,100,80,0
14208,6-0,300,5,100,80,1
14209,6-0,300,5,100,100,0
14210,6-0,300,5,100,100,1
14211,6-0,320,0,0,0,0
14212,6-0,320,0,0,0,1
14213,6-0,320,0,0,20,0
14214,6-0,320,0,0,20,1
14215,6-0,320,0,0,30,0
14216,6-0,320,0,0,30,1
14217,6-0,320,0,0,50,0
14218,6-0,320,0,0,50,1
14219,6-0,320,0,0,70,0
14220,6-0,320,0,0,70,1
14221,6-0,320,0,0,80,0
14222,6-0,320,0,0,80,1
14223,6-0,320,0,0,100,0
14224,6-0,320,0,0,100,1
14225,6-0,320,0,20,0,0
14226,6-0,320,0,20,0,1
14227,6-0,320,0,20,20,0
14228,6-0,320,0,20,20,1
14229,6-0,320,0,20,30,0
14230,6-0,320,0,20,30,1
14231,6-0,320,0,20,50,0
14232,6-0,320,0,20,50,1
14233,6-0,320,0,20,70,0
14234,6-0,320,0,20,70,1
14235,6-0,320,0,20,80,0
14236,6-0,320,0,20,80,1
14237,6-0,320,0,20,100,0
14238,6-0,320,0,20,100,1
14239,6-0,320,0,30,0,0
14240,6-0,320,0,30,0,1
14241,6-0,320,0,30,20,0
14242,6-0,320,0,30,20,1
14243,6-0,320,0,30,30,0
14244,6-0,320,0,30,30,1
14245,6-0,320,0,30,50,0
14246,6-0,320,0,30,50,1
14247,6-0,320,0,30,70,0
14248,6-0,320,0,30,70,1
14249,6-0,320,0,30,80,0
14250,6-0,320,0,30,80,1
14251,6-0,320,0,30,100,0
14252,6-0,320,0,30,100,1
14253,6-0,320,0,50,0,0
14254,6-0,320,0,50,0,1
14255,6-0,320,0,50,20,0
14256,6-0,320,0,50,20,1
14257,6-0,320,0,50,30,0
14258,6-0,320,0,50,30,1
14259,6-0,320,0,50,50,0
14260,6-0,320,0,50,50,1
14261,6-0,320,0,50,70,0
14262,6-0,320,0,50,70,1
14263,6-0,320,0,50,80,0
14264,6-0,320,0,50,80,1
14265,6-0,320,0,50,100,0
14266,6-0,320,0,50,100,1
14267,6-0,320,0,70,0,0
14268,6-0,320,0,70,0,1
14269,6-0,320,0,70,20,0
14270,6-0,320,0,70,20,1
14271,6-0,320,0,70,30,0
14272,6-0,320,0,70,30,1
14273,6-0,320,0,70,50,0
14274,6-0,320,0,70,50,1
14275,6-0,320,0,70,70,0
14276,6-0,320,0,70,70,1
14277,6-0,320,0,70,80,0
14278,6-0,320,0,70,80,1
14279,6-0,320,0,70,100,0
14280,6-0,320,0,70,100,1
14281,6-0,320,0,80,0,0
14282,6-0,320,0,80,0,1
14283,6-0,320,0,80,20,0
14284,6-0,320,0,80,20,1
14285,6-0,320,0,80,30,0
14286,6-0,320,0,80,30,1
14287,6-0,320,0,80,50,0
14288,6-0,320,0,80,50,1
14289,6-0,320,0,80,70,0
14290,6-0,320,0,80,70,1
14291,6-0,320,0,80,80,0
14292,6-0,320,0,80,80,1
14293,6-0,320,0,80,100,0
14294,6-0,320,0,80,100,1
14295,6-0,320,0,100,0,0
14296,6-0,320,0,100,0,1
14297,6-0,320,0,100,20,0
14298,6-0,320,0,100,20,1
14299,6-0,320,0,100,30,0
14300,6-0,320,0,100,30,1
14301,6-0,320,0,100,50,0
14302,6-0,320,0,100,50,1
14303,6-0,320,0,100,70,0
14304,6-0,320,0,100,70,1
14305,6-0,320,0,100,80,0
14306,6-0,320,0,100,80,1
14307,6-0,320,0,100,100,0
14308,6-0,320,0,100,100,1
14309,6-0,320,75,0,0,0
14310,6-0,320,75,0,0,1
14311,6-0,320,75,0,20,0
14312,6-0,320,75,0,20,1
14313,6-0,320,75,0,30,0
14314,6-0,320,75,0,30,1
14315,6-0,320,75,0,50,0
14316,6-0,320,75,0,50,1
14317,6-0,320,75,0,70,0
14318,6-0,320,75,0,70,1
14319,6-0,320,75,0,80,0
14320,6-0,320,75,0,80,1
14321,6-0,320,75,0,100,0
14322,6-0,320,75,0,100,1
14323,6-0,320,75,20,0,0
14324,6-0,320,75,20,0,1
14325,6-0,320,75,20,20,0
14326,6-0,320,75,20,20,1
14327,6-0,320,75,20,30,0
14328,6-0,320,75,20,30,1
14329,6-0,320,75,20,50,0
14330,6-0,320,75,20,50,1
14331,6-0,320,75,20,70,0
14332,6-0,320,75,20,70,1
14333,6-0,320,75,20,80,0
14334,6-0,320,75,20,80,1
14335,6-0,320,75,20,100,0
14336,6-0,320,75,20,100,1
14337,6-0,320,75,30,0,0
14338,6-0,320,75,30,0,1
14339,6-0,320,75,30,20,0
14340,6-0,320,75,30,20,1
14341,6-0,320,75,30,30,0
14342,6-0,320,75,30,30,1
14343,6-0,320,75,30,50,0
14344,6-0,320,75,30,50,1
14345,6-0,320,75,30,70,0
14346,6-0,320,75,30,70,1
14347,6-0,320,75,30,80,0
14348,6-0,320,75,30,80,1
14349,6-0,320,75,30,100,0
14350,6-0,320,75,30,100,1
14351,6-0,320,75,50,0,0
14352,6-0,320,75,50,0,1
14353,6-0,320,75,50,20,0
14354,6-0,320,75,50,20,1
14355,6-0,320,75,50,30,0
14356,6-0,320,75,50,30,1
14357,6-0,320,75,50,50,0
14358,6-0,320,75,50,50,1
14359,6-0,320,75,50,70,0
14360,6-0,320,75,50,70,1
14361,6-0,320,75,50,80,0
14362,6-0,320,75,50,80,1
14363,6-0,320,75,50,100,0
14364,6-0,320,75,50,100,1
14365,6-0,320,75,70,0,0
14366,6-0,320,75,70,0,1
14367,6-0,320,75,70,20,0
14368,6-0,320,75,70,20,1
14369,6-0,320,75,70,30,0
14370,6-0,320,75,70,30,1
14371,6-0,320,75,70,50,0
14372,6-0,320,75,70,50,1
14373,6-0,320,75,70,70,0
14374,6-0,320,75,70,70,1
14375,6-0,320,75,70,80,0
14376,6-0,320,75,70,80,1
14377,6-0,320,75,70,100,0
14378,6-0,320,75,70,100,1
14379,6-0,320,75,80,0,0
14380,6-0,320,75,80,0,1
14381,6-0,320,75,80,20,0
14382,6-0,320,75,80,20,1
14383,6-0,320,75,80,30,0
14384,6-0,320,75,80,30,1
14385,6-0,320,75,80,50,0
14386,6-0,320,75,80,50,1
14387,6-0,320,75,80,70,0
14388,6-0,320,75,80,70,1
14389,6-0,320,75,80,80,0
14390,6-0,320,75,80,80,1
14391,6-0,320,75,80,100,0
14392,6-0,320,75,80,100,1
14393,6-0,320,75,100,0,0
14394,6-0,320,75,100,0,1
14395,6-0,320,75,100,20,0
14396,6-0,320,75,100,20,1
14397,6-0,320,75,100,30,0
14398,6-0,320,75,100,30,1
14399,6-0,320,75,100,50,0
14400,6-0,320,75,100,50,1
14401,6-0,320,75,100,70,0
14402,6-0,320,75,100,70,1
14403,6-0,320,75,100,80,0
14404,6-0,320,75,100,80,1
14405,6-0,320,75,100,100,0
14406,6-0,320,75,100,100,1
14407,6-0,320,1,0,0,0
14408,6-0,320,1,0,0,1
14409,6-0,320,1,0,20,0
14410,6-0,320,1,0,20,1
14411,6-0,320,1,0,30,0
14412,6-0,320,1,0,30,1
14413,6-0,320,1,0,50,0
14414,6-0,320,1,0,50,1
14415,6-0,320,1,0,70,0
14416,6-0,320,1,0,70,1
14417,6-0,320,1,0,80,0
14418,6-0,320,1,0,80,1
14419,6-0,320,1,0,100,0
14420,6-0,320,1,0,100,1
14421,6-0,320,1,20,0,0
14422,6-0,320,1,20,0,1
14423,6-0,320,1,20,20,0
14424,6-0,320,1,20,20,1
14425,6-0,320,1,20,30,0
14426,6-0,320,1,20,30,1
14427,6-0,320,1,20,50,0
14428,6-0,320,1,20,50,1
14429,6-0,320,1,20,70,0
14430,6-0,320,1,20,70,1
14431,6-0,320,1,20,80,0
14432,6-0,320,1,20,80,1
14433,6-0,320,1,20,100,0
14434,6-0,320,1,20,100,1
14435,6-0,320,1,30,0,0
14436,6-0,320,1,30,0,1
14437,6-0,320,1,30,20,0
14438,6-0,320,1,30,20,1
14439,6-0,320,1,30,30,0
14440,6-0,320,1,30,30,1
14441,6-0,320,1,30,50,0
14442,6-0,320,1,30,50,1
14443,6-0,320,1,30,70,0
14444,6-0,320,1,30,70,1
14445,6-0,320,1,30,80,0
14446,6-0,320,1,30,80,1
14447,6-0,320,1,30,100,0
14448,6-0,320,1,30,100,1
14449,6-0,320,1,50,0,0
14450,6-0,320,1,50,0,1
14451,6-0,320,1,50,20,0
14452,6-0,320,1,50,20,1
14453,6-0,320,1,50,30,0
14454,6-0,320,1,50,30,1
14455,6-0,320,1,50,50,0
14456,6-0,320,1,50,50,1
14457,6-0,320,1,50,70,0
14458,6-0,320,1,50,70,1
14459,6-0,320,1,50,80,0
14460,6-0,320,1,50,80,1
14461,6-0,320,1,50,100,0
14462,6-0,320,1,50,100,1
14463,6-0,320,1,70,0,0
14464,6-0,320,1,70,0,1
14465,6-0,320,1,70,20,0
14466,6-0,320,1,70,20,1
14467,6-0,320,1,70,30,0
14468,6-0,320,1,70,30,1
14469,6-0,320,1,70,50,0
14470,6-0,320,1,70,50,1
14471,6-0,320,1,70,70,0
14472,6-0,320,1,70,70,1
14473,6-0,320,1,70,80,0
14474,6-0,320,1,70,80,1
14475,6-0,320,1,70,100,0
14476,6-0,320,1,70,100,1
14477,6-0,320,1,80,0,0
14478,6-0,320,1,80,0,1
14479,6-0,320,1,80,20,0
14480,6-0,320,1,80,20,1
14481,6-0,320,1,80,30,0
14482,6-0,320,1,80,30,1
14483,6-0,320,1,80,50,0
14484,6-0,320,1,80,50,1
14485,6-0,320,1,80,70,0
14486,6-0,320,1,80,70,1
14487,6-0,320,1,80,80,0
14488,6-0,320,1,80,80,1
14489,6-0,320,1,80,100,0
14490,6-0,320,1,80,100,1
14491,6-0,320,1,100,0,0
14492,6-0,320,1,100,0,1
14493,6-0,320,1,100,20,0
14494,6-0,320,1,100,20,1
14495,6-0,320,1,100,30,0
14496,6-0,320,1,100,30,1
14497,6-0,320,1,100,50,0
14498,6-0,320,1,100,50,1
14499,6-0,320,1,100,70,0
14500,6-0,320,1,100,70,1
14501,6-0,320,1,100,80,0
14502,6-0,320,1,100,80,1
14503,6-0,320,1,100,100,0
14504,6-0,320,1,100,100,1
14505,6-0,320,1,0,0,0
14506,6-0,320,1,0,0,1
14507,6-0,320,1,0,20,0
14508,6-0,320,1,0,20,1
14509,6-0,320,1,0,30,0
14510,6-0,320,1,0,30,1
14511,6-0,320,1,0,50,0
14512,6-0,320,1,0,50,1
14513,6-0,320,1,0,70,0
14514,6-0,320,1,0,70,1
14515,6-0,320,1,0,80,0
14516,6-0,320,1,0,80,1
14517,6-0,320,1,0,100,0
14518,6-0,320,1,0,100,1
14519,6-0,320,1,20,0,0
14520,6-0,320,1,20,0,1
14521,6-0,320,1,20,20,0
14522,6-0,320,1,20,20,1
14523,6-0,320,1,20,30,0
14524,6-0,320,1,20,30,1
14525,6-0,320,1,20,50,0
14526,6-0,320,1,20,50,1
14527,6-0,320,1,20,70,0
14528,6-0,320,1,20,70,1
14529,6-0,320,1,20,80,0
14530,6-0,320,1,20,80,1
14531,6-0,320,1,20,100,0
14532,6-0,320,1,20,100,1
14533,6-0,320,1,30,0,0
14534,6-0,320,1,30,0,1
14535,6-0,320,1,30,20,0
14536,6-0,320,1,30,20,1
14537,6-0,320,1,30,30,0
14538,6-0,320,1,30,30,1
14539,6-0,320,1,30,50,0
14540,6-0,320,1,30,50,1
14541,6-0,320,1,30,70,0
14542,6-0,320,1,30,70,1
14543,6-0,320,1,30,80,0
14544,6-0,320,1,30,80,1
14545,6-0,320,1,30,100,0
14546,6-0,320,1,30,100,1
14547,6-0,320,1,50,0,0
14548,6-0,320,1,50,0,1
14549,6-0,320,1,50,20,0
14550,6-0,320,1,50,20,1
14551,6-0,320,1,50,30,0
14552,6-0,320,1,50,30,1
14553,6-0,320,1,50,50,0
14554,6-0,320,1,50,50,1
14555,6-0,320,1,50,70,0
14556,6-0,320,1,50,70,1
14557,6-0,320,1,50,80,0
14558,6-0,320,1,50,80,1
14559,6-0,320,1,50,100,0
14560,6-0,320,1,50,100,1
14561,6-0,320,1,70,0,0
14562,6-0,320,1,70,0,1
14563,6-0,320,1,70,20,0
14564,6-0,320,1,70,20,1
14565,6-0,320,1,70,30,0
14566,6-0,320,1,70,30,1
14567,6-0,320,1,70,50,0
14568,6-0,320,1,70,50,1
14569,6-0,320,1,70,70,0
14570,6-0,320,1,70,70,1
14571,6-0,320,1,70,80,0
14572,6-0,320,1,70,80,1
14573,6-0,320,1,70,100,0
14574,6-0,320,1,70,100,1
14575,6-0,320,1,80,0,0
14576,6-0,320,1,80,0,1
14577,6-0,320,1,80,20,0
14578,6-0,320,1,80,20,1
14579,6-0,320,1,80,30,0
14580,6-0,320,1,80,30,1
14581,6-0,320,1,80,50,0
14582,6-0,320,1,80,50,1
14583,6-0,320,1,80,70,0
14584,6-0,320,1,80,70,1
14585,6-0,320,1,80,80,0
14586,6-0,320,1,80,80,1
14587,6-0,320,1,80,100,0
14588,6-0,320,1,80,100,1
14589,6-0,320,1,100,0,0
14590,6-0,320,1,100,0,1
14591,6-0,320,1,100,20,0
14592,6-0,320,1,100,20,1
14593,6-0,320,1,100,30,0
14594,6-0,320,1,100,30,1
14595,6-0,320,1,100,50,0
14596,6-0,320,1,100,50,1
14597,6-0,320,1,100,70,0
14598,6-0,320,1,100,70,1
14599,6-0,320,1,100,80,0
14600,6-0,320,1,100,80,1
14601,6-0,320,1,100,100,0
14602,6-0,320,1,100,100,1
14603,6-0,320,5,0,0,0
14604,6-0,320,5,0,0,1
14605,6-0,320,5,0,20,0
14606,6-0,320,5,0,20,1
14607,6-0,320,5,0,30,0
14608,6-0,320,5,0,30,1
14609,6-0,320,5,0,50,0
14610,6-0,320,5,0,50,1
14611,6-0,320,5,0,70,0
14612,6-0,320,5,0,70,1
14613,6-0,320,5,0,80,0
14614,6-0,320,5,0,80,1
14615,6-0,320,5,0,100,0
14616,6-0,320,5,0,100,1
14617,6-0,320,5,20,0,0
14618,6-0,320,5,20,0,1
14619,6-0,320,5,20,20,0
14620,6-0,320,5,20,20,1
14621,6-0,320,5,20,30,0
14622,6-0,320,5,20,30,1
14623,6-0,320,5,20,50,0
14624,6-0,320,5,20,50,1
14625,6-0,320,5,20,70,0
14626,6-0,320,5,20,70,1
14627,6-0,320,5,20,80,0
14628,6-0,320,5,20,80,1
14629,6-0,320,5,20,100,0
14630,6-0,320,5,20,100,1
14631,6-0,320,5,30,0,0
14632,6-0,320,5,30,0,1
14633,6-0,320,5,30,20,0
14634,6-0,320,5,30,20,1
14635,6-0,320,5,30,30,0
14636,6-0,320,5,30,30,1
14637,6-0,320,5,30,50,0
14638,6-0,320,5,30,50,1
14639,6-0,320,5,30,70,0
14640,6-0,320,5,30,70,1
14641,6-0,320,5,30,80,0
14642,6-0,320,5,30,80,1
14643,6-0,320,5,30,100,0
14644,6-0,320,5,30,100,1
14645,6-0,320,5,50,0,0
14646,6-0,320,5,50,0,1
14647,6-0,320,5,50,20,0
14648,6-0,320,5,50,20,1
14649,6-0,320,5,50,30,0
14650,6-0,320,5,50,30,1
14651,6-0,320,5,50,50,0
14652,6-0,320,5,50,50,1
14653,6-0,320,5,50,70,0
14654,6-0,320,5,50,70,1
14655,6-0,320,5,50,80,0
14656,6-0,320,5,50,80,1
14657,6-0,320,5,50,100,0
14658,6-0,320,5,50,100,1
14659,6-0,320,5,70,0,0
14660,6-0,320,5,70,0,1
14661,6-0,320,5,70,20,0
14662,6-0,320,5,70,20,1
14663,6-0,320,5,70,30,0
14664,6-0,320,5,70,30,1
14665,6-0,320,5,70,50,0
14666,6-0,320,5,70,50,1
14667,6-0,320,5,70,70,0
14668,6-0,320,5,70,70,1
14669,6-0,320,5,70,80,0
14670,6-0,320,5,70,80,1
14671,6-0,320,5,70,100,0
14672,6-0,320,5,70,100,1
14673,6-0,320,5,80,0,0
14674,6-0,320,5,80,0,1
14675,6-0,320,5,80,20,0
14676,6-0,320,5,80,20,1
14677,6-0,320,5,80,30,0
14678,6-0,320,5,80,30,1
14679,6-0,320,5,80,50,0
14680,6-0,320,5,80,50,1
14681,6-0,320,5,80,70,0
14682,6-0,320,5,80,70,1
14683,6-0,320,5,80,80,0
14684,6-0,320,5,80,80,1
14685,6-0,320,5,80,100,0
14686,6-0,320,5,80,100,1
14687,6-0,320,5,100,0,0
14688,6-0,320,5,100,0,1
14689,6-0,320,5,100,20,0
14690,6-0,320,5,100,20,1
14691,6-0,320,5,100,30,0
14692,6-0,320,5,100,30,1
14693,6-0,320,5,100,50,0
14694,6-0,320,5,100,50,1
14695,6-0,320,5,100,70,0
14696,6-0,320,5,100,70,1
14697,6-0,320,5,100,80,0
14698,6-0,320,5,100,80,1
14699,6-0,320,5,100,100,0
14700,6-0,320,5,100,100,1
14701,65-0,220,0,0,0,0
14702,65-0,220,0,0,0,1
14703,65-0,220,0,0,20,0
14704,65-0,220,0,0,20,1
14705,65-0,220,0,0,30,0
14706,65-0,220,0,0,30,1
14707,65-0,220,0,0,50,0
14708,65-0,220,0,0,50,1
14709,65-0,220,0,0,70,0
14710,65-0,220,0,0,70,1
14711,65-0,220,0,0,80,0
14712,65-0,220,0,0,80,1
14713,65-0,220,0,0,100,0
14714,65-0,220,0,0,100,1
14715,65-0,220,0,20,0,0
14716,65-0,220,0,20,0,1
14717,65-0,220,0,20,20,0
14718,65-0,220,0,20,20,1
14719,65-0,220,0,20,30,0
14720,65-0,220,0,20,30,1
14721,65-0,220,0,20,50,0
14722,65-0,220,0,20,50,1
14723,65-0,220,0,20,70,0
14724,65-0,220,0,20,70,1
14725,65-0,220,0,20,80,0
14726,65-0,220,0,20,80,1
14727,65-0,220,0,20,100,0
14728,65-0,220,0,20,100,1
14729,65-0,220,0,30,0,0
14730,65-0,220,0,30,0,1
14731,65-0,220,0,30,20,0
14732,65-0,220,0,30,20,1
14733,65-0,220,0,30,30,0
14734,65-0,220,0,30,30,1
14735,65-0,220,0,30,50,0
14736,65-0,220,0,30,50,1
14737,65-0,220,0,30,70,0
14738,65-0,220,0,30,70,1
14739,65-0,220,0,30,80,0
14740,65-0,220,0,30,80,1
14741,65-0,220,0,30,100,0
14742,65-0,220,0,30,100,1
14743,65-0,220,0,50,0,0
14744,65-0,220,0,50,0,1
14745,65-0,220,0,50,20,0
14746,65-0,220,0,50,20,1
14747,65-0,220,0,50,30,0
14748,65-0,220,0,50,30,1
14749,65-0,220,0,50,50,0
14750,65-0,220,0,50,50,1
14751,65-0,220,0,50,70,0
14752,65-0,220,0,50,70,1
14753,65-0,220,0,50,80,0
14754,65-0,220,0,50,80,1
14755,65-0,220,0,50,100,0
14756,65-0,220,0,50,100,1
14757,65-0,220,0,70,0,0
14758,65-0,220,0,70,0,1
14759,65-0,220,0,70,20,0
14760,65-0,220,0,70,20,1
14761,65-0,220,0,70,30,0
14762,65-0,220,0,70,30,1
14763,65-0,220,0,70,50,0
14764,65-0,220,0,70,50,1
14765,65-0,220,0,70,70,0
14766,65-0,220,0,70,70,1
14767,65-0,220,0,70,80,0
14768,65-0,220,0,70,80,1
14769,65-0,220,0,70,100,0
14770,65-0,220,0,70,100,1
14771,65-0,220,0,80,0,0
14772,65-0,220,0,80,0,1
14773,65-0,220,0,80,20,0
14774,65-0,220,0,80,20,1
14775,65-0,220,0,80,30,0
14776,65-0,220,0,80,30,1
14777,65-0,220,0,80,50,0
14778,65-0,220,0,80,50,1
14779,65-0,220,0,80,70,0
14780,65-0,220,0,80,70,1
14781,65-0,220,0,80,80,0
14782,65-0,220,0,80,80,1
14783,65-0,220,0,80,100,0
14784,65-0,220,0,80,100,1
14785,65-0,220,0,100,0,0
14786,65-0,220,0,100,0,1
14787,65-0,220,0,100,20,0
14788,65-0,220,0,100,20,1
14789,65-0,220,0,100,30,0
14790,65-0,220,0,100,30,1
14791,65-0,220,0,100,50,0
14792,65-0,220,0,100,50,1
14793,65-0,220,0,100,70,0
14794,65-0,220,0,100,70,1
14795,65-0,220,0,100,80,0
14796,65-0,220,0,100,80,1
14797,65-0,220,0,100,100,0
14798,65-0,220,0,100,100,1
14799,65-0,220,75,0,0,0
14800,65-0,220,75,0,0,1
14801,65-0,220,75,0,20,0
14802,65-0,220,75,0,20,1
14803,65-0,220,75,0,30,0
14804,65-0,220,75,0,30,1
14805,65-0,220,75,0,50,0
14806,65-0,220,75,0,50,1
14807,65-0,220,75,0,70,0
14808,65-0,220,75,0,70,1
14809,65-0,220,75,0,80,0
14810,65-0,220,75,0,80,1
14811,65-0,220,75,0,100,0
14812,65-0,220,75,0,100,1
14813,65-0,220,75,20,0,0
14814,65-0,220,75,20,0,1
14815,65-0,220,75,20,20,0
14816,65-0,220,75,20,20,1
14817,65-0,220,75,20,30,0
14818,65-0,220,75,20,30,1
14819,65-0,220,75,20,50,0
14820,65-0,220,75,20,50,1
14821,65-0,220,75,20,70,0
14822,65-0,220,75,20,70,1
14823,65-0,220,75,20,80,0
14824,65-0,220,75,20,80,1
14825,65-0,220,75,20,100,0
14826,65-0,220,75,20,100,1
14827,65-0,220,75,30,0,0
14828,65-0,220,75,30,0,1
14829,65-0,220,75,30,20,0
14830,65-0,220,75,30,20,1
14831,65-0,220,75,30,30,0
14832,65-0,220,75,30,30,1
14833,65-0,220,75,30,50,0
14834,65-0,220,75,30,50,1
14835,65-0,220,75,30,70,0
14836,65-0,220,75,30,70,1
14837,65-0,220,75,30,80,0
14838,65-0,220,75,30,80,1
14839,65-0,220,75,30,100,0
14840,65-0,220,75,30,100,1
14841,65-0,220,75,50,0,0
14842,65-0,220,75,50,0,1
14843,65-0,220,75,50,20,0
14844,65-0,220,75,50,20,1
14845,65-0,220,75,50,30,0
14846,65-0,220,75,50,30,1
14847,65-0,220,75,50,50,0
14848,65-0,220,75,50,50,1
14849,65-0,220,75,50,70,0
14850,65-0,220,75,50,70,1
14851,65-0,220,75,50,80,0
14852,65-0,220,75,50,80,1
14853,65-0,220,75,50,100,0
14854,65-0,220,75,50,100,1
14855,65-0,220,75,70,0,0
14856,65-0,220,75,70,0,1
14857,65-0,220,75,70,20,0
14858,65-0,220,75,70,20,1
14859,65-0,220,75,70,30,0
14860,65-0,220,75,70,30,1
14861,65-0,220,75,70,50,0
14862,65-0,220,75,70,50,1
14863,65-0,220,75,70,70,0
14864,65-0,220,75,70,70,1
14865,65-0,220,75,70,80,0
14866,65-0,220,75,70,80,1
14867,65-0,220,75,70,100,0
14868,65-0,220,75,70,100,1
14869,65-0,220,75,80,0,0
14870,65-0,220,75,80,0,1
14871,65-0,220,75,80,20,0
14872,65-0,220,75,80,20,1
14873,65-0,220,75,80,30,0
14874,65-0,220,75,80,30,1
14875,65-0,220,75,80,50,0
14876,65-0,220,75,80,50,1
14877,65-0,220,75,80,70,0
14878,65-0,220,75,80,70,1
14879,65-0,220,75,80,80,0
14880,65-0,220,75,80,80,1
14881,65-0,220,75,80,100,0
14882,65-0,220,75,80,100,1
14883,65-0,220,75,100,0,0
14884,65-0,220,75,100,0,1
14885,65-0,220,75,100,20,0
14886,65-0,220,75,100,20,1
14887,65-0,220,75,100,30,0
14888,65-0,220,75,100,30,1
14889,65-0,220,75,100,50,0
14890,65-0,220,75,100,50,1
14891,65-0,220,75,100,70,0
14892,65-0,220,75,100,70,1
14893,65-0,220,75,100,80,0
14894,65-0,220,75,100,80,1
14895,65-0,220,75,100,100,0
14896,65-0,220,75,100,100,1
14897,65-0,220,1,0,0,0
14898,65-0,220,1,0,0,1
14899,65-0,220,1,0,20,0
14900,65-0,220,1,0,20,1
14901,65-0,220,1,0,30,0
14902,65-0,220,1,0,30,1
14903,65-0,220,1,0,50,0
14904,65-0,220,1,0,50,1
14905,65-0,220,1,0,70,0
14906,65-0,220,1,0,70,1
14907,65-0,220,1,0,80,0
14908,65-0,220,1,0,80,1
14909,65-0,220,1,0,100,0
14910,65-0,220,1,0,100,1
14911,65-0,220,1,20,0,0
14912,65-0,220,1,20,0,1
14913,65-0,220,1,20,20,0
14914,65-0,220,1,20,20,1
14915,65-0,220,1,20,30,0
14916,65-0,220,1,20,30,1
14917,65-0,220,1,20,50,0
14918,65-0,220,1,20,50,1
14919,65-0,220,1,20,70,0
14920,65-0,220,1,20,70,1
14921,65-0,220,1,20,80,0
14922,65-0,220,1,20,80,1
14923,65-0,220,1,20,100,0
14924,65-0,220,1,20,100,1
14925,65-0,220,1,30,0,0
14926,65-0,220,1,30,0,1
14927,65-0,220,1,30,20,0
14928,65-0,220,1,30,20,1
14929,65-0,220,1,30,30,0
14930,65-0,220,1,30,30,1
14931,65-0,220,1,30,50,0
14932,65-0,220,1,30,50,1
14933,65-0,220,1,30,70,0
14934,65-0,220,1,30,70,1
14935,65-0,220,1,30,80,0
14936,65-0,220,1,30,80,1
14937,65-0,220,1,30,100,0
14938,65-0,220,1,30,100,1
14939,65-0,220,1,50,0,0
14940,65-0,220,1,50,0,1
14941,65-0,220,1,50,20,0
14942,65-0,220,1,50,20,1
14943,65-0,220,1,50,30,0
14944,65-0,220,1,50,30,1
14945,65-0,220,1,50,50,0
14946,65-0,220,1,50,50,1
14947,65-0,220,1,50,70,0
14948,65-0,220,1,50,70,1
14949,65-0,220,1,50,80,0
14950,65-0,220,1,50,80,1
14951,65-0,220,1,50,100,0
14952,65-0,220,1,50,100,1
14953,65-0,220,1,70,0,0
14954,65-0,220,1,70,0,1
14955,65-0,220,1,70,20,0
14956,65-0,220,1,70,20,1
14957,65-0,220,1,70,30,0
14958,65-0,220,1,70,30,1
14959,65-0,220,1,70,50,0
14960,65-0,220,1,70,50,1
14961,65-0,220,1,70,70,0
14962,65-0,220,1,70,70,1
14963,65-0,220,1,70,80,0
14964,65-0,220,1,70,80,1
14965,65-0,220,1,70,100,0
14966,65-0,220,1,70,100,1
14967,65-0,220,1,80,0,0
14968,65-0,220,1,80,0,1
14969,65-0,220,1,80,20,0
14970,65-0,220,1,80,20,1
14971,65-0,220,1,80,30,0
14972,65-0,220,1,80,30,1
14973,65-0,220,1,80,50,0
14974,65-0,220,1,80,50,1
14975,65-0,220,1,80,70,0
14976,65-0,220,1,80,70,1
14977,65-0,220,1,80,80,0
14978,65-0,220,1,80,80,1
14979,65-0,220,1,80,100,0
14980,65-0,220,1,80,100,1
14981,65-0,220,1,100,0,0
14982,65-0,220,1,100,0,1
14983,65-0,220,1,100,20,0
14984,65-0,220,1,100,20,1
14985,65-0,220,1,100,30,0
14986,65-0,220,1,100,30,1
14987,65-0,220,1,100,50,0
14988,65-0,220,1,100,50,1
14989,65-0,220,1,100,70,0
14990,65-0,220,1,100,70,1
14991,65-0,220,1,100,80,0
14992,65-0,220,1,100,80,1
14993,65-0,220,1,100,100,0
14994,65-0,220,1,100,100,1
14995,65-0,220,1,0,0,0
14996,65-0,220,1,0,0,1
14997,65-0,220,1,0,20,0
14998,65-0,220,1,0,20,1
14999,65-0,220,1,0,30,0
15000,65-0,220,1,0,30,1
15001,65-0,220,1,0,50,0
15002,65-0,220,1,0,50,1
15003,65-0,220,1,0,70,0
15004,65-0,220,1,0,70,1
15005,65-0,220,1,0,80,0
15006,65-0,220,1,0,80,1
15007,65-0,220,1,0,100,0
15008,65-0,220,1,0,100,1
15009,65-0,220,1,20,0,0
15010,65-0,220,1,20,0,1
15011,65-0,220,1,20,20,0
15012,65-0,220,1,20,20,1
15013,65-0,220,1,20,30,0
15014,65-0,220,1,20,30,1
15015,65-0,220,1,20,50,0
15016,65-0,220,1,20,50,1
15017,65-0,220,1,20,70,0
15018,65-0,220,1,20,70,1
15019,65-0,220,1,20,80,0
15020,65-0,220,1,20,80,1
15021,65-0,220,1,20,100,0
15022,65-0,220,1,20,100,1
15023,65-0,220,1,30,0,0
15024,65-0,220,1,30,0,1
15025,65-0,220,1,30,20,0
15026,65-0,220,1,30,20,1
15027,65-0,220,1,30,30,0
15028,65-0,220,1,30,30,1
15029,65-0,220,1,30,50,0
15030,65-0,220,1,30,50,1
15031,65-0,220,1,30,70,0
15032,65-0,220,1,30,70,1
15033,65-0,220,1,30,80,0
15034,65-0,220,1,30,80,1
15035,65-0,220,1,30,100,0
15036,65-0,220,1,30,100,1
15037,65-0,220,1,50,0,0
15038,65-0,220,1,50,0,1
15039,65-0,220,1,50,20,0
15040,65-0,220,1,50,20,1
15041,65-0,220,1,50,30,0
15042,65-0,220,1,50,30,1
15043,65-0,220,1,50,50,0
15044,65-0,220,1,50,50,1
15045,65-0,220,1,50,70,0
15046,65-0,220,1,50,70,1
15047,65-0,220,1,50,80,0
15048,65-0,220,1,50,80,1
15049,65-0,220,1,50,100,0
15050,65-0,220,1,50,100,1
15051,65-0,220,1,70,0,0
15052,65-0,220,1,70,0,1
15053,65-0,220,1,70,20,0
15054,65-0,220,1,70,20,1
15055,65-0,220,1,70,30,0
15056,65-0,220,1,70,30,1
15057,65-0,220,1,70,50,0
15058,65-0,220,1,70,50,1
15059,65-0,220,1,70,70,0
15060,65-0,220,1,70,70,1
15061,65-0,220,1,70,80,0
15062,65-0,220,1,70,80,1
15063,65-0,220,1,70,100,0
15064,65-0,220,1,70,100,1
15065,65-0,220,1,80,0,0
15066,65-0,220,1,80,0,1
15067,65-0,220,1,80,20,0
15068,65-0,220,1,80,20,1
15069,65-0,220,1,80,30,0
15070,65-0,220,1,80,30,1
15071,65-0,220,1,80,50,0
15072,65-0,220,1,80,50,1
15073,65-0,220,1,80,70,0
15074,65-0,220,1,80,70,1
15075,65-0,220,1,80,80,0
15076,65-0,220,1,80,80,1
15077,65-0,220,1,80,100,0
15078,65-0,220,1,80,100,1
15079,65-0,220,1,100,0,0
15080,65-0,220,1,100,0,1
15081,65-0,220,1,100,20,0
15082,65-0,220,1,100,20,1
15083,65-0,220,1,100,30,0
15084,65-0,220,1,100,30,1
15085,65-0,220,1,100,50,0
15086,65-0,220,1,100,50,1
15087,65-0,220,1,100,70,0
15088,65-0,220,1,100,70,1
15089,65-0,220,1,100,80,0
15090,65-0,220,1,100,80,1
15091,65-0,220,1,100,100,0
15092,65-0,220,1,100,100,1
15093,65-0,220,5,0,0,0
15094,65-0,220,5,0,0,1
15095,65-0,220,5,0,20,0
15096,65-0,220,5,0,20,1
15097,65-0,220,5,0,30,0
15098,65-0,220,5,0,30,1
15099,65-0,220,5,0,50,0
15100,65-0,220,5,0,50,1
15101,65-0,220,5,0,70,0
15102,65-0,220,5,0,70,1
15103,65-0,220,5,0,80,0
15104,65-0,220,5,0,80,1
15105,65-0,220,5,0,100,0
15106,65-0,220,5,0,100,1
15107,65-0,220,5,20,0,0
15108,65-0,220,5,20,0,1
15109,65-0,220,5,20,20,0
15110,65-0,220,5,20,20,1
15111,65-0,220,5,20,30,0
15112,65-0,220,5,20,30,1
15113,65-0,220,5,20,50,0
15114,65-0,220,5,20,50,1
15115,65-0,220,5,20,70,0
15116,65-0,220,5,20,70,1
15117,65-0,220,5,20,80,0
15118,65-0,220,5,20,80,1
15119,65-0,220,5,20,100,0
15120,65-0,220,5,20,100,1
15121,65-0,220,5,30,0,0
15122,65-0,220,5,30,0,1
15123,65-0,220,5,30,20,0
15124,65-0,220,5,30,20,1
15125,65-0,220,5,30,30,0
15126,65-0,220,5,30,30,1
15127,65-0,220,5,30,50,0
15128,65-0,220,5,30,50,1
15129,65-0,220,5,30,70,0
15130,65-0,220,5,30,70,1
15131,65-0,220,5,30,80,0
15132,65-0,220,5,30,80,1
15133,65-0,220,5,30,100,0
15134,65-0,220,5,30,100,1
15135,65-0,220,5,50,0,0
15136,65-0,220,5,50,0,1
15137,65-0,220,5,50,20,0
15138,65-0,220,5,50,20,1
15139,65-0,220,5,50,30,0
15140,65-0,220,5,50,30,1
15141,65-0,220,5,50,50,0
15142,65-0,220,5,50,50,1
15143,65-0,220,5,50,70,0
15144,65-0,220,5,50,70,1
15145,65-0,220,5,50,80,0
15146,65-0,220,5,50,80,1
15147,65-0,220,5,50,100,0
15148,65-0,220,5,50,100,1
15149,65-0,220,5,70,0,0
15150,65-0,220,5,70,0,1
15151,65-0,220,5,70,20,0
15152,65-0,220,5,70,20,1
15153,65-0,220,5,70,30,0
15154,65-0,220,5,70,30,1
15155,65-0,220,5,70,50,0
15156,65-0,220,5,70,50,1
15157,65-0,220,5,70,70,0
15158,65-0,220,5,70,70,1
15159,65-0,220,5,70,80,0
15160,65-0,220,5,70,80,1
15161,65-0,220,5,70,100,0
15162,65-0,220,5,70,100,1
15163,65-0,220,5,80,0,0
15164,65-0,220,5,80,0,1
15165,65-0,220,5,80,20,0
15166,65-0,220,5,80,20,1
15167,65-0,220,5,80,30,0
15168,65-0,220,5,80,30,1
15169,65-0,220,5,80,50,0
15170,65-0,220,5,80,50,1
15171,65-0,220,5,80,70,0
15172,65-0,220,5,80,70,1
15173,65-0,220,5,80,80,0
15174,65-0,220,5,80,80,1
15175,65-0,220,5,80,100,0
15176,65-0,220,5,80,100,1
15177,65-0,220,5,100,0,0
15178,65-0,220,5,100,0,1
15179,65-0,220,5,100,20,0
15180,65-0,220,5,100,20,1
15181,65-0,220,5,100,30,0
15182,65-0,220,5,100,30,1
15183,65-0,220,5,100,50,0
15184,65-0,220,5,100,50,1
15185,65-0,220,5,100,70,0
15186,65-0,220,5,100,70,1
15187,65-0,220,5,100,80,0
15188,65-0,220,5,100,80,1
15189,65-0,220,5,100,100,0
15190,65-0,220,5,100,100,1
15191,65-0,240,0,0,0,0
15192,65-0,240,0,0,0,1
15193,65-0,240,0,0,20,0
15194,65-0,240,0,0,20,1
15195,65-0,240,0,0,30,0
15196,65-0,240,0,0,30,1
15197,65-0,240,0,0,50,0
15198,65-0,240,0,0,50,1
15199,65-0,240,0,0,70,0
15200,65-0,240,0,0,70,1
15201,65-0,240,0,0,80,0
15202,65-0,240,0,0,80,1
15203,65-0,240,0,0,100,0
15204,65-0,240,0,0,100,1
15205,65-0,240,0,20,0,0
15206,65-0,240,0,20,0,1
15207,65-0,240,0,20,20,0
15208,65-0,240,0,20,20,1
15209,65-0,240,0,20,30,0
15210,65-0,240,0,20,30,1
15211,65-0,240,0,20,50,0
15212,65-0,240,0,20,50,1
15213,65-0,240,0,20,70,0
15214,65-0,240,0,20,70,1
15215,65-0,240,0,20,80,0
15216,65-0,240,0,20,80,1
15217,65-0,240,0,20,100,0
15218,65-0,240,0,20,100,1
15219,65-0,240,0,30,0,0
15220,65-0,240,0,30,0,1
15221,65-0,240,0,30,20,0
15222,65-0,240,0,30,20,1
15223,65-0,240,0,30,30,0
15224,65-0,240,0,30,30,1
15225,65-0,240,0,30,50,0
15226,65-0,240,0,30,50,1
15227,65-0,240,0,30,70,0
15228,65-0,240,0,30,70,1
15229,65-0,240,0,30,80,0
15230,65-0,240,0,30,80,1
15231,65-0,240,0,30,100,0
15232,65-0,240,0,30,100,1
15233,65-0,240,0,50,0,0
15234,65-0,240,0,50,0,1
15235,65-0,240,0,50,20,0
15236,65-0,240,0,50,20,1
15237,65-0,240,0,50,30,0
15238,65-0,240,0,50,30,1
15239,65-0,240,0,50,50,0
15240,65-0,240,0,50,50,1
15241,65-0,240,0,50,70,0
15242,65-0,240,0,50,70,1
15243,65-0,240,0,50,80,0
15244,65-0,240,0,50,80,1
15245,65-0,240,0,50,100,0
15246,65-0,240,0,50,100,1
15247,65-0,240,0,70,0,0
15248,65-0,240,0,70,0,1
15249,65-0,240,0,70,20,0
15250,65-0,240,0,70,20,1
15251,65-0,240,0,70,30,0
15252,65-0,240,0,70,30,1
15253,65-0,240,0,70,50,0
15254,65-0,240,0,70,50,1
15255,65-0,240,0,70,70,0
15256,65-0,240,0,70,70,1
15257,65-0,240,0,70,80,0
15258,65-0,240,0,70,80,1
15259,65-0,240,0,70,100,0
15260,65-0,240,0,70,100,1
15261,65-0,240,0,80,0,0
15262,65-0,240,0,80,0,1
15263,65-0,240,0,80,20,0
15264,65-0,240,0,80,20,1
15265,65-0,240,0,80,30,0
15266,65-0,240,0,80,30,1
15267,65-0,240,0,80,50,0
15268,65-0,240,0,80,50,1
15269,65-0,240,0,80,70,0
15270,65-0,240,0,80,70,1
15271,65-0,240,0,80,80,0
15272,65-0,240,0,80,80,1
15273,65-0,240,0,80,100,0
15274,65-0,240,0,80,100,1
15275,65-0,240,0,100,0,0
15276,65-0,240,0,100,0,1
15277,65-0,240,0,100,20,0
15278,65-0,240,0,100,20,1
15279,65-0,240,0,100,30,0
15280,65-0,240,0,100,30,1
15281,65-0,240,0,100,50,0
15282,65-0,240,0,100,50,1
15283,65-0,240,0,100,70,0
15284,65-0,240,0,100,70,1
15285,65-0,240,0,100,80,0
15286,65-0,240,0,100,80,1
15287,65-0,240,0,100,100,0
15288,65-0,240,0,100,100,1
15289,65-0,240,75,0,0,0
15290,65-0,240,75,0,0,1
15291,65-0,240,75,0,20,0
15292,65-0,240,75,0,20,1
15293,65-0,240,75,0,30,0
15294,65-0,240,75,0,30,1
15295,65-0,240,75,0,50,0
15296,65-0,240,75,0,50,1
15297,65-0,240,75,0,70,0
15298,65-0,240,75,0,70,1
15299,65-0,240,75,0,80,0
15300,65-0,240,75,0,80,1
15301,65-0,240,75,0,100,0
15302,65-0,240,75,0,100,1
15303,65-0,240,75,20,0,0
15304,65-0,240,75,20,0,1
15305,65-0,240,75,20,20,0
15306,65-0,240,75,20,20,1
15307,65-0,240,75,20,30,0
15308,65-0,240,75,20,30,1
15309,65-0,240,75,20,50,0
15310,65-0,240,75,20,50,1
15311,65-0,240,75,20,70,0
15312,65-0,240,75,20,70,1
15313,65-0,240,75,20,80,0
15314,65-0,240,75,20,80,1
15315,65-0,240,75,20,100,0
15316,65-0,240,75,20,100,1
15317,65-0,240,75,30,0,0
15318,65-0,240,75,30,0,1
15319,65-0,240,75,30,20,0
15320,65-0,240,75,30,20,1
15321,65-0,240,75,30,30,0
15322,65-0,240,75,30,30,1
15323,65-0,240,75,30,50,0
15324,65-0,240,75,30,50,1
15325,65-0,240,75,30,70,0
15326,65-0,240,75,30,70,1
15327,65-0,240,75,30,80,0
15328,65-0,240,75,30,80,1
15329,65-0,240,75,30,100,0
15330,65-0,240,75,30,100,1
15331,65-0,240,75,50,0,0
15332,65-0,240,75,50,0,1
15333,65-0,240,75,50,20,0
15334,65-0,240,75,50,20,1
15335,65-0,240,75,50,30,0
15336,65-0,240,75,50,30,1
15337,65-0,240,75,50,50,0
15338,65-0,240,75,50,50,1
15339,65-0,240,75,50,70,0
15340,65-0,240,75,50,70,1
15341,65-0,240,75,50,80,0
15342,65-0,240,75,50,80,1
15343,65-0,240,75,50,100,0
15344,65-0,240,75,50,100,1
15345,65-0,240,75,70,0,0
15346,65-0,240,75,70,0,1
15347,65-0,240,75,70,20,0
15348,65-0,240,75,70,20,1
15349,65-0,240,75,70,30,0
15350,65-0,240,75,70,30,1
15351,65-0,240,75,70,50,0
15352,65-0,240,75,70,50,1
15353,65-0,240,75,70,70,0
15354,65-0,240,75,70,70,1
15355,65-0,240,75,70,80,0
15356,65-0,240,75,70,80,1
15357,65-0,240,75,70,100,0
15358,65-0,240,75,70,100,1
15359,65-0,240,75,80,0,0
15360,65-0,240,75,80,0,1
15361,65-0,240,75,80,20,0
15362,65-0,240,75,80,20,1
15363,65-0,240,75,80,30,0
15364,65-0,240,75,80,30,1
15365,65-0,240,75,80,50,0
15366,65-0,240,75,80,50,1
15367,65-0,240,75,80,70,0
15368,65-0,240,75,80,70,1
15369,65-0,240,75,80,80,0
15370,65-0,240,75,80,80,1
15371,65-0,240,75,80,100,0
15372,65-0,240,75,80,100,1
15373,65-0,240,75,100,0,0
15374,65-0,240,75,100,0,1
15375,65-0,240,75,100,20,0
15376,65-0,240,75,100,20,1
15377,65-0,240,75,100,30,0
15378,65-0,240,75,100,30,1
15379,65-0,240,75,100,50,0
15380,65-0,240,75,100,50,1
15381,65-0,240,75,100,70,0
15382,65-0,240,75,100,70,1
15383,65-0,240,75,100,80,0
15384,65-0,240,75,100,80,1
15385,65-0,240,75,100,100,0
15386,65-0,240,75,100,100,1
15387,65-0,240,1,0,0,0
15388,65-0,240,1,0,0,1
15389,65-0,240,1,0,20,0
15390,65-0,240,1,0,20,1
15391,65-0,240,1,0,30,0
15392,65-0,240,1,0,30,1
15393,65-0,240,1,0,50,0
15394,65-0,240,1,0,50,1
15395,65-0,240,1,0,70,0
15396,65-0,240,1,0,70,1
15397,65-0,240,1,0,80,0
15398,65-0,240,1,0,80,1
15399,65-0,240,1,0,100,0
15400,65-0,240,1,0,100,1
15401,65-0,240,1,20,0,0
15402,65-0,240,1,20,0,1
15403,65-0,240,1,20,20,0
15404,65-0,240,1,20,20,1
15405,65-0,240,1,20,30,0
15406,65-0,240,1,20,30,1
15407,65-0,240,1,20,50,0
15408,65-0,240,1,20,50,1
15409,65-0,240,1,20,70,0
15410,65-0,240,1,20,70,1
15411,65-0,240,1,20,80,0
15412,65-0,240,1,20,80,1
15413,65-0,240,1,20,100,0
15414,65-0,240,1,20,100,1
15415,65-0,240,1,30,0,0
15416,65-0,240,1,30,0,1
15417,65-0,240,1,30,20,0
15418,65-0,240,1,30,20,1
15419,65-0,240,1,30,30,0
15420,65-0,240,1,30,30,1
15421,65-0,240,1,30,50,0
15422,65-0,240,1,30,50,1
15423,65-0,240,1,30,70,0
15424,65-0,240,1,30,70,1
15425,65-0,240,1,30,80,0
15426,65-0,240,1,30,80,1
15427,65-0,240,1,30,100,0
15428,65-0,240,1,30,100,1
15429,65-0,240,1,50,0,0
15430,65-0,240,1,50,0,1
15431,65-0,240,1,50,20,0
15432,65-0,240,1,50,20,1
15433,65-0,240,1,50,30,0
15434,65-0,240,1,50,30,1
15435,65-0,240,1,50,50,0
15436,65-0,240,1,50,50,1
15437,65-0,240,1,50,70,0
15438,65-0,240,1,50,70,1
15439,65-0,240,1,50,80,0
15440,65-0,240,1,50,80,1
15441,65-0,240,1,50,100,0
15442,65-0,240,1,50,100,1
15443,65-0,240,1,70,0,0
15444,65-0,240,1,70,0,1
15445,65-0,240,1,70,20,0
15446,65-0,240,1,70,20,1
15447,65-0,240,1,70,30,0
15448,65-0,240,1,70,30,1
15449,65-0,240,1,70,50,0
15450,65-0,240,1,70,50,1
15451,65-0,240,1,70,70,0
15452,65-0,240,1,70,70,1
15453,65-0,240,1,70,80,0
15454,65-0,240,1,70,80,1
15455,65-0,240,1,70,100,0
15456,65-0,240,1,70,100,1
15457,65-0,240,1,80,0,0
15458,65-0,240,1,80,0,1
15459,65-0,240,1,80,20,0
15460,65-0,240,1,80,20,1
15461,65-0,240,1,80,30,0
15462,65-0,240,1,80,30,1
15463,65-0,240,1,80,50,0
15464,65-0,240,1,80,50,1
15465,65-0,240,1,80,70,0
15466,65-0,240,1,80,70,1
15467,65-0,240,1,80,80,0
15468,65-0,240,1,80,80,1
15469,65-0,240,1,80,100,0
15470,65-0,240,1,80,100,1
15471,65-0,240,1,100,0,0
15472,65-0,240,1,100,0,1
15473,65-0,240,1,100,20,0
15474,65-0,240,1,100,20,1
15475,65-0,240,1,100,30,0
15476,65-0,240,1,100,30,1
15477,65-0,240,1,100,50,0
15478,65-0,240,1,100,50,1
15479,65-0,240,1,100,70,0
15480,65-0,240,1,100,70,1
15481,65-0,240,1,100,80,0
15482,65-0,240,1,100,80,1
15483,65-0,240,1,100,100,0
15484,65-0,240,1,100,100,1
15485,65-0,240,1,0,0,0
15486,65-0,240,1,0,0,1
15487,65-0,240,1,0,20,0
15488,65-0,240,1,0,20,1
15489,65-0,240,1,0,30,0
15490,65-0,240,1,0,30,1
15491,65-0,240,1,0,50,0
15492,65-0,240,1,0,50,1
15493,65-0,240,1,0,70,0
15494,65-0,240,1,0,70,1
15495,65-0,240,1,0,80,0
15496,65-0,240,1,0,80,1
15497,65-0,240,1,0,100,0
15498,65-0,240,1,0,100,1
15499,65-0,240,1,20,0,0
15500,65-0,240,1,20,0,1
15501,65-0,240,1,20,20,0
15502,65-0,240,1,20,20,1
15503,65-0,240,1,20,30,0
15504,65-0,240,1,20,30,1
15505,65-0,240,1,20,50,0
15506,65-0,240,1,20,50,1
15507,65-0,240,1,20,70,0
15508,65-0,240,1,20,70,1
15509,65-0,240,1,20,80,0
15510,65-0,240,1,20,80,1
15511,65-0,240,1,20,100,0
15512,65-0,240,1,20,100,1
15513,65-0,240,1,30,0,0
15514,65-0,240,1,30,0,1
15515,65-0,240,1,30,20,0
15516,65-0,240,1,30,20,1
15517,65-0,240,1,30,30,0
15518,65-0,240,1,30,30,1
15519,65-0,240,1,30,50,0
15520,65-0,240,1,30,50,1
15521,65-0,240,1,30,70,0
15522,65-0,240,1,30,70,1
15523,65-0,240,1,30,80,0
15524,65-0,240,1,30,80,1
15525,65-0,240,1,30,100,0
15526,65-0,240,1,30,100,1
15527,65-0,240,1,50,0,0
15528,65-0,240,1,50,0,1
15529,65-0,240,1,50,20,0
15530,65-0,240,1,50,20,1
15531,65-0,240,1,50,30,0
15532,65-0,240,1,50,30,1
15533,65-0,240,1,50,50,0
15534,65-0,240,1,50,50,1
15535,65-0,240,1,50,70,0
15536,65-0,240,1,50,70,1
15537,65-0,240,1,50,80,0
15538,65-0,240,1,50,80,1
15539,65-0,240,1,50,100,0
15540,65-0,240,1,50,100,1
15541,65-0,240,1,70,0,0
15542,65-0,240,1,70,0,1
15543,65-0,240,1,70,20,0
15544,65-0,240,1,70,20,1
15545,65-0,240,1,70,30,0
15546,65-0,240,1,70,30,1
15547,65-0,240,1,70,50,0
15548,65-0,240,1,70,50,1
15549,65-0,240,1,70,70,0
15550,65-0,240,1,70,70,1
15551,65-0,240,1,70,80,0
15552,65-0,240,1,70,80,1
15553,65-0,240,1,70,100,0
15554,65-0,240,1,70,100,1
15555,65-0,240,1,80,0,0
15556,65-0,240,1,80,0,1
15557,65-0,240,1,80,20,0
15558,65-0,240,1,80,20,1
15559,65-0,240,1,80,30,0
15560,65-0,240,1,80,30,1
15561,65-0,240,1,80,50,0
15562,65-0,240,1,80,50,1
15563,65-0,240,1,80,70,0
15564,65-0,240,1,80,70,1
15565,65-0,240,1,80,80,0
15566,65-0,240,1,80,80,1
15567,65-0,240,1,80,100,0
15568,65-0,240,1,80,100,1
15569,65-0,240,1,100,0,0
15570,65-0,240,1,100,0,1
15571,65-0,240,1,100,20,0
15572,65-0,240,1,100,20,1
15573,65-0,240,1,100,30,0
15574,65-0,240,1,100,30,1
15575,65-0,240,1,100,50,0
15576,65-0,240,1,100,50,1
15577,65-0,240,1,100,70,0
15578,65-0,240,1,100,70,1
15579,65-0,240,1,100,80,0
15580,65-0,240,1,100,80,1
15581,65-0,240,1,100,100,0
15582,65-0,240,1,100,100,1
15583,65-0,240,5,0,0,0
15584,65-0,240,5,0,0,1
15585,65-0,240,5,0,20,0
15586,65-0,240,5,0,20,1
15587,65-0,240,5,0,30,0
15588,65-0,240,5,0,30,1
15589,65-0,240,5,0,50,0
15590,65-0,240,5,0,50,1
15591,65-0,240,5,0,70,0
15592,65-0,240,5,0,70,1
15593,65-0,240,5,0,80,0
15594,65-0,240,5,0,80,1
15595,65-0,240,5,0,100,0
15596,65-0,240,5,0,100,1
15597,65-0,240,5,20,0,0
15598,65-0,240,5,20,0,1
15599,65-0,240,5,20,20,0
15600,65-0,240,5,20,20,1
15601,65-0,240,5,20,30,0
15602,65-0,240,5,20,30,1
15603,65-0,240,5,20,50,0
15604,65-0,240,5,20,50,1
15605,65-0,240,5,20,70,0
15606,65-0,240,5,20,70,1
15607,65-0,240,5,20,80,0
15608,65-0,240,5,20,80,1
15609,65-0,240,5,20,100,0
15610,65-0,240,5,20,100,1
15611,65-0,240,5,30,0,0
15612,65-0,240,5,30,0,1
15613,65-0,240,5,30,20,0
15614,65-0,240,5,30,20,1
15615,65-0,240,5,30,30,0
15616,65-0,240,5,30,30,1
15617,65-0,240,5,30,50,0
15618,65-0,240,5,30,50,1
15619,65-0,240,5,30,70,0
15620,65-0,240,5,30,70,1
15621,65-0,240,5,30,80,0
15622,65-0,240,5,30,80,1
15623,65-0,240,5,30,100,0
15624,65-0,240,5,30,100,1
15625,65-0,240,5,50,0,0
15626,65-0,240,5,50,0,1
15627,65-0,240,5,50,20,0
15628,65-0,240,5,50,20,1
15629,65-0,240,5,50,30,0
15630,65-0,240,5,50,30,1
15631,65-0,240,5,50,50,0
15632,65-0,240,5,50,50,1
15633,65-0,240,5,50,70,0
15634,65-0,240,5,50,70,1
15635,65-0,240,5,50,80,0
15636,65-0,240,5,50,80,1
15637,65-0,240,5,50,100,0
15638,65-0,240,5,50,100,1
15639,65-0,240,5,70,0,0
15640,65-0,240,5,70,0,1
15641,65-0,240,5,70,20,0
15642,65-0,240,5,70,20,1
15643,65-0,240,5,70,30,0
15644,65-0,240,5,70,30,1
15645,65-0,240,5,70,50,0
15646,65-0,240,5,70,50,1
15647,65-0,240,5,70,70,0
15648,65-0,240,5,70,70,1
15649,65-0,240,5,70,80,0
15650,65-0,240,5,70,80,1
15651,65-0,240,5,70,100,0
15652,65-0,240,5,70,100,1
15653,65-0,240,5,80,0,0
15654,65-0,240,5,80,0,1
15655,65-0,240,5,80,20,0
15656,65-0,240,5,80,20,1
15657,65-0,240,5,80,30,0
15658,65-0,240,5,80,30,1
15659,65-0,240,5,80,50,0
15660,65-0,240,5,80,50,1
15661,65-0,240,5,80,70,0
15662,65-0,240,5,80,70,1
15663,65-0,240,5,80,80,0
15664,65-0,240,5,80,80,1
15665,65-0,240,5,80,100,0
15666,65-0,240,5,80,100,1
15667,65-0,240,5,100,0,0
15668,65-0,240,5,100,0,1
15669,65-0,240,5,100,20,0
15670,65-0,240,5,100,20,1
15671,65-0,240,5,100,30,0
15672,65-0,240,5,100,30,1
15673,65-0,240,5,100,50,0
15674,65-0,240,5,100,50,1
15675,65-0,240,5,100,70,0
15676,65-0,240,5,100,70,1
15677,65-0,240,5,100,80,0
15678,65-0,240,5,100,80,1
15679,65-0,240,5,100,100,0
15680,65-0,240,5,100,100,1
15681,65-0,260,0,0,0,0
15682,65-0,260,0,0,0,1
15683,65-0,260,0,0,20,0
15684,65-0,260,0,0,20,1
15685,65-0,260,0,0,30,0
15686,65-0,260,0,0,30,1
15687,65-0,260,0,0,50,0
15688,65-0,260,0,0,50,1
15689,65-0,260,0,0,70,0
15690,65-0,260,0,0,70,1
15691,65-0,260,0,0,80,0
15692,65-0,260,0,0,80,1
15693,65-0,260,0,0,100,0
15694,65-0,260,0,0,100,1
15695,65-0,260,0,20,0,0
15696,65-0,260,0,20,0,1
15697,65-0,260,0,20,20,0
15698,65-0,260,0,20,20,1
15699,65-0,260,0,20,30,0
15700,65-0,260,0,20,30,1
15701,65-0,260,0,20,50,0
15702,65-0,260,0,20,50,1
15703,65-0,260,0,20,70,0
15704,65-0,260,0,20,70,1
15705,65-0,260,0,20,80,0
15706,65-0,260,0,20,80,1
15707,65-0,260,0,20,100,0
15708,65-0,260,0,20,100,1
15709,65-0,260,0,30,0,0
15710,65-0,260,0,30,0,1
15711,65-0,260,0,30,20,0
15712,65-0,260,0,30,20,1
15713,65-0,260,0,30,30,0
15714,65-0,260,0,30,30,1
15715,65-0,260,0,30,50,0
15716,65-0,260,0,30,50,1
15717,65-0,260,0,30,70,0
15718,65-0,260,0,30,70,1
15719,65-0,260,0,30,80,0
15720,65-0,260,0,30,80,1
15721,65-0,260,0,30,100,0
15722,65-0,260,0,30,100,1
15723,65-0,260,0,50,0,0
15724,65-0,260,0,50,0,1
15725,65-0,260,0,50,20,0
15726,65-0,260,0,50,20,1
15727,65-0,260,0,50,30,0
15728,65-0,260,0,50,30,1
15729,65-0,260,0,50,50,0
15730,65-0,260,0,50,50,1
15731,65-0,260,0,50,70,0
15732,65-0,260,0,50,70,1
15733,65-0,260,0,50,80,0
15734,65-0,260,0,50,80,1
15735,65-0,260,0,50,100,0
15736,65-0,260,0,50,100,1
15737,65-0,260,0,70,0,0
15738,65-0,260,0,70,0,1
15739,65-0,260,0,70,20,0
15740,65-0,260,0,70,20,1
15741,65-0,260,0,70,30,0
15742,65-0,260,0,70,30,1
15743,65-0,260,0,70,50,0
15744,65-0,260,0,70,50,1
15745,65-0,260,0,70,70,0
15746,65-0,260,0,70,70,1
15747,65-0,260,0,70,80,0
15748,65-0,260,0,70,80,1
15749,65-0,260,0,70,100,0
15750,65-0,260,0,70,100,1
15751,65-0,260,0,80,0,0
15752,65-0,260,0,80,0,1
15753,65-0,260,0,80,20,0
15754,65-0,260,0,80,20,1
15755,65-0,260,0,80,30,0
15756,65-0,260,0,80,30,1
15757,65-0,260,0,80,50,0
15758,65-0,260,0,80,50,1
15759,65-0,260,0,80,70,0
15760,65-0,260,0,80,70,1
15761,65-0,260,0,80,80,0
15762,65-0,260,0,80,80,1
15763,65-0,260,0,80,100,0
15764,65-0,260,0,80,100,1
15765,65-0,260,0,100,0,0
15766,65-0,260,0,100,0,1
15767,65-0,260,0,100,20,0
15768,65-0,260,0,100,20,1
15769,65-0,260,0,100,30,0
15770,65-0,260,0,100,30,1
15771,65-0,260,0,100,50,0
15772,65-0,260,0,100,50,1
15773,65-0,260,0,100,70,0
15774,65-0,260,0,100,70,1
15775,65-0,260,0,100,80,0
15776,65-0,260,0,100,80,1
15777,65-0,260,0,100,100,0
15778,65-0,260,0,100,100,1
15779,65-0,260,75,0,0,0
15780,65-0,260,75,0,0,1
15781,65-0,260,75,0,20,0
15782,65-0,260,75,0,20,1
15783,65-0,260,75,0,30,0
15784,65-0,260,75,0,30,1
15785,65-0,260,75,0,50,0
15786,65-0,260,75,0,50,1
15787,65-0,260,75,0,70,0
15788,65-0,260,75,0,70,1
15789,65-0,260,75,0,80,0
15790,65-0,260,75,0,80,1
15791,65-0,260,75,0,100,0
15792,65-0,260,75,0,100,1
15793,65-0,260,75,20,0,0
15794,65-0,260,75,20,0,1
15795,65-0,260,75,20,20,0
15796,65-0,260,75,20,20,1
15797,65-0,260,75,20,30,0
15798,65-0,260,75,20,30,1
15799,65-0,260,75,20,50,0
15800,65-0,260,75,20,50,1
15801,65-0,260,75,20,70,0
15802,65-0,260,75,20,70,1
15803,65-0,260,75,20,80,0
15804,65-0,260,75,20,80,1
15805,65-0,260,75,20,100,0
15806,65-0,260,75,20,100,1
15807,65-0,260,75,30,0,0
15808,65-0,260,75,30,0,1
15809,65-0,260,75,30,20,0
15810,65-0,260,75,30,20,1
15811,65-0,260,75,30,30,0
15812,65-0,260,75,30,30,1
15813,65-0,260,75,30,50,0
15814,65-0,260,75,30,50,1
15815,65-0,260,75,30,70,0
15816,65-0,260,75,30,70,1
15817,65-0,260,75,30,80,0
15818,65-0,260,75,30,80,1
15819,65-0,260,75,30,100,0
15820,65-0,260,75,30,100,1
15821,65-0,260,75,50,0,0
15822,65-0,260,75,50,0,1
15823,65-0,260,75,50,20,0
15824,65-0,260,75,50,20,1
15825,65-0,260,75,50,30,0
15826,65-0,260,75,50,30,1
15827,65-0,260,75,50,50,0
15828,65-0,260,75,50,50,1
15829,65-0,260,75,50,70,0
15830,65-0,260,75,50,70,1
15831,65-0,260,75,50,80,0
15832,65-0,260,75,50,80,1
15833,65-0,260,75,50,100,0
15834,65-0,260,75,50,100,1
15835,65-0,260,75,70,0,0
15836,65-0,260,75,70,0,1
15837,65-0,260,75,70,20,0
15838,65-0,260,75,70,20,1
15839,65-0,260,75,70,30,0
15840,65-0,260,75,70,30,1
15841,65-0,260,75,70,50,0
15842,65-0,260,75,70,50,1
15843,65-0,260,75,70,70,0
15844,65-0,260,75,70,70,1
15845,65-0,260,75,70,80,0
15846,65-0,260,75,70,80,1
15847,65-0,260,75,70,100,0
15848,65-0,260,75,70,100,1
15849,65-0,260,75,80,0,0
15850,65-0,260,75,80,0,1
15851,65-0,260,75,80,20,0
15852,65-0,260,75,80,20,1
15853,65-0,260,75,80,30,0
15854,65-0,260,75,80,30,1
15855,65-0,260,75,80,50,0
15856,65-0,260,75,80,50,1
15857,65-0,260,75,80,70,0
15858,65-0,260,75,80,70,1
15859,65-0,260,75,80,80,0
15860,65-0,260,75,80,80,1
15861,65-0,260,75,80,100,0
15862,65-0,260,75,80,100,1
15863,65-0,260,75,100,0,0
15864,65-0,260,75,100,0,1
15865,65-0,260,75,100,20,0
15866,65-0,260,75,100,20,1
15867,65-0,260,75,100,30,0
15868,65-0,260,75,100,30,1
15869,65-0,260,75,100,50,0
15870,65-0,260,75,100,50,1
15871,65-0,260,75,100,70,0
15872,65-0,260,75,100,70,1
15873,65-0,260,75,100,80,0
15874,65-0,260,75,100,80,1
15875,65-0,260,75,100,100,0
15876,65-0,260,75,100,100,1
15877,65-0,260,1,0,0,0
15878,65-0,260,1,0,0,1
15879,65-0,260,1,0,20,0
15880,65-0,260,1,0,20,1
15881,65-0,260,1,0,30,0
15882,65-0,260,1,0,30,1
15883,65-0,260,1,0,50,0
15884,65-0,260,1,0,50,1
15885,65-0,260,1,0,70,0
15886,65-0,260,1,0,70,1
15887,65-0,260,1,0,80,0
15888,65-0,260,1,0,80,1
15889,65-0,260,1,0,100,0
15890,65-0,260,1,0,100,1
15891,65-0,260,1,20,0,0
15892,65-0,260,1,20,0,1
15893,65-0,260,1,20,20,0
15894,65-0,260,1,20,20,1
15895,65-0,260,1,20,30,0
15896,65-0,260,1,20,30,1
15897,65-0,260,1,20,50,0
15898,65-0,260,1,20,50,1
15899,65-0,260,1,20,70,0
15900,65-0,260,1,20,70,1
15901,65-0,260,1,20,80,0
15902,65-0,260,1,20,80,1
15903,65-0,260,1,20,100,0
15904,65-0,260,1,20,100,1
15905,65-0,260,1,30,0,0
15906,65-0,260,1,30,0,1
15907,65-0,260,1,30,20,0
15908,65-0,260,1,30,20,1
15909,65-0,260,1,30,30,0
15910,65-0,260,1,30,30,1
15911,65-0,260,1,30,50,0
15912,65-0,260,1,30,50,1
15913,65-0,260,1,30,70,0
15914,65-0,260,1,30,70,1
15915,65-0,260,1,30,80,0
15916,65-0,260,1,30,80,1
15917,65-0,260,1,30,100,0
15918,65-0,260,1,30,100,1
15919,65-0,260,1,50,0,0
15920,65-0,260,1,50,0,1
15921,65-0,260,1,50,20,0
15922,65-0,260,1,50,20,1
15923,65-0,260,1,50,30,0
15924,65-0,260,1,50,30,1
15925,65-0,260,1,50,50,0
15926,65-0,260,1,50,50,1
15927,65-0,260,1,50,70,0
15928,65-0,260,1,50,70,1
15929,65-0,260,1,50,80,0
15930,65-0,260,1,50,80,1
15931,65-0,260,1,50,100,0
15932,65-0,260,1,50,100,1
15933,65-0,260,1,70,0,0
15934,65-0,260,1,70,0,1
15935,65-0,260,1,70,20,0
15936,65-0,260,1,70,20,1
15937,65-0,260,1,70,30,0
15938,65-0,260,1,70,30,1
15939,65-0,260,1,70,50,0
15940,65-0,260,1,70,50,1
15941,65-0,260,1,70,70,0
15942,65-0,260,1,70,70,1
15943,65-0,260,1,70,80,0
15944,65-0,260,1,70,80,1
15945,65-0,260,1,70,100,0
15946,65-0,260,1,70,100,1
15947,65-0,260,1,80,0,0
15948,65-0,260,1,80,0,1
15949,65-0,260,1,80,20,0
15950,65-0,260,1,80,20,1
15951,65-0,260,1,80,30,0
15952,65-0,260,1,80,30,1
15953,65-0,260,1,80,50,0
15954,65-0,260,1,80,50,1
15955,65-0,260,1,80,70,0
15956,65-0,260,1,80,70,1
15957,65-0,260,1,80,80,0
15958,65-0,260,1,80,80,1
15959,65-0,260,1,80,100,0
15960,65-0,260,1,80,100,1
15961,65-0,260,1,100,0,0
15962,65-0,260,1,100,0,1
15963,65-0,260,1,100,20,0
15964,65-0,260,1,100,20,1
15965,65-0,260,1,100,30,0
15966,65-0,260,1,100,30,1
15967,65-0,260,1,100,50,0
15968,65-0,260,1,100,50,1
15969,65-0,260,1,100,70,0
15970,65-0,260,1,100,70,1
15971,65-0,260,1,100,80,0
15972,65-0,260,1,100,80,1
15973,65-0,260,1,100,100,0
15974,65-0,260,1,100,100,1
15975,65-0,260,1,0,0,0
15976,65-0,260,1,0,0,1
15977,65-0,260,1,0,20,0
15978,65-0,260,1,0,20,1
15979,65-0,260,1,0,30,0
15980,65-0,260,1,0,30,1
15981,65-0,260,1,0,50,0
15982,65-0,260,1,0,50,1
15983,65-0,260,1,0,70,0
15984,65-0,260,1,0,70,1
15985,65-0,260,1,0,80,0
15986,65-0,260,1,0,80,1
15987,65-0,260,1,0,100,0
15988,65-0,260,1,0,100,1
15989,65-0,260,1,20,0,0
15990,65-0,260,1,20,0,1
15991,65-0,260,1,20,20,0
15992,65-0,260,1,20,20,1
15993,65-0,260,1,20,30,0
15994,65-0,260,1,20,30,1
15995,65-0,260,1,20,50,0
15996,65-0,260,1,20,50,1
15997,65-0,260,1,20,70,0
15998,65-0,260,1,20,70,1
15999,65-0,260,1,20,80,0
16000,65-0,260,1,20,80,1
16001,65-0,260,1,20,100,0
16002,65-0,260,1,20,100,1
16003,65-0,260,1,30,0,0
16004,65-0,260,1,30,0,1
16005,65-0,260,1,30,20,0
16006,65-0,260,1,30,20,1
16007,65-0,260,1,30,30,0
16008,65-0,260,1,30,30,1
16009,65-0,260,1,30,50,0
16010,65-0,260,1,30,50,1
16011,65-0,260,1,30,70,0
16012,65-0,260,1,30,70,1
16013,65-0,260,1,30,80,0
16014,65-0,260,1,30,80,1
16015,65-0,260,1,30,100,0
16016,65-0,260,1,30,100,1
16017,65-0,260,1,50,0,0
16018,65-0,260,1,50,0,1
16019,65-0,260,1,50,20,0
16020,65-0,260,1,50,20,1
16021,65-0,260,1,50,30,0
16022,65-0,260,1,50,30,1
16023,65-0,260,1,50,50,0
16024,65-0,260,1,50,50,1
16025,65-0,260,1,50,70,0
16026,65-0,260,1,50,70,1
16027,65-0,260,1,50,80,0
16028,65-0,260,1,50,80,1
16029,65-0,260,1,50,100,0
16030,65-0,260,1,50,100,1
16031,65-0,260,1,70,0,0
16032,65-0,260,1,70,0,1
16033,65-0,260,1,70,20,0
16034,65-0,260,1,70,20,1
16035,65-0,260,1,70,30,0
16036,65-0,260,1,70,30,1
16037,65-0,260,1,70,50,0
16038,65-0,260,1,70,50,1
16039,65-0,260,1,70,70,0
16040,65-0,260,1,70,70,1
16041,65-0,260,1,70,80,0
16042,65-0,260,1,70,80,1
16043,65-0,260,1,70,100,0
16044,65-0,260,1,70,100,1
16045,65-0,260,1,80,0,0
16046,65-0,260,1,80,0,1
16047,65-0,260,1,80,20,0
16048,65-0,260,1,80,20,1
16049,65-0,260,1,80,30,0
16050,65-0,260,1,80,30,1
16051,65-0,260,1,80,50,0
16052,65-0,260,1,80,50,1
16053,65-0,260,1,80,70,0
16054,65-0,260,1,80,70,1
16055,65-0,260,1,80,80,0
16056,65-0,260,1,80,80,1
16057,65-0,260,1,80,100,0
16058,65-0,260,1,80,100,1
16059,65-0,260,1,100,0,0
16060,65-0,260,1,100,0,1
16061,65-0,260,1,100,20,0
16062,65-0,260,1,100,20,1
16063,65-0,260,1,100,30,0
16064,65-0,260,1,100,30,1
16065,65-0,260,1,100,50,0
16066,65-0,260,1,100,50,1
16067,65-0,260,1,100,70,0
16068,65-0,260,1,100,70,1
16069,65-0,260,1,100,80,0
16070,65-0,260,1,100,80,1
16071,65-0,260,1,100,100,0
16072,65-0,260,1,100,100,1
16073,65-0,260,5,0,0,0
16074,65-0,260,5,0,0,1
16075,65-0,260,5,0,20,0
16076,65-0,260,5,0,20,1
16077,65-0,260,5,0,30,0
16078,65-0,260,5,0,30,1
16079,65-0,260,5,0,50,0
16080,65-0,260,5,0,50,1
16081,65-0,260,5,0,70,0
16082,65-0,260,5,0,70,1
16083,65-0,260,5,0,80,0
16084,65-0,260,5,0,80,1
16085,65-0,260,5,0,100,0
16086,65-0,260,5,0,100,1
16087,65-0,260,5,20,0,0
16088,65-0,260,5,20,0,1
16089,65-0,260,5,20,20,0
16090,65-0,260,5,20,20,1
16091,65-0,260,5,20,30,0
16092,65-0,260,5,20,30,1
16093,65-0,260,5,20,50,0
16094,65-0,260,5,20,50,1
16095,65-0,260,5,20,70,0
16096,65-0,260,5,20,70,1
16097,65-0,260,5,20,80,0
16098,65-0,260,5,20,80,1
16099,65-0,260,5,20,100,0
16100,65-0,260,5,20,100,1
16101,65-0,260,5,30,0,0
16102,65-0,260,5,30,0,1
16103,65-0,260,5,30,20,0
16104,65-0,260,5,30,20,1
16105,65-0,260,5,30,30,0
16106,65-0,260,5,30,30,1
16107,65-0,260,5,30,50,0
16108,65-0,260,5,30,50,1
16109,65-0,260,5,30,70,0
16110,65-0,260,5,30,70,1
16111,65-0,260,5,30,80,0
16112,65-0,260,5,30,80,1
16113,65-0,260,5,30,100,0
16114,65-0,260,5,30,100,1
16115,65-0,260,5,50,0,0
16116,65-0,260,5,50,0,1
16117,65-0,260,5,50,20,0
16118,65-0,260,5,50,20,1
16119,65-0,260,5,50,30,0
16120,65-0,260,5,50,30,1
16121,65-0,260,5,50,50,0
16122,65-0,260,5,50,50,1
16123,65-0,260,5,50,70,0
16124,65-0,260,5,50,70,1
16125,65-0,260,5,50,80,0
16126,65-0,260,5,50,80,1
16127,65-0,260,5,50,100,0
16128,65-0,260,5,50,100,1
16129,65-0,260,5,70,0,0
16130,65-0,260,5,70,0,1
16131,65-0,260,5,70,20,0
16132,65-0,260,5,70,20,1
16133,65-0,260,5,70,30,0
16134,65-0,260,5,70,30,1
16135,65-0,260,5,70,50,0
16136,65-0,260,5,70,50,1
16137,65-0,260,5,70,70,0
16138,65-0,260,5,70,70,1
16139,65-0,260,5,70,80,0
16140,65-0,260,5,70,80,1
16141,65-0,260,5,70,100,0
16142,65-0,260,5,70,100,1
16143,65-0,260,5,80,0,0
16144,65-0,260,5,80,0,1
16145,65-0,260,5,80,20,0
16146,65-0,260,5,80,20,1
16147,65-0,260,5,80,30,0
16148,65-0,260,5,80,30,1
16149,65-0,260,5,80,50,0
16150,65-0,260,5,80,50,1
16151,65-0,260,5,80,70,0
16152,65-0,260,5,80,70,1
16153,65-0,260,5,80,80,0
16154,65-0,260,5,80,80,1
16155,65-0,260,5,80,100,0
16156,65-0,260,5,80,100,1
16157,65-0,260,5,100,0,0
16158,65-0,260,5,100,0,1
16159,65-0,260,5,100,20,0
16160,65-0,260,5,100,20,1
16161,65-0,260,5,100,30,0
16162,65-0,260,5,100,30,1
16163,65-0,260,5,100,50,0
16164,65-0,260,5,100,50,1
16165,65-0,260,5,100,70,0
16166,65-0,260,5,100,70,1
16167,65-0,260,5,100,80,0
16168,65-0,260,5,100,80,1
16169,65-0,260,5,100,100,0
16170,65-0,260,5,100,100,1
16171,65-0,280,0,0,0,0
16172,65-0,280,0,0,0,1
16173,65-0,280,0,0,20,0
16174,65-0,280,0,0,20,1
16175,65-0,280,0,0,30,0
16176,65-0,280,0,0,30,1
16177,65-0,280,0,0,50,0
16178,65-0,280,0,0,50,1
16179,65-0,280,0,0,70,0
16180,65-0,280,0,0,70,1
16181,65-0,280,0,0,80,0
16182,65-0,280,0,0,80,1
16183,65-0,280,0,0,100,0
16184,65-0,280,0,0,100,1
16185,65-0,280,0,20,0,0
16186,65-0,280,0,20,0,1
16187,65-0,280,0,20,20,0
16188,65-0,280,0,20,20,1
16189,65-0,280,0,20,30,0
16190,65-0,280,0,20,30,1
16191,65-0,280,0,20,50,0
16192,65-0,280,0,20,50,1
16193,65-0,280,0,20,70,0
16194,65-0,280,0,20,70,1
16195,65-0,280,0,20,80,0
16196,65-0,280,0,20,80,1
16197,65-0,280,0,20,100,0
16198,65-0,280,0,20,100,1
16199,65-0,280,0,30,0,0
16200,65-0,280,0,30,0,1
16201,65-0,280,0,30,20,0
16202,65-0,280,0,30,20,1
16203,65-0,280,0,30,30,0
16204,65-0,280,0,30,30,1
16205,65-0,280,0,30,50,0
16206,65-0,280,0,30,50,1
16207,65-0,280,0,30,70,0
16208,65-0,280,0,30,70,1
16209,65-0,280,0,30,80,0
16210,65-0,280,0,30,80,1
16211,65-0,280,0,30,100,0
16212,65-0,280,0,30,100,1
16213,65-0,280,0,50,0,0
16214,65-0,280,0,50,0,1
16215,65-0,280,0,50,20,0
16216,65-0,280,0,50,20,1
16217,65-0,280,0,50,30,0
16218,65-0,280,0,50,30,1
16219,65-0,280,0,50,50,0
16220,65-0,280,0,50,50,1
16221,65-0,280,0,50,70,0
16222,65-0,280,0,50,70,1
16223,65-0,280,0,50,80,0
16224,65-0,280,0,50,80,1
16225,65-0,280,0,50,100,0
16226,65-0,280,0,50,100,1
16227,65-0,280,0,70,0,0
16228,65-0,280,0,70,0,1
16229,65-0,280,0,70,20,0
16230,65-0,280,0,70,20,1
16231,65-0,280,0,70,30,0
16232,65-0,280,0,70,30,1
16233,65-0,280,0,70,50,0
16234,65-0,280,0,70,50,1
16235,65-0,280,0,70,70,0
16236,65-0,280,0,70,70,1
16237,65-0,280,0,70,80,0
16238,65-0,280,0,70,80,1
16239,65-0,280,0,70,100,0
16240,65-0,280,0,70,100,1
16241,65-0,280,0,80,0,0
16242,65-0,280,0,80,0,1
16243,65-0,280,0,80,20,0
16244,65-0,280,0,80,20,1
16245,65-0,280,0,80,30,0
16246,65-0,280,0,80,30,1
16247,65-0,280,0,80,50,0
16248,65-0,280,0,80,50,1
16249,65-0,280,0,80,70,0
16250,65-0,280,0,80,70,1
16251,65-0,280,0,80,80,0
16252,65-0,280,0,80,80,1
16253,65-0,280,0,80,100,0
16254,65-0,280,0,80,100,1
16255,65-0,280,0,100,0,0
16256,65-0,280,0,100,0,1
16257,65-0,280,0,100,20,0
16258,65-0,280,0,100,20,1
16259,65-0,280,0,100,30,0
16260,65-0,280,0,100,30,1
16261,65-0,280,0,100,50,0
16262,65-0,280,0,100,50,1
16263,65-0,280,0,100,70,0
16264,65-0,280,0,100,70,1
16265,65-0,280,0,100,80,0
16266,65-0,280,0,100,80,1
16267,65-0,280,0,100,100,0
16268,65-0,280,0,100,100,1
16269,65-0,280,75,0,0,0
16270,65-0,280,75,0,0,1
16271,65-0,280,75,0,20,0
16272,65-0,280,75,0,20,1
16273,65-0,280,75,0,30,0
16274,65-0,280,75,0,30,1
16275,65-0,280,75,0,50,0
16276,65-0,280,75,0,50,1
16277,65-0,280,75,0,70,0
16278,65-0,280,75,0,70,1
16279,65-0,280,75,0,80,0
16280,65-0,280,75,0,80,1
16281,65-0,280,75,0,100,0
16282,65-0,280,75,0,100,1
16283,65-0,280,75,20,0,0
16284,65-0,280,75,20,0,1
16285,65-0,280,75,20,20,0
16286,65-0,280,75,20,20,1
16287,65-0,280,75,20,30,0
16288,65-0,280,75,20,30,1
16289,65-0,280,75,20,50,0
16290,65-0,280,75,20,50,1
16291,65-0,280,75,20,70,0
16292,65-0,280,75,20,70,1
16293,65-0,280,75,20,80,0
16294,65-0,280,75,20,80,1
16295,65-0,280,75,20,100,0
16296,65-0,280,75,20,100,1
16297,65-0,280,75,30,0,0
16298,65-0,280,75,30,0,1
16299,65-0,280,75,30,20,0
16300,65-0,280,75,30,20,1
16301,65-0,280,75,30,30,0
16302,65-0,280,75,30,30,1
16303,65-0,280,75,30,50,0
16304,65-0,280,75,30,50,1
16305,65-0,280,75,30,70,0
16306,65-0,280,75,30,70,1
16307,65-0,280,75,30,80,0
16308,65-0,280,75,30,80,1
16309,65-0,280,75,30,100,0
16310,65-0,280,75,30,100,1
16311,65-0,280,75,50,0,0
16312,65-0,280,75,50,0,1
16313,65-0,280,75,50,20,0
16314,65-0,280,75,50,20,1
16315,65-0,280,75,50,30,0
16316,65-0,280,75,50,30,1
16317,65-0,280,75,50,50,0
16318,65-0,280,75,50,50,1
16319,65-0,280,75,50,70,0
16320,65-0,280,75,50,70,1
16321,65-0,280,75,50,80,0
16322,65-0,280,75,50,80,1
16323,65-0,280,75,50,100,0
16324,65-0,280,75,50,100,1
16325,65-0,280,75,70,0,0
16326,65-0,280,75,70,0,1
16327,65-0,280,75,70,20,0
16328,65-0,280,75,70,20,1
16329,65-0,280,75,70,30,0
16330,65-0,280,75,70,30,1
16331,65-0,280,75,70,50,0
16332,65-0,280,75,70,50,1
16333,65-0,280,75,70,70,0
16334,65-0,280,75,70,70,1
16335,65-0,280,75,70,80,0
16336,65-0,280,75,70,80,1
16337,65-0,280,75,70,100,0
16338,65-0,280,75,70,100,1
16339,65-0,280,75,80,0,0
16340,65-0,280,75,80,0,1
16341,65-0,280,75,80,20,0
16342,65-0,280,75,80,20,1
16343,65-0,280,75,80,30,0
16344,65-0,280,75,80,30,1
16345,65-0,280,75,80,50,0
16346,65-0,280,75,80,50,1
16347,65-0,280,75,80,70,0
16348,65-0,280,75,80,70,1
16349,65-0,280,75,80,80,0
16350,65-0,280,75,80,80,1
16351,65-0,280,75,80,100,0
16352,65-0,280,75,80,100,1
16353,65-0,280,75,100,0,0
16354,65-0,280,75,100,0,1
16355,65-0,280,75,100,20,0
16356,65-0,280,75,100,20,1
16357,65-0,280,75,100,30,0
16358,65-0,280,75,100,30,1
16359,65-0,280,75,100,50,0
16360,65-0,280,75,100,50,1
16361,65-0,280,75,100,70,0
16362,65-0,280,75,100,70,1
16363,65-0,280,75,100,80,0
16364,65-0,280,75,100,80,1
16365,65-0,280,75,100,100,0
16366,65-0,280,75,100,100,1
16367,65-0,280,1,0,0,0
16368,65-0,280,1,0,0,1
16369,65-0,280,1,0,20,0
16370,65-0,280,1,0,20,1
16371,65-0,280,1,0,30,0
16372,65-0,280,1,0,30,1
16373,65-0,280,1,0,50,0
16374,65-0,280,1,0,50,1
16375,65-0,280,1,0,70,0
16376,65-0,280,1,0,70,1
16377,65-0,280,1,0,80,0
16378,65-0,280,1,0,80,1
16379,65-0,280,1,0,100,0
16380,65-0,280,1,0,100,1
16381,65-0,280,1,20,0,0
16382,65-0,280,1,20,0,1
16383,65-0,280,1,20,20,0
16384,65-0,280,1,20,20,1
16385,65-0,280,1,20,30,0
16386,65-0,280,1,20,30,1
16387,65-0,280,1,20,50,0
16388,65-0,280,1,20,50,1
16389,65-0,280,1,20,70,0
16390,65-0,280,1,20,70,1
16391,65-0,280,1,20,80,0
16392,65-0,280,1,20,80,1
16393,65-0,280,1,20,100,0
16394,65-0,280,1,20,100,1
16395,65-0,280,1,30,0,0
16396,65-0,280,1,30,0,1
16397,65-0,280,1,30,20,0
16398,65-0,280,1,30,20,1
16399,65-0,280,1,30,30,0
16400,65-0,280,1,30,30,1
16401,65-0,280,1,30,50,0
16402,65-0,280,1,30,50,1
16403,65-0,280,1,30,70,0
16404,65-0,280,1,30,70,1
16405,65-0,280,1,30,80,0
16406,65-0,280,1,30,80,1
16407,65-0,280,1,30,100,0
16408,65-0,280,1,30,100,1
16409,65-0,280,1,50,0,0
16410,65-0,280,1,50,0,1
16411,65-0,280,1,50,20,0
16412,65-0,280,1,50,20,1
16413,65-0,280,1,50,30,0
16414,65-0,280,1,50,30,1
16415,65-0,280,1,50,50,0
16416,65-0,280,1,50,50,1
16417,65-0,280,1,50,70,0
16418,65-0,280,1,50,70,1
16419,65-0,280,1,50,80,0
16420,65-0,280,1,50,80,1
16421,65-0,280,1,50,100,0
16422,65-0,280,1,50,100,1
16423,65-0,280,1,70,0,0
16424,65-0,280,1,70,0,1
16425,65-0,280,1,70,20,0
16426,65-0,280,1,70,20,1
16427,65-0,280,1,70,30,0
16428,65-0,280,1,70,30,1
16429,65-0,280,1,70,50,0
16430,65-0,280,1,70,50,1
16431,65-0,280,1,70,70,0
16432,65-0,280,1,70,70,1
16433,65-0,280,1,70,80,0
16434,65-0,280,1,70,80,1
16435,65-0,280,1,70,100,0
16436,65-0,280,1,70,100,1
16437,65-0,280,1,80,0,0
16438,65-0,280,1,80,0,1
16439,65-0,280,1,80,20,0
16440,65-0,280,1,80,20,1
16441,65-0,280,1,80,30,0
16442,65-0,280,1,80,30,1
16443,65-0,280,1,80,50,0
16444,65-0,280,1,80,50,1
16445,65-0,280,1,80,70,0
16446,65-0,280,1,80,70,1
16447,65-0,280,1,80,80,0
16448,65-0,280,1,80,80,1
16449,65-0,280,1,80,100,0
16450,65-0,280,1,80,100,1
16451,65-0,280,1,100,0,0
16452,65-0,280,1,100,0,1
16453,65-0,280,1,100,20,0
16454,65-0,280,1,100,20,1
16455,65-0,280,1,100,30,0
16456,65-0,280,1,100,30,1
16457,65-0,280,1,100,50,0
16458,65-0,280,1,100,50,1
16459,65-0,280,1,100,70,0
16460,65-0,280,1,100,70,1
16461,65-0,280,1,100,80,0
16462,65-0,280,1,100,80,1
16463,65-0,280,1,100,100,0
16464,65-0,280,1,100,100,1
16465,65-0,280,1,0,0,0
16466,65-0,280,1,0,0,1
16467,65-0,280,1,0,20,0
16468,65-0,280,1,0,20,1
16469,65-0,280,1,0,30,0
16470,65-0,280,1,0,30,1
16471,65-0,280,1,0,50,0
16472,65-0,280,1,0,50,1
16473,65-0,280,1,0,70,0
16474,65-0,280,1,0,70,1
16475,65-0,280,1,0,80,0
16476,65-0,280,1,0,80,1
16477,65-0,280,1,0,100,0
16478,65-0,280,1,0,100,1
16479,65-0,280,1,20,0,0
16480,65-0,280,1,20,0,1
16481,65-0,280,1,20,20,0
16482,65-0,280,1,20,20,1
16483,65-0,280,1,20,30,0
16484,65-0,280,1,20,30,1
16485,65-0,280,1,20,50,0
16486,65-0,280,1,20,50,1
16487,65-0,280,1,20,70,0
16488,65-0,280,1,20,70,1
16489,65-0,280,1,20,80,0
16490,65-0,280,1,20,80,1
16491,65-0,280,1,20,100,0
16492,65-0,280,1,20,100,1
16493,65-0,280,1,30,0,0
16494,65-0,280,1,30,0,1
16495,65-0,280,1,30,20,0
16496,65-0,280,1,30,20,1
16497,65-0,280,1,30,30,0
16498,65-0,280,1,30,30,1
16499,65-0,280,1,30,50,0
16500,65-0,280,1,30,50,1
16501,65-0,280,1,30,70,0
16502,65-0,280,1,30,70,1
16503,65-0,280,1,30,80,0
16504,65-0,280,1,30,80,1
16505,65-0,280,1,30,100,0
16506,65-0,280,1,30,100,1
16507,65-0,280,1,50,0,0
16508,65-0,280,1,50,0,1
16509,65-0,280,1,50,20,0
16510,65-0,280,1,50,20,1
16511,65-0,280,1,50,30,0
16512,65-0,280,1,50,30,1
16513,65-0,280,1,50,50,0
16514,65-0,280,1,50,50,1
16515,65-0,280,1,50,70,0
16516,65-0,280,1,50,70,1
16517,65-0,280,1,50,80,0
16518,65-0,280,1,50,80,1
16519,65-0,280,1,50,100,0
16520,65-0,280,1,50,100,1
16521,65-0,280,1,70,0,0
16522,65-0,280,1,70,0,1
16523,65-0,280,1,70,20,0
16524,65-0,280,1,70,20,1
16525,65-0,280,1,70,30,0
16526,65-0,280,1,70,30,1
16527,65-0,280,1,70,50,0
16528,65-0,280,1,70,50,1
16529,65-0,280,1,70,70,0
16530,65-0,280,1,70,70,1
16531,65-0,280,1,70,80,0
16532,65-0,280,1,70,80,1
16533,65-0,280,1,70,100,0
16534,65-0,280,1,70,100,1
16535,65-0,280,1,80,0,0
16536,65-0,280,1,80,0,1
16537,65-0,280,1,80,20,0
16538,65-0,280,1,80,20,1
16539,65-0,280,1,80,30,0
16540,65-0,280,1,80,30,1
16541,65-0,280,1,80,50,0
16542,65-0,280,1,80,50,1
16543,65-0,280,1,80,70,0
16544,65-0,280,1,80,70,1
16545,65-0,280,1,80,80,0
16546,65-0,280,1,80,80,1
16547,65-0,280,1,80,100,0
16548,65-0,280,1,80,100,1
16549,65-0,280,1,100,0,0
16550,65-0,280,1,100,0,1
16551,65-0,280,1,100,20,0
16552,65-0,280,1,100,20,1
16553,65-0,280,1,100,30,0
16554,65-0,280,1,100,30,1
16555,65-0,280,1,100,50,0
16556,65-0,280,1,100,50,1
16557,65-0,280,1,100,70,0
16558,65-0,280,1,100,70,1
16559,65-0,280,1,100,80,0
16560,65-0,280,1,100,80,1
16561,65-0,280,1,100,100,0
16562,65-0,280,1,100,100,1
16563,65-0,280,5,0,0,0
16564,65-0,280,5,0,0,1
16565,65-0,280,5,0,20,0
16566,65-0,280,5,0,20,1
16567,65-0,280,5,0,30,0
16568,65-0,280,5,0,30,1
16569,65-0,280,5,0,50,0
16570,65-0,280,5,0,50,1
16571,65-0,280,5,0,70,0
16572,65-0,280,5,0,70,1
16573,65-0,280,5,0,80,0
16574,65-0,280,5,0,80,1
16575,65-0,280,5,0,100,0
16576,65-0,280,5,0,100,1
16577,65-0,280,5,20,0,0
16578,65-0,280,5,20,0,1
16579,65-0,280,5,20,20,0
16580,65-0,280,5,20,20,1
16581,65-0,280,5,20,30,0
16582,65-0,280,5,20,30,1
16583,65-0,280,5,20,50,0
16584,65-0,280,5,20,50,1
16585,65-0,280,5,20,70,0
16586,65-0,280,5,20,70,1
16587,65-0,280,5,20,80,0
16588,65-0,280,5,20,80,1
16589,65-0,280,5,20,100,0
16590,65-0,280,5,20,100,1
16591,65-0,280,5,30,0,0
16592,65-0,280,5,30,0,1
16593,65-0,280,5,30,20,0
16594,65-0,280,5,30,20,1
16595,65-0,280,5,30,30,0
16596,65-0,280,5,30,30,1
16597,65-0,280,5,30,50,0
16598,65-0,280,5,30,50,1
16599,65-0,280,5,30,70,0
16600,65-0,280,5,30,70,1
16601,65-0,280,5,30,80,0
16602,65-0,280,5,30,80,1
16603,65-0,280,5,30,100,0
16604,65-0,280,5,30,100,1
16605,65-0,280,5,50,0,0
16606,65-0,280,5,50,0,1
16607,65-0,280,5,50,20,0
16608,65-0,280,5,50,20,1
16609,65-0,280,5,50,30,0
16610,65-0,280,5,50,30,1
16611,65-0,280,5,50,50,0
16612,65-0,280,5,50,50,1
16613,65-0,280,5,50,70,0
16614,65-0,280,5,50,70,1
16615,65-0,280,5,50,80,0
16616,65-0,280,5,50,80,1
16617,65-0,280,5,50,100,0
16618,65-0,280,5,50,100,1
16619,65-0,280,5,70,0,0
16620,65-0,280,5,70,0,1
16621,65-0,280,5,70,20,0
16622,65-0,280,5,70,20,1
16623,65-0,280,5,70,30,0
16624,65-0,280,5,70,30,1
16625,65-0,280,5,70,50,0
16626,65-0,280,5,70,50,1
16627,65-0,280,5,70,70,0
16628,65-0,280,5,70,70,1
16629,65-0,280,5,70,80,0
16630,65-0,280,5,70,80,1
16631,65-0,280,5,70,100,0
16632,65-0,280,5,70,100,1
16633,65-0,280,5,80,0,0
16634,65-0,280,5,80,0,1
16635,65-0,280,5,80,20,0
16636,65-0,280,5,80,20,1
16637,65-0,280,5,80,30,0
16638,65-0,280,5,80,30,1
16639,65-0,280,5,80,50,0
16640,65-0,280,5,80,50,1
16641,65-0,280,5,80,70,0
16642,65-0,280,5,80,70,1
16643,65-0,280,5,80,80,0
16644,65-0,280,5,80,80,1
16645,65-0,280,5,80,100,0
16646,65-0,280,5,80,100,1
16647,65-0,280,5,100,0,0
16648,65-0,280,5,100,0,1
16649,65-0,280,5,100,20,0
16650,65-0,280,5,100,20,1
16651,65-0,280,5,100,30,0
16652,65-0,280,5,100,30,1
16653,65-0,280,5,100,50,0
16654,65-0,280,5,100,50,1
16655,65-0,280,5,100,70,0
16656,65-0,280,5,100,70,1
16657,65-0,280,5,100,80,0
16658,65-0,280,5,100,80,1
16659,65-0,280,5,100,100,0
16660,65-0,280,5,100,100,1
16661,65-0,300,0,0,0,0
16662,65-0,300,0,0,0,1
16663,65-0,300,0,0,20,0
16664,65-0,300,0,0,20,1
16665,65-0,300,0,0,30,0
16666,65-0,300,0,0,30,1
16667,65-0,300,0,0,50,0
16668,65-0,300,0,0,50,1
16669,65-0,300,0,0,70,0
16670,65-0,300,0,0,70,1
16671,65-0,300,0,0,80,0
16672,65-0,300,0,0,80,1
16673,65-0,300,0,0,100,0
16674,65-0,300,0,0,100,1
16675,65-0,300,0,20,0,0
16676,65-0,300,0,20,0,1
16677,65-0,300,0,20,20,0
16678,65-0,300,0,20,20,1
16679,65-0,300,0,20,30,0
16680,65-0,300,0,20,30,1
16681,65-0,300,0,20,50,0
16682,65-0,300,0,20,50,1
16683,65-0,300,0,20,70,0
16684,65-0,300,0,20,70,1
16685,65-0,300,0,20,80,0
16686,65-0,300,0,20,80,1
16687,65-0,300,0,20,100,0
16688,65-0,300,0,20,100,1
16689,65-0,300,0,30,0,0
16690,65-0,300,0,30,0,1
16691,65-0,300,0,30,20,0
16692,65-0,300,0,30,20,1
16693,65-0,300,0,30,30,0
16694,65-0,300,0,30,30,1
16695,65-0,300,0,30,50,0
16696,65-0,300,0,30,50,1
16697,65-0,300,0,30,70,0
16698,65-0,300,0,30,70,1
16699,65-0,300,0,30,80,0
16700,65-0,300,0,30,80,1
16701,65-0,300,0,30,100,0
16702,65-0,300,0,30,100,1
16703,65-0,300,0,50,0,0
16704,65-0,300,0,50,0,1
16705,65-0,300,0,50,20,0
16706,65-0,300,0,50,20,1
16707,65-0,300,0,50,30,0
16708,65-0,300,0,50,30,1
16709,65-0,300,0,50,50,0
16710,65-0,300,0,50,50,1
16711,65-0,300,0,50,70,0
16712,65-0,300,0,50,70,1
16713,65-0,300,0,50,80,0
16714,65-0,300,0,50,80,1
16715,65-0,300,0,50,100,0
16716,65-0,300,0,50,100,1
16717,65-0,300,0,70,0,0
16718,65-0,300,0,70,0,1
16719,65-0,300,0,70,20,0
16720,65-0,300,0,70,20,1
16721,65-0,300,0,70,30,0
16722,65-0,300,0,70,30,1
16723,65-0,300,0,70,50,0
16724,65-0,300,0,70,50,1
16725,65-0,300,0,70,70,0
16726,65-0,300,0,70,70,1
16727,65-0,300,0,70,80,0
16728,65-0,300,0,70,80,1
16729,65-0,300,0,70,100,0
16730,65-0,300,0,70,100,1
16731,65-0,300,0,80,0,0
16732,65-0,300,0,80,0,1
16733,65-0,300,0,80,20,0
16734,65-0,300,0,80,20,1
16735,65-0,300,0,80,30,0
16736,65-0,300,0,80,30,1
16737,65-0,300,0,80,50,0
16738,65-0,300,0,80,50,1
16739,65-0,300,0,80,70,0
16740,65-0,300,0,80,70,1
16741,65-0,300,0,80,80,0
16742,65-0,300,0,80,80,1
16743,65-0,300,0,80,100,0
16744,65-0,300,0,80,100,1
16745,65-0,300,0,100,0,0
16746,65-0,300,0,100,0,1
16747,65-0,300,0,100,20,0
16748,65-0,300,0,100,20,1
16749,65-0,300,0,100,30,0
16750,65-0,300,0,100,30,1
16751,65-0,300,0,100,50,0
16752,65-0,300,0,100,50,1
16753,65-0,300,0,100,70,0
16754,65-0,300,0,100,70,1
16755,65-0,300,0,100,80,0
16756,65-0,300,0,100,80,1
16757,65-0,300,0,100,100,0
16758,65-0,300,0,100,100,1
16759,65-0,300,75,0,0,0
16760,65-0,300,75,0,0,1
16761,65-0,300,75,0,20,0
16762,65-0,300,75,0,20,1
16763,65-0,300,75,0,30,0
16764,65-0,300,75,0,30,1
16765,65-0,300,75,0,50,0
16766,65-0,300,75,0,50,1
16767,65-0,300,75,0,70,0
16768,65-0,300,75,0,70,1
16769,65-0,300,75,0,80,0
16770,65-0,300,75,0,80,1
16771,65-0,300,75,0,100,0
16772,65-0,300,75,0,100,1
16773,65-0,300,75,20,0,0
16774,65-0,300,75,20,0,1
16775,65-0,300,75,20,20,0
16776,65-0,300,75,20,20,1
16777,65-0,300,75,20,30,0
16778,65-0,300,75,20,30,1
16779,65-0,300,75,20,50,0
16780,65-0,300,75,20,50,1
16781,65-0,300,75,20,70,0
16782,65-0,300,75,20,70,1
16783,65-0,300,75,20,80,0
16784,65-0,300,75,20,80,1
16785,65-0,300,75,20,100,0
16786,65-0,300,75,20,100,1
16787,65-0,300,75,30,0,0
16788,65-0,300,75,30,0,1
16789,65-0,300,75,30,20,0
16790,65-0,300,75,30,20,1
16791,65-0,300,75,30,30,0
16792,65-0,300,75,30,30,1
16793,65-0,300,75,30,50,0
16794,65-0,300,75,30,50,1
16795,65-0,300,75,30,70,0
16796,65-0,300,75,30,70,1
16797,65-0,300,75,30,80,0
16798,65-0,300,75,30,80,1
16799,65-0,300,75,30,100,0
16800,65-0,300,75,30,100,1
16801,65-0,300,75,50,0,0
16802,65-0,300,75,50,0,1
16803,65-0,300,75,50,20,0
16804,65-0,300,75,50,20,1
16805,65-0,300,75,50,30,0
16806,65-0,300,75,50,30,1
16807,65-0,300,75,50,50,0
16808,65-0,300,75,50,50,1
16809,65-0,300,75,50,70,0
16810,65-0,300,75,50,70,1
16811,65-0,300,75,50,80,0
16812,65-0,300,75,50,80,1
16813,65-0,300,75,50,100,0
16814,65-0,300,75,50,100,1
16815,65-0,300,75,70,0,0
16816,65-0,300,75,70,0,1
16817,65-0,300,75,70,20,0
16818,65-0,300,75,70,20,1
16819,65-0,300,75,70,30,0
16820,65-0,300,75,70,30,1
16821,65-0,300,75,70,50,0
16822,65-0,300,75,70,50,1
16823,65-0,300,75,70,70,0
16824,65-0,300,75,70,70,1
16825,65-0,300,75,70,80,0
16826,65-0,300,75,70,80,1
16827,65-0,300,75,70,100,0
16828,65-0,300,75,70,100,1
16829,65-0,300,75,80,0,0
16830,65-0,300,75,80,0,1
16831,65-0,300,75,80,20,0
16832,65-0,300,75,80,20,1
16833,65-0,300,75,80,30,0
16834,65-0,300,75,80,30,1
16835,65-0,300,75,80,50,0
16836,65-0,300,75,80,50,1
16837,65-0,300,75,80,70,0
16838,65-0,300,75,80,70,1
16839,65-0,300,75,80,80,0
16840,65-0,300,75,80,80,1
16841,65-0,300,75,80,100,0
16842,65-0,300,75,80,100,1
16843,65-0,300,75,100,0,0
16844,65-0,300,75,100,0,1
16845,65-0,300,75,100,20,0
16846,65-0,300,75,100,20,1
16847,65-0,300,75,100,30,0
16848,65-0,300,75,100,30,1
16849,65-0,300,75,100,50,0
16850,65-0,300,75,100,50,1
16851,65-0,300,75,100,70,0
16852,65-0,300,75,100,70,1
16853,65-0,300,75,100,80,0
16854,65-0,300,75,100,80,1
16855,65-0,300,75,100,100,0
16856,65-0,300,75,100,100,1
16857,65-0,300,1,0,0,0
16858,65-0,300,1,0,0,1
16859,65-0,300,1,0,20,0
16860,65-0,300,1,0,20,1
16861,65-0,300,1,0,30,0
16862,65-0,300,1,0,30,1
16863,65-0,300,1,0,50,0
16864,65-0,300,1,0,50,1
16865,65-0,300,1,0,70,0
16866,65-0,300,1,0,70,1
16867,65-0,300,1,0,80,0
16868,65-0,300,1,0,80,1
16869,65-0,300,1,0,100,0
16870,65-0,300,1,0,100,1
16871,65-0,300,1,20,0,0
16872,65-0,300,1,20,0,1
16873,65-0,300,1,20,20,0
16874,65-0,300,1,20,20,1
16875,65-0,300,1,20,30,0
16876,65-0,300,1,20,30,1
16877,65-0,300,1,20,50,0
16878,65-0,300,1,20,50,1
16879,65-0,300,1,20,70,0
16880,65-0,300,1,20,70,1
16881,65-0,300,1,20,80,0
16882,65-0,300,1,20,80,1
16883,65-0,300,1,20,100,0
16884,65-0,300,1,20,100,1
16885,65-0,300,1,30,0,0
16886,65-0,300,1,30,0,1
16887,65-0,300,1,30,20,0
16888,65-0,300,1,30,20,1
16889,65-0,300,1,30,30,0
16890,65-0,300,1,30,30,1
16891,65-0,300,1,30,50,0
16892,65-0,300,1,30,50,1
16893,65-0,300,1,30,70,0
16894,65-0,300,1,30,70,1
16895,65-0,300,1,30,80,0
16896,65-0,300,1,30,80,1
16897,65-0,300,1,30,100,0
16898,65-0,300,1,30,100,1
16899,65-0,300,1,50,0,0
16900,65-0,300,1,50,0,1
16901,65-0,300,1,50,20,0
16902,65-0,300,1,50,20,1
16903,65-0,300,1,50,30,0
16904,65-0,300,1,50,30,1
16905,65-0,300,1,50,50,0
16906,65-0,300,1,50,50,1
16907,65-0,300,1,50,70,0
16908,65-0,300,1,50,70,1
16909,65-0,300,1,50,80,0
16910,65-0,300,1,50,80,1
16911,65-0,300,1,50,100,0
16912,65-0,300,1,50,100,1
16913,65-0,300,1,70,0,0
16914,65-0,300,1,70,0,1
16915,65-0,300,1,70,20,0
16916,65-0,300,1,70,20,1
16917,65-0,300,1,70,30,0
16918,65-0,300,1,70,30,1
16919,65-0,300,1,70,50,0
16920,65-0,300,1,70,50,1
16921,65-0,300,1,70,70,0
16922,65-0,300,1,70,70,1
16923,65-0,300,1,70,80,0
16924,65-0,300,1,70,80,1
16925,65-0,300,1,70,100,0
16926,65-0,300,1,70,100,1
16927,65-0,300,1,80,0,0
16928,65-0,300,1,80,0,1
16929,65-0,300,1,80,20,0
16930,65-0,300,1,80,20,1
16931,65-0,300,1,80,30,0
16932,65-0,300,1,80,30,1
16933,65-0,300,1,80,50,0
16934,65-0,300,1,80,50,1
16935,65-0,300,1,80,70,0
16936,65-0,300,1,80,70,1
16937,65-0,300,1,80,80,0
16938,65-0,300,1,80,80,1
16939,65-0,300,1,80,100,0
16940,65-0,300,1,80,100,1
16941,65-0,300,1,100,0,0
16942,65-0,300,1,100,0,1
16943,65-0,300,1,100,20,0
16944,65-0,300,1,100,20,1
16945,65-0,300,1,100,30,0
16946,65-0,300,1,100,30,1
16947,65-0,300,1,100,50,0
16948,65-0,300,1,100,50,1
16949,65-0,300,1,100,70,0
16950,65-0,300,1,100,70,1
16951,65-0,300,1,100,80,0
16952,65-0,300,1,100,80,1
16953,65-0,300,1,100,100,0
16954,65-0,300,1,100,100,1
16955,65-0,300,1,0,0,0
16956,65-0,300,1,0,0,1
16957,65-0,300,1,0,20,0
16958,65-0,300,1,0,20,1
16959,65-0,300,1,0,30,0
16960,65-0,300,1,0,30,1
16961,65-0,300,1,0,50,0
16962,65-0,300,1,0,50,1
16963,65-0,300,1,0,70,0
16964,65-0,300,1,0,70,1
16965,65-0,300,1,0,80,0
16966,65-0,300,1,0,80,1
16967,65-0,300,1,0,100,0
16968,65-0,300,1,0,100,1
16969,65-0,300,1,20,0,0
16970,65-0,300,1,20,0,1
16971,65-0,300,1,20,20,0
16972,65-0,300,1,20,20,1
16973,65-0,300,1,20,30,0
16974,65-0,300,1,20,30,1
16975,65-0,300,1,20,50,0
16976,65-0,300,1,20,50,1
16977,65-0,300,1,20,70,0
16978,65-0,300,1,20,70,1
16979,65-0,300,1,20,80,0
16980,65-0,300,1,20,80,1
16981,65-0,300,1,20,100,0
16982,65-0,300,1,20,100,1
16983,65-0,300,1,30,0,0
16984,65-0,300,1,30,0,1
16985,65-0,300,1,30,20,0
16986,65-0,300,1,30,20,1
16987,65-0,300,1,30,30,0
16988,65-0,300,1,30,30,1
16989,65-0,300,1,30,50,0
16990,65-0,300,1,30,50,1
16991,65-0,300,1,30,70,0
16992,65-0,300,1,30,70,1
16993,65-0,300,1,30,80,0
16994,65-0,300,1,30,80,1
16995,65-0,300,1,30,100,0
16996,65-0,300,1,30,100,1
16997,65-0,300,1,50,0,0
16998,65-0,300,1,50,0,1
16999,65-0,300,1,50,20,0
17000,65-0,300,1,50,20,1
17001,65-0,300,1,50,30,0
17002,65-0,300,1,50,30,1
17003,65-0,300,1,50,50,0
17004,65-0,300,1,50,50,1
17005,65-0,300,1,50,70,0
17006,65-0,300,1,50,70,1
17007,65-0,300,1,50,80,0
17008,65-0,300,1,50,80,1
17009,65-0,300,1,50,100,0
17010,65-0,300,1,50,100,1
17011,65-0,300,1,70,0,0
17012,65-0,300,1,70,0,1
17013,65-0,300,1,70,20,0
17014,65-0,300,1,70,20,1
17015,65-0,300,1,70,30,0
17016,65-0,300,1,70,30,1
17017,65-0,300,1,70,50,0
17018,65-0,300,1,70,50,1
17019,65-0,300,1,70,70,0
17020,65-0,300,1,70,70,1
17021,65-0,300,1,70,80,0
17022,65-0,300,1,70,80,1
17023,65-0,300,1,70,100,0
17024,65-0,300,1,70,100,1
17025,65-0,300,1,80,0,0
17026,65-0,300,1,80,0,1
17027,65-0,300,1,80,20,0
17028,65-0,300,1,80,20,1
17029,65-0,300,1,80,30,0
17030,65-0,300,1,80,30,1
17031,65-0,300,1,80,50,0
17032,65-0,300,1,80,50,1
17033,65-0,300,1,80,70,0
17034,65-0,300,1,80,70,1
17035,65-0,300,1,80,80,0
17036,65-0,300,1,80,80,1
17037,65-0,300,1,80,100,0
17038,65-0,300,1,80,100,1
17039,65-0,300,1,100,0,0
17040,65-0,300,1,100,0,1
17041,65-0,300,1,100,20,0
17042,65-0,300,1,100,20,1
17043,65-0,300,1,100,30,0
17044,65-0,300,1,100,30,1
17045,65-0,300,1,100,50,0
17046,65-0,300,1,100,50,1
17047,65-0,300,1,100,70,0
17048,65-0,300,1,100,70,1
17049,65-0,300,1,100,80,0
17050,65-0,300,1,100,80,1
17051,65-0,300,1,100,100,0
17052,65-0,300,1,100,100,1
17053,65-0,300,5,0,0,0
17054,65-0,300,5,0,0,1
17055,65-0,300,5,0,20,0
17056,65-0,300,5,0,20,1
17057,65-0,300,5,0,30,0
17058,65-0,300,5,0,30,1
17059,65-0,300,5,0,50,0
17060,65-0,300,5,0,50,1
17061,65-0,300,5,0,70,0
17062,65-0,300,5,0,70,1
17063,65-0,300,5,0,80,0
17064,65-0,300,5,0,80,1
17065,65-0,300,5,0,100,0
17066,65-0,300,5,0,100,1
17067,65-0,300,5,20,0,0
17068,65-0,300,5,20,0,1
17069,65-0,300,5,20,20,0
17070,65-0,300,5,20,20,1
17071,65-0,300,5,20,30,0
17072,65-0,300,5,20,30,1
17073,65-0,300,5,20,50,0
17074,65-0,300,5,20,50,1
17075,65-0,300,5,20,70,0
17076,65-0,300,5,20,70,1
17077,65-0,300,5,20,80,0
17078,65-0,300,5,20,80,1
17079,65-0,300,5,20,100,0
17080,65-0,300,5,20,100,1
17081,65-0,300,5,30,0,0
17082,65-0,300,5,30,0,1
17083,65-0,300,5,30,20,0
17084,65-0,300,5,30,20,1
17085,65-0,300,5,30,30,0
17086,65-0,300,5,30,30,1
17087,65-0,300,5,30,50,0
17088,65-0,300,5,30,50,1
17089,65-0,300,5,30,70,0
17090,65-0,300,5,30,70,1
17091,65-0,300,5,30,80,0
17092,65-0,300,5,30,80,1
17093,65-0,300,5,30,100,0
17094,65-0,300,5,30,100,1
17095,65-0,300,5,50,0,0
17096,65-0,300,5,50,0,1
17097,65-0,300,5,50,20,0
17098,65-0,300,5,50,20,1
17099,65-0,300,5,50,30,0
17100,65-0,300,5,50,30,1
17101,65-0,300,5,50,50,0
17102,65-0,300,5,50,50,1
17103,65-0,300,5,50,70,0
17104,65-0,300,5,50,70,1
17105,65-0,300,5,50,80,0
17106,65-0,300,5,50,80,1
17107,65-0,300,5,50,100,0
17108,65-0,300,5,50,100,1
17109,65-0,300,5,70,0,0
17110,65-0,300,5,70,0,1
17111,65-0,300,5,70,20,0
17112,65-0,300,5,70,20,1
17113,65-0,300,5,70,30,0
17114,65-0,300,5,70,30,1
17115,65-0,300,5,70,50,0
17116,65-0,300,5,70,50,1
17117,65-0,300,5,70,70,0
17118,65-0,300,5,70,70,1
17119,65-0,300,5,70,80,0
17120,65-0,300,5,70,80,1
17121,65-0,300,5,70,100,0
17122,65-0,300,5,70,100,1
17123,65-0,300,5,80,0,0
17124,65-0,300,5,80,0,1
17125,65-0,300,5,80,20,0
17126,65-0,300,5,80,20,1
17127,65-0,300,5,80,30,0
17128,65-0,300,5,80,30,1
17129,65-0,300,5,80,50,0
17130,65-0,300,5,80,50,1
17131,65-0,300,5,80,70,0
17132,65-0,300,5,80,70,1
17133,65-0,300,5,80,80,0
17134,65-0,300,5,80,80,1
17135,65-0,300,5,80,100,0
17136,65-0,300,5,80,100,1
17137,65-0,300,5,100,0,0
17138,65-0,300,5,100,0,1
17139,65-0,300,5,100,20,0
17140,65-0,300,5,100,20,1
17141,65-0,300,5,100,30,0
17142,65-0,300,5,100,30,1
17143,65-0,300,5,100,50,0
17144,65-0,300,5,100,50,1
17145,65-0,300,5,100,70,0
17146,65-0,300,5,100,70,1
17147,65-0,300,5,100,80,0
17148,65-0,300,5,100,80,1
17149,65-0,300,5,100,100,0
17150,65-0,300,5,100,100,1
17151,65-0,320,0,0,0,0
17152,65-0,320,0,0,0,1
17153,65-0,320,0,0,20,0
17154,65-0,320,0,0,20,1
17155,65-0,320,0,0,30,0
17156,65-0,320,0,0,30,1
17157,65-0,320,0,0,50,0
17158,65-0,320,0,0,50,1
17159,65-0,320,0,0,70,0
17160,65-0,320,0,0,70,1
17161,65-0,320,0,0,80,0
17162,65-0,320,0,0,80,1
17163,65-0,320,0,0,100,0
17164,65-0,320,0,0,100,1
17165,65-0,320,0,20,0,0
17166,65-0,320,0,20,0,1
17167,65-0,320,0,20,20,0
17168,65-0,320,0,20,20,1
17169,65-0,320,0,20,30,0
17170,65-0,320,0,20,30,1
17171,65-0,320,0,20,50,0
17172,65-0,320,0,20,50,1
17173,65-0,320,0,20,70,0
17174,65-0,320,0,20,70,1
17175,65-0,320,0,20,80,0
17176,65-0,320,0,20,80,1
17177,65-0,320,0,20,100,0
17178,65-0,320,0,20,100,1
17179,65-0,320,0,30,0,0
17180,65-0,320,0,30,0,1
17181,65-0,320,0,30,20,0
17182,65-0,320,0,30,20,1
17183,65-0,320,0,30,30,0
17184,65-0,320,0,30,30,1
17185,65-0,320,0,30,50,0
17186,65-0,320,0,30,50,1
17187,65-0,320,0,30,70,0
17188,65-0,320,0,30,70,1
17189,65-0,320,0,30,80,0
17190,65-0,320,0,30,80,1
17191,65-0,320,0,30,100,0
17192,65-0,320,0,30,100,1
17193,65-0,320,0,50,0,0
17194,65-0,320,0,50,0,1
17195,65-0,320,0,50,20,0
17196,65-0,320,0,50,20,1
17197,65-0,320,0,50,30,0
17198,65-0,320,0,50,30,1
17199,65-0,320,0,50,50,0
17200,65-0,320,0,50,50,1
17201,65-0,320,0,50,70,0
17202,65-0,320,0,50,70,1
17203,65-0,320,0,50,80,0
17204,65-0,320,0,50,80,1
17205,65-0,320,0,50,100,0
17206,65-0,320,0,50,100,1
17207,65-0,320,0,70,0,0
17208,65-0,320,0,70,0,1
17209,65-0,320,0,70,20,0
17210,65-0,320,0,70,20,1
17211,65-0,320,0,70,30,0
17212,65-0,320,0,70,30,1
17213,65-0,320,0,70,50,0
17214,65-0,320,0,70,50,1
17215,65-0,320,0,70,70,0
17216,65-0,320,0,70,70,1
17217,65-0,320,0,70,80,0
17218,65-0,320,0,70,80,1
17219,65-0,320,0,70,100,0
17220,65-0,320,0,70,100,1
17221,65-0,320,0,80,0,0
17222,65-0,320,0,80,0,1
17223,65-0,320,0,80,20,0
17224,65-0,320,0,80,20,1
17225,65-0,320,0,80,30,0
17226,65-0,320,0,80,30,1
17227,65-0,320,0,80,50,0
17228,65-0,320,0,80,50,1
17229,65-0,320,0,80,70,0
17230,65-0,320,0,80,70,1
17231,65-0,320,0,80,80,0
17232,65-0,320,0,80,80,1
17233,65-0,320,0,80,100,0
17234,65-0,320,0,80,100,1
17235,65-0,320,0,100,0,0
17236,65-0,320,0,100,0,1
17237,65-0,320,0,100,20,0
17238,65-0,320,0,100,20,1
17239,65-0,320,0,100,30,0
17240,65-0,320,0,100,30,1
17241,65-0,320,0,100,50,0
17242,65-0,320,0,100,50,1
17243,65-0,320,0,100,70,0
17244,65-0,320,0,100,70,1
17245,65-0,320,0,100,80,0
17246,65-0,320,0,100,80,1
17247,65-0,320,0,100,100,0
17248,65-0,320,0,100,100,1
17249,65-0,320,75,0,0,0
17250,65-0,320,75,0,0,1
17251,65-0,320,75,0,20,0
17252,65-0,320,75,0,20,1
17253,65-0,320,75,0,30,0
17254,65-0,320,75,0,30,1
17255,65-0,320,75,0,50,0
17256,65-0,320,75,0,50,1
17257,65-0,320,75,0,70,0
17258,65-0,320,75,0,70,1
17259,65-0,320,75,0,80,0
17260,65-0,320,75,0,80,1
17261,65-0,320,75,0,100,0
17262,65-0,320,75,0,100,1
17263,65-0,320,75,20,0,0
17264,65-0,320,75,20,0,1
17265,65-0,320,75,20,20,0
17266,65-0,320,75,20,20,1
17267,65-0,320,75,20,30,0
17268,65-0,320,75,20,30,1
17269,65-0,320,75,20,50,0
17270,65-0,320,75,20,50,1
17271,65-0,320,75,20,70,0
17272,65-0,320,75,20,70,1
17273,65-0,320,75,20,80,0
17274,65-0,320,75,20,80,1
17275,65-0,320,75,20,100,0
17276,65-0,320,75,20,100,1
17277,65-0,320,75,30,0,0
17278,65-0,320,75,30,0,1
17279,65-0,320,75,30,20,0
17280,65-0,320,75,30,20,1
17281,65-0,320,75,30,30,0
17282,65-0,320,75,30,30,1
17283,65-0,320,75,30,50,0
17284,65-0,320,75,30,50,1
17285,65-0,320,75,30,70,0
17286,65-0,320,75,30,70,1
17287,65-0,320,75,30,80,0
17288,65-0,320,75,30,80,1
17289,65-0,320,75,30,100,0
17290,65-0,320,75,30,100,1
17291,65-0,320,75,50,0,0
17292,65-0,320,75,50,0,1
17293,65-0,320,75,50,20,0
17294,65-0,320,75,50,20,1
17295,65-0,320,75,50,30,0
17296,65-0,320,75,50,30,1
17297,65-0,320,75,50,50,0
17298,65-0,320,75,50,50,1
17299,65-0,320,75,50,70,0
17300,65-0,320,75,50,70,1
17301,65-0,320,75,50,80,0
17302,65-0,320,75,50,80,1
17303,65-0,320,75,50,100,0
17304,65-0,320,75,50,100,1
17305,65-0,320,75,70,0,0
17306,65-0,320,75,70,0,1
17307,65-0,320,75,70,20,0
17308,65-0,320,75,70,20,1
17309,65-0,320,75,70,30,0
17310,65-0,320,75,70,30,1
17311,65-0,320,75,70,50,0
17312,65-0,320,75,70,50,1
17313,65-0,320,75,70,70,0
17314,65-0,320,75,70,70,1
17315,65-0,320,75,70,80,0
17316,65-0,320,75,70,80,1
17317,65-0,320,75,70,100,0
17318,65-0,320,75,70,100,1
17319,65-0,320,75,80,0,0
17320,65-0,320,75,80,0,1
17321,65-0,320,75,80,20,0
17322,65-0,320,75,80,20,1
17323,65-0,320,75,80,30,0
17324,65-0,320,75,80,30,1
17325,65-0,320,75,80,50,0
17326,65-0,320,75,80,50,1
17327,65-0,320,75,80,70,0
17328,65-0,320,75,80,70,1
17329,65-0,320,75,80,80,0
17330,65-0,320,75,80,80,1
17331,65-0,320,75,80,100,0
17332,65-0,320,75,80,100,1
17333,65-0,320,75,100,0,0
17334,65-0,320,75,100,0,1
17335,65-0,320,75,100,20,0
17336,65-0,320,75,100,20,1
17337,65-0,320,75,100,30,0
17338,65-0,320,75,100,30,1
17339,65-0,320,75,100,50,0
17340,65-0,320,75,100,50,1
17341,65-0,320,75,100,70,0
17342,65-0,320,75,100,70,1
17343,65-0,320,75,100,80,0
17344,65-0,320,75,100,80,1
17345,65-0,320,75,100,100,0
17346,65-0,320,75,100,100,1
17347,65-0,320,1,0,0,0
17348,65-0,320,1,0,0,1
17349,65-0,320,1,0,20,0
17350,65-0,320,1,0,20,1
17351,65-0,320,1,0,30,0
17352,65-0,320,1,0,30,1
17353,65-0,320,1,0,50,0
17354,65-0,320,1,0,50,1
17355,65-0,320,1,0,70,0
17356,65-0,320,1,0,70,1
17357,65-0,320,1,0,80,0
17358,65-0,320,1,0,80,1
17359,65-0,320,1,0,100,0
17360,65-0,320,1,0,100,1
17361,65-0,320,1,20,0,0
17362,65-0,320,1,20,0,1
17363,65-0,320,1,20,20,0
17364,65-0,320,1,20,20,1
17365,65-0,320,1,20,30,0
17366,65-0,320,1,20,30,1
17367,65-0,320,1,20,50,0
17368,65-0,320,1,20,50,1
17369,65-0,320,1,20,70,0
17370,65-0,320,1,20,70,1
17371,65-0,320,1,20,80,0
17372,65-0,320,1,20,80,1
17373,65-0,320,1,20,100,0
17374,65-0,320,1,20,100,1
17375,65-0,320,1,30,0,0
17376,65-0,320,1,30,0,1
17377,65-0,320,1,30,20,0
17378,65-0,320,1,30,20,1
17379,65-0,320,1,30,30,0
17380,65-0,320,1,30,30,1
17381,65-0,320,1,30,50,0
17382,65-0,320,1,30,50,1
17383,65-0,320,1,30,70,0
17384,65-0,320,1,30,70,1
17385,65-0,320,1,30,80,0
17386,65-0,320,1,30,80,1
17387,65-0,320,1,30,100,0
17388,65-0,320,1,30,100,1
17389,65-0,320,1,50,0,0
17390,65-0,320,1,50,0,1
17391,65-0,320,1,50,20,0
17392,65-0,320,1,50,20,1
17393,65-0,320,1,50,30,0
17394,65-0,320,1,50,30,1
17395,65-0,320,1,50,50,0
17396,65-0,320,1,50,50,1
17397,65-0,320,1,50,70,0
17398,65-0,320,1,50,70,1
17399,65-0,320,1,50,80,0
17400,65-0,320,1,50,80,1
17401,65-0,320,1,50,100,0
17402,65-0,320,1,50,100,1
17403,65-0,320,1,70,0,0
17404,65-0,320,1,70,0,1
17405,65-0,320,1,70,20,0
17406,65-0,320,1,70,20,1
17407,65-0,320,1,70,30,0
17408,65-0,320,1,70,30,1
17409,65-0,320,1,70,50,0
17410,65-0,320,1,70,50,1
17411,65-0,320,1,70,70,0
17412,65-0,320,1,70,70,1
17413,65-0,320,1,70,80,0
17414,65-0,320,1,70,80,1
17415,65-0,320,1,70,100,0
17416,65-0,320,1,70,100,1
17417,65-0,320,1,80,0,0
17418,65-0,320,1,80,0,1
17419,65-0,320,1,80,20,0
17420,65-0,320,1,80,20,1
17421,65-0,320,1,80,30,0
17422,65-0,320,1,80,30,1
17423,65-0,320,1,80,50,0
17424,65-0,320,1,80,50,1
17425,65-0,320,1,80,70,0
17426,65-0,320,1,80,70,1
17427,65-0,320,1,80,80,0
17428,65-0,320,1,80,80,1
17429,65-0,320,1,80,100,0
17430,65-0,320,1,80,100,1
17431,65-0,320,1,100,0,0
17432,65-0,320,1,100,0,1
17433,65-0,320,1,100,20,0
17434,65-0,320,1,100,20,1
17435,65-0,320,1,100,30,0
17436,65-0,320,1,100,30,1
17437,65-0,320,1,100,50,0
17438,65-0,320,1,100,50,1
17439,65-0,320,1,100,70,0
17440,65-0,320,1,100,70,1
17441,65-0,320,1,100,80,0
17442,65-0,320,1,100,80,1
17443,65-0,320,1,100,100,0
17444,65-0,320,1,100,100,1
17445,65-0,320,1,0,0,0
17446,65-0,320,1,0,0,1
17447,65-0,320,1,0,20,0
17448,65-0,320,1,0,20,1
17449,65-0,320,1,0,30,0
17450,65-0,320,1,0,30,1
17451,65-0,320,1,0,50,0
17452,65-0,320,1,0,50,1
17453,65-0,320,1,0,70,0
17454,65-0,320,1,0,70,1
17455,65-0,320,1,0,80,0
17456,65-0,320,1,0,80,1
17457,65-0,320,1,0,100,0
17458,65-0,320,1,0,100,1
17459,65-0,320,1,20,0,0
17460,65-0,320,1,20,0,1
17461,65-0,320,1,20,20,0
17462,65-0,320,1,20,20,1
17463,65-0,320,1,20,30,0
17464,65-0,320,1,20,30,1
17465,65-0,320,1,20,50,0
17466,65-0,320,1,20,50,1
17467,65-0,320,1,20,70,0
17468,65-0,320,1,20,70,1
17469,65-0,320,1,20,80,0
17470,65-0,320,1,20,80,1
17471,65-0,320,1,20,100,0
17472,65-0,320,1,20,100,1
17473,65-0,320,1,30,0,0
17474,65-0,320,1,30,0,1
17475,65-0,320,1,30,20,0
17476,65-0,320,1,30,20,1
17477,65-0,320,1,30,30,0
17478,65-0,320,1,30,30,1
17479,65-0,320,1,30,50,0
17480,65-0,320,1,30,50,1
17481,65-0,320,1,30,70,0
17482,65-0,320,1,30,70,1
17483,65-0,320,1,30,80,0
17484,65-0,320,1,30,80,1
17485,65-0,320,1,30,100,0
17486,65-0,320,1,30,100,1
17487,65-0,320,1,50,0,0
17488,65-0,320,1,50,0,1
17489,65-0,320,1,50,20,0
17490,65-0,320,1,50,20,1
17491,65-0,320,1,50,30,0
17492,65-0,320,1,50,30,1
17493,65-0,320,1,50,50,0
17494,65-0,320,1,50,50,1
17495,65-0,320,1,50,70,0
17496,65-0,320,1,50,70,1
17497,65-0,320,1,50,80,0
17498,65-0,320,1,50,80,1
17499,65-0,320,1,50,100,0
17500,65-0,320,1,50,100,1
17501,65-0,320,1,70,0,0
17502,65-0,320,1,70,0,1
17503,65-0,320,1,70,20,0
17504,65-0,320,1,70,20,1
17505,65-0,320,1,70,30,0
17506,65-0,320,1,70,30,1
17507,65-0,320,1,70,50,0
17508,65-0,320,1,70,50,1
17509,65-0,320,1,70,70,0
17510,65-0,320,1,70,70,1
17511,65-0,320,1,70,80,0
17512,65-0,320,1,70,80,1
17513,65-0,320,1,70,100,0
17514,65-0,320,1,70,100,1
17515,65-0,320,1,80,0,0
17516,65-0,320,1,80,0,1
17517,65-0,320,1,80,20,0
17518,65-0,320,1,80,20,1
17519,65-0,320,1,80,30,0
17520,65-0,320,1,80,30,1
17521,65-0,320,1,80,50,0
17522,65-0,320,1,80,50,1
17523,65-0,320,1,80,70,0
17524,65-0,320,1,80,70,1
17525,65-0,320,1,80,80,0
17526,65-0,320,1,80,80,1
17527,65-0,320,1,80,100,0
17528,65-0,320,1,80,100,1
17529,65-0,320,1,100,0,0
17530,65-0,320,1,100,0,1
17531,65-0,320,1,100,20,0
17532,65-0,320,1,100,20,1
17533,65-0,320,1,100,30,0
17534,65-0,320,1,100,30,1
17535,65-0,320,1,100,50,0
17536,65-0,320,1,100,50,1
17537,65-0,320,1,100,70,0
17538,65-0,320,1,100,70,1
17539,65-0,320,1,100,80,0
17540,65-0,320,1,100,80,1
17541,65-0,320,1,100,100,0
17542,65-0,320,1,100,100,1
17543,65-0,320,5,0,0,0
17544,65-0,320,5,0,0,1
17545,65-0,320,5,0,20,0
17546,65-0,320,5,0,20,1
17547,65-0,320,5,0,30,0
17548,65-0,320,5,0,30,1
17549,65-0,320,5,0,50,0
17550,65-0,320,5,0,50,1
17551,65-0,320,5,0,70,0
17552,65-0,320,5,0,70,1
17553,65-0,320,5,0,80,0
17554,65-0,320,5,0,80,1
17555,65-0,320,5,0,100,0
17556,65-0,320,5,0,100,1
17557,65-0,320,5,20,0,0
17558,65-0,320,5,20,0,1
17559,65-0,320,5,20,20,0
17560,65-0,320,5,20,20,1
17561,65-0,320,5,20,30,0
17562,65-0,320,5,20,30,1
17563,65-0,320,5,20,50,0
17564,65-0,320,5,20,50,1
17565,65-0,320,5,20,70,0
17566,65-0,320,5,20,70,1
17567,65-0,320,5,20,80,0
17568,65-0,320,5,20,80,1
17569,65-0,320,5,20,100,0
17570,65-0,320,5,20,100,1
17571,65-0,320,5,30,0,0
17572,65-0,320,5,30,0,1
17573,65-0,320,5,30,20,0
17574,65-0,320,5,30,20,1
17575,65-0,320,5,30,30,0
17576,65-0,320,5,30,30,1
17577,65-0,320,5,30,50,0
17578,65-0,320,5,30,50,1
17579,65-0,320,5,30,70,0
17580,65-0,320,5,30,70,1
17581,65-0,320,5,30,80,0
17582,65-0,320,5,30,80,1
17583,65-0,320,5,30,100,0
17584,65-0,320,5,30,100,1
17585,65-0,320,5,50,0,0
17586,65-0,320,5,50,0,1
17587,65-0,320,5,50,20,0
17588,65-0,320,5,50,20,1
17589,65-0,320,5,50,30,0
17590,65-0,320,5,50,30,1
17591,65-0,320,5,50,50,0
17592,65-0,320,5,50,50,1
17593,65-0,320,5,50,70,0
17594,65-0,320,5,50,70,1
17595,65-0,320,5,50,80,0
17596,65-0,320,5,50,80,1
17597,65-0,320,5,50,100,0
17598,65-0,320,5,50,100,1
17599,65-0,320,5,70,0,0
17600,65-0,320,5,70,0,1
17601,65-0,320,5,70,20,0
17602,65-0,320,5,70,20,1
17603,65-0,320,5,70,30,0
17604,65-0,320,5,70,30,1
17605,65-0,320,5,70,50,0
17606,65-0,320,5,70,50,1
17607,65-0,320,5,70,70,0
17608,65-0,320,5,70,70,1
17609,65-0,320,5,70,80,0
17610,65-0,320,5,70,80,1
17611,65-0,320,5,70,100,0
17612,65-0,320,5,70,100,1
17613,65-0,320,5,80,0,0
17614,65-0,320,5,80,0,1
17615,65-0,320,5,80,20,0
17616,65-0,320,5,80,20,1
17617,65-0,320,5,80,30,0
17618,65-0,320,5,80,30,1
17619,65-0,320,5,80,50,0
17620,65-0,320,5,80,50,1
17621,65-0,320,5,80,70,0
17622,65-0,320,5,80,70,1
17623,65-0,320,5,80,80,0
17624,65-0,320,5,80,80,1
17625,65-0,320,5,80,100,0
17626,65-0,320,5,80,100,1
17627,65-0,320,5,100,0,0
17628,65-0,320,5,100,0,1
17629,65-0,320,5,100,20,0
17630,65-0,320,5,100,20,1
17631,65-0,320,5,100,30,0
17632,65-0,320,5,100,30,1
17633,65-0,320,5,100,50,0
17634,65-0,320,5,100,50,1
17635,65-0,320,5,100,70,0
17636,65-0,320,5,100,70,1
17637,65-0,320,5,100,80,0
17638,65-0,320,5,100,80,1
17639,65-0,320,5,100,100,0
17640,65-0,320,5,100,100,1
17641,7-0,220,0,0,0,0
17642,7-0,220,0,0,0,1
17643,7-0,220,0,0,20,0
17644,7-0,220,0,0,20,1
17645,7-0,220,0,0,30,0
17646,7-0,220,0,0,30,1
17647,7-0,220,0,0,50,0
17648,7-0,220,0,0,50,1
17649,7-0,220,0,0,70,0
17650,7-0,220,0,0,70,1
17651,7-0,220,0,0,80,0
17652,7-0,220,0,0,80,1
17653,7-0,220,0,0,100,0
17654,7-0,220,0,0,100,1
17655,7-0,220,0,20,0,0
17656,7-0,220,0,20,0,1
17657,7-0,220,0,20,20,0
17658,7-0,220,0,20,20,1
17659,7-0,220,0,20,30,0
17660,7-0,220,0,20,30,1
17661,7-0,220,0,20,50,0
17662,7-0,220,0,20,50,1
17663,7-0,220,0,20,70,0
17664,7-0,220,0,20,70,1
17665,7-0,220,0,20,80,0
17666,7-0,220,0,20,80,1
17667,7-0,220,0,20,100,0
17668,7-0,220,0,20,100,1
17669,7-0,220,0,30,0,0
17670,7-0,220,0,30,0,1
17671,7-0,220,0,30,20,0
17672,7-0,220,0,30,20,1
17673,7-0,220,0,30,30,0
17674,7-0,220,0,30,30,1
17675,7-0,220,0,30,50,0
17676,7-0,220,0,30,50,1
17677,7-0,220,0,30,70,0
17678,7-0,220,0,30,70,1
17679,7-0,220,0,30,80,0
17680,7-0,220,0,30,80,1
17681,7-0,220,0,30,100,0
17682,7-0,220,0,30,100,1
17683,7-0,220,0,50,0,0
17684,7-0,220,0,50,0,1
17685,7-0,220,0,50,20,0
17686,7-0,220,0,50,20,1
17687,7-0,220,0,50,30,0
17688,7-0,220,0,50,30,1
17689,7-0,220,0,50,50,0
17690,7-0,220,0,50,50,1
17691,7-0,220,0,50,70,0
17692,7-0,220,0,50,70,1
17693,7-0,220,0,50,80,0
17694,7-0,220,0,50,80,1
17695,7-0,220,0,50,100,0
17696,7-0,220,0,50,100,1
17697,7-0,220,0,70,0,0
17698,7-0,220,0,70,0,1
17699,7-0,220,0,70,20,0
17700,7-0,220,0,70,20,1
17701,7-0,220,0,70,30,0
17702,7-0,220,0,70,30,1
17703,7-0,220,0,70,50,0
17704,7-0,220,0,70,50,1
17705,7-0,220,0,70,70,0
17706,7-0,220,0,70,70,1
17707,7-0,220,0,70,80,0
17708,7-0,220,0,70,80,1
17709,7-0,220,0,70,100,0
17710,7-0,220,0,70,100,1
17711,7-0,220,0,80,0,0
17712,7-0,220,0,80,0,1
17713,7-0,220,0,80,20,0
17714,7-0,220,0,80,20,1
17715,7-0,220,0,80,30,0
17716,7-0,220,0,80,30,1
17717,7-0,220,0,80,50,0
17718,7-0,220,0,80,50,1
17719,7-0,220,0,80,70,0
17720,7-0,220,0,80,70,1
17721,7-0,220,0,80,80,0
17722,7-0,220,0,80,80,1
17723,7-0,220,0,80,100,0
17724,7-0,220,0,80,100,1
17725,7-0,220,0,100,0,0
17726,7-0,220,0,100,0,1
17727,7-0,220,0,100,20,0
17728,7-0,220,0,100,20,1
17729,7-0,220,0,100,30,0
17730,7-0,220,0,100,30,1
17731,7-0,220,0,100,50,0
17732,7-0,220,0,100,50,1
17733,7-0,220,0,100,70,0
17734,7-0,220,0,100,70,1
17735,7-0,220,0,100,80,0
17736,7-0,220,0,100,80,1
17737,7-0,220,0,100,100,0
17738,7-0,220,0,100,100,1
17739,7-0,220,75,0,0,0
17740,7-0,220,75,0,0,1
17741,7-0,220,75,0,20,0
17742,7-0,220,75,0,20,1
17743,7-0,220,75,0,30,0
17744,7-0,220,75,0,30,1
17745,7-0,220,75,0,50,0
17746,7-0,220,75,0,50,1
17747,7-0,220,75,0,70,0
17748,7-0,220,75,0,70,1
17749,7-0,220,75,0,80,0
17750,7-0,220,75,0,80,1
17751,7-0,220,75,0,100,0
17752,7-0,220,75,0,100,1
17753,7-0,220,75,20,0,0
17754,7-0,220,75,20,0,1
17755,7-0,220,75,20,20,0
17756,7-0,220,75,20,20,1
17757,7-0,220,75,20,30,0
17758,7-0,220,75,20,30,1
17759,7-0,220,75,20,50,0
17760,7-0,220,75,20,50,1
17761,7-0,220,75,20,70,0
17762,7-0,220,75,20,70,1
17763,7-0,220,75,20,80,0
17764,7-0,220,75,20,80,1
17765,7-0,220,75,20,100,0
17766,7-0,220,75,20,100,1
17767,7-0,220,75,30,0,0
17768,7-0,220,75,30,0,1
17769,7-0,220,75,30,20,0
17770,7-0,220,75,30,20,1
17771,7-0,220,75,30,30,0
17772,7-0,220,75,30,30,1
17773,7-0,220,75,30,50,0
17774,7-0,220,75,30,50,1
17775,7-0,220,75,30,70,0
17776,7-0,220,75,30,70,1
17777,7-0,220,75,30,80,0
17778,7-0,220,75,30,80,1
17779,7-0,220,75,30,100,0
17780,7-0,220,75,30,100,1
17781,7-0,220,75,50,0,0
17782,7-0,220,75,50,0,1
17783,7-0,220,75,50,20,0
17784,7-0,220,75,50,20,1
17785,7-0,220,75,50,30,0
17786,7-0,220,75,50,30,1
17787,7-0,220,75,50,50,0
17788,7-0,220,75,50,50,1
17789,7-0,220,75,50,70,0
17790,7-0,220,75,50,70,1
17791,7-0,220,75,50,80,0
17792,7-0,220,75,50,80,1
17793,7-0,220,75,50,100,0
17794,7-0,220,75,50,100,1
17795,7-0,220,75,70,0,0
17796,7-0,220,75,70,0,1
17797,7-0,220,75,70,20,0
17798,7-0,220,75,70,20,1
17799,7-0,220,75,70,30,0
17800,7-0,220,75,70,30,1
17801,7-0,220,75,70,50,0
17802,7-0,220,75,70,50,1
17803,7-0,220,75,70,70,0
17804,7-0,220,75,70,70,1
17805,7-0,220,75,70,80,0
17806,7-0,220,75,70,80,1
17807,7-0,220,75,70,100,0
17808,7-0,220,75,70,100,1
17809,7-0,220,75,80,0,0
17810,7-0,220,75,80,0,1
17811,7-0,220,75,80,20,0
17812,7-0,220,75,80,20,1
17813,7-0,220,75,80,30,0
17814,7-0,220,75,80,30,1
17815,7-0,220,75,80,50,0
17816,7-0,220,75,80,50,1
17817,7-0,220,75,80,70,0
17818,7-0,220,75,80,70,1
17819,7-0,220,75,80,80,0
17820,7-0,220,75,80,80,1
17821,7-0,220,75,80,100,0
17822,7-0,220,75,80,100,1
17823,7-0,220,75,100,0,0
17824,7-0,220,75,100,0,1
17825,7-0,220,75,100,20,0
17826,7-0,220,75,100,20,1
17827,7-0,220,75,100,30,0
17828,7-0,220,75,100,30,1
17829,7-0,220,75,100,50,0
17830,7-0,220,75,100,50,1
17831,7-0,220,75,100,70,0
17832,7-0,220,75,100,70,1
17833,7-0,220,75,100,80,0
17834,7-0,220,75,100,80,1
17835,7-0,220,75,100,100,0
17836,7-0,220,75,100,100,1
17837,7-0,220,1,0,0,0
17838,7-0,220,1,0,0,1
17839,7-0,220,1,0,20,0
17840,7-0,220,1,0,20,1
17841,7-0,220,1,0,30,0
17842,7-0,220,1,0,30,1
17843,7-0,220,1,0,50,0
17844,7-0,220,1,0,50,1
17845,7-0,220,1,0,70,0
17846,7-0,220,1,0,70,1
17847,7-0,220,1,0,80,0
17848,7-0,220,1,0,80,1
17849,7-0,220,1,0,100,0
17850,7-0,220,1,0,100,1
17851,7-0,220,1,20,0,0
17852,7-0,220,1,20,0,1
17853,7-0,220,1,20,20,0
17854,7-0,220,1,20,20,1
17855,7-0,220,1,20,30,0
17856,7-0,220,1,20,30,1
17857,7-0,220,1,20,50,0
17858,7-0,220,1,20,50,1
17859,7-0,220,1,20,70,0
17860,7-0,220,1,20,70,1
17861,7-0,220,1,20,80,0
17862,7-0,220,1,20,80,1
17863,7-0,220,1,20,100,0
17864,7-0,220,1,20,100,1
17865,7-0,220,1,30,0,0
17866,7-0,220,1,30,0,1
17867,7-0,220,1,30,20,0
17868,7-0,220,1,30,20,1
17869,7-0,220,1,30,30,0
17870,7-0,220,1,30,30,1
17871,7-0,220,1,30,50,0
17872,7-0,220,1,30,50,1
17873,7-0,220,1,30,70,0
17874,7-0,220,1,30,70,1
17875,7-0,220,1,30,80,0
17876,7-0,220,1,30,80,1
17877,7-0,220,1,30,100,0
17878,7-0,220,1,30,100,1
17879,7-0,220,1,50,0,0
17880,7-0,220,1,50,0,1
17881,7-0,220,1,50,20,0
17882,7-0,220,1,50,20,1
17883,7-0,220,1,50,30,0
17884,7-0,220,1,50,30,1
17885,7-0,220,1,50,50,0
17886,7-0,220,1,50,50,1
17887,7-0,220,1,50,70,0
17888,7-0,220,1,50,70,1
17889,7-0,220,1,50,80,0
17890,7-0,220,1,50,80,1
17891,7-0,220,1,50,100,0
17892,7-0,220,1,50,100,1
17893,7-0,220,1,70,0,0
17894,7-0,220,1,70,0,1
17895,7-0,220,1,70,20,0
17896,7-0,220,1,70,20,1
17897,7-0,220,1,70,30,0
17898,7-0,220,1,70,30,1
17899,7-0,220,1,70,50,0
17900,7-0,220,1,70,50,1
17901,7-0,220,1,70,70,0
17902,7-0,220,1,70,70,1
17903,7-0,220,1,70,80,0
17904,7-0,220,1,70,80,1
17905,7-0,220,1,70,100,0
17906,7-0,220,1,70,100,1
17907,7-0,220,1,80,0,0
17908,7-0,220,1,80,0,1
17909,7-0,220,1,80,20,0
17910,7-0,220,1,80,20,1
17911,7-0,220,1,80,30,0
17912,7-0,220,1,80,30,1
17913,7-0,220,1,80,50,0
17914,7-0,220,1,80,50,1
17915,7-0,220,1,80,70,0
17916,7-0,220,1,80,70,1
17917,7-0,220,1,80,80,0
17918,7-0,220,1,80,80,1
17919,7-0,220,1,80,100,0
17920,7-0,220,1,80,100,1
17921,7-0,220,1,100,0,0
17922,7-0,220,1,100,0,1
17923,7-0,220,1,100,20,0
17924,7-0,220,1,100,20,1
17925,7-0,220,1,100,30,0
17926,7-0,220,1,100,30,1
17927,7-0,220,1,100,50,0
17928,7-0,220,1,100,50,1
17929,7-0,220,1,100,70,0
17930,7-0,220,1,100,70,1
17931,7-0,220,1,100,80,0
17932,7-0,220,1,100,80,1
17933,7-0,220,1,100,100,0
17934,7-0,220,1,100,100,1
17935,7-0,220,1,0,0,0
17936,7-0,220,1,0,0,1
17937,7-0,220,1,0,20,0
17938,7-0,220,1,0,20,1
17939,7-0,220,1,0,30,0
17940,7-0,220,1,0,30,1
17941,7-0,220,1,0,50,0
17942,7-0,220,1,0,50,1
17943,7-0,220,1,0,70,0
17944,7-0,220,1,0,70,1
17945,7-0,220,1,0,80,0
17946,7-0,220,1,0,80,1
17947,7-0,220,1,0,100,0
17948,7-0,220,1,0,100,1
17949,7-0,220,1,20,0,0
17950,7-0,220,1,20,0,1
17951,7-0,220,1,20,20,0
17952,7-0,220,1,20,20,1
17953,7-0,220,1,20,30,0
17954,7-0,220,1,20,30,1
17955,7-0,220,1,20,50,0
17956,7-0,220,1,20,50,1
17957,7-0,220,1,20,70,0
17958,7-0,220,1,20,70,1
17959,7-0,220,1,20,80,0
17960,7-0,220,1,20,80,1
17961,7-0,220,1,20,100,0
17962,7-0,220,1,20,100,1
17963,7-0,220,1,30,0,0
17964,7-0,220,1,30,0,1
17965,7-0,220,1,30,20,0
17966,7-0,220,1,30,20,1
17967,7-0,220,1,30,30,0
17968,7-0,220,1,30,30,1
17969,7-0,220,1,30,50,0
17970,7-0,220,1,30,50,1
17971,7-0,220,1,30,70,0
17972,7-0,220,1,30,70,1
17973,7-0,220,1,30,80,0
17974,7-0,220,1,30,80,1
17975,7-0,220,1,30,100,0
17976,7-0,220,1,30,100,1
17977,7-0,220,1,50,0,0
17978,7-0,220,1,50,0,1
17979,7-0,220,1,50,20,0
17980,7-0,220,1,50,20,1
17981,7-0,220,1,50,30,0
17982,7-0,220,1,50,30,1
17983,7-0,220,1,50,50,0
17984,7-0,220,1,50,50,1
17985,7-0,220,1,50,70,0
17986,7-0,220,1,50,70,1
17987,7-0,220,1,50,80,0
17988,7-0,220,1,50,80,1
17989,7-0,220,1,50,100,0
17990,7-0,220,1,50,100,1
17991,7-0,220,1,70,0,0
17992,7-0,220,1,70,0,1
17993,7-0,220,1,70,20,0
17994,7-0,220,1,70,20,1
17995,7-0,220,1,70,30,0
17996,7-0,220,1,70,30,1
17997,7-0,220,1,70,50,0
17998,7-0,220,1,70,50,1
17999,7-0,220,1,70,70,0
18000,7-0,220,1,70,70,1
18001,7-0,220,1,70,80,0
18002,7-0,220,1,70,80,1
18003,7-0,220,1,70,100,0
18004,7-0,220,1,70,100,1
18005,7-0,220,1,80,0,0
18006,7-0,220,1,80,0,1
18007,7-0,220,1,80,20,0
18008,7-0,220,1,80,20,1
18009,7-0,220,1,80,30,0
18010,7-0,220,1,80,30,1
18011,7-0,220,1,80,50,0
18012,7-0,220,1,80,50,1
18013,7-0,220,1,80,70,0
18014,7-0,220,1,80,70,1
18015,7-0,220,1,80,80,0
18016,7-0,220,1,80,80,1
18017,7-0,220,1,80,100,0
18018,7-0,220,1,80,100,1
18019,7-0,220,1,100,0,0
18020,7-0,220,1,100,0,1
18021,7-0,220,1,100,20,0
18022,7-0,220,1,100,20,1
18023,7-0,220,1,100,30,0
18024,7-0,220,1,100,30,1
18025,7-0,220,1,100,50,0
18026,7-0,220,1,100,50,1
18027,7-0,220,1,100,70,0
18028,7-0,220,1,100,70,1
18029,7-0,220,1,100,80,0
18030,7-0,220,1,100,80,1
18031,7-0,220,1,100,100,0
18032,7-0,220,1,100,100,1
18033,7-0,220,5,0,0,0
18034,7-0,220,5,0,0,1
18035,7-0,220,5,0,20,0
18036,7-0,220,5,0,20,1
18037,7-0,220,5,0,30,0
18038,7-0,220,5,0,30,1
18039,7-0,220,5,0,50,0
18040,7-0,220,5,0,50,1
18041,7-0,220,5,0,70,0
18042,7-0,220,5,0,70,1
18043,7-0,220,5,0,80,0
18044,7-0,220,5,0,80,1
18045,7-0,220,5,0,100,0
18046,7-0,220,5,0,100,1
18047,7-0,220,5,20,0,0
18048,7-0,220,5,20,0,1
18049,7-0,220,5,20,20,0
18050,7-0,220,5,20,20,1
18051,7-0,220,5,20,30,0
18052,7-0,220,5,20,30,1
18053,7-0,220,5,20,50,0
18054,7-0,220,5,20,50,1
18055,7-0,220,5,20,70,0
18056,7-0,220,5,20,70,1
18057,7-0,220,5,20,80,0
18058,7-0,220,5,20,80,1
18059,7-0,220,5,20,100,0
18060,7-0,220,5,20,100,1
18061,7-0,220,5,30,0,0
18062,7-0,220,5,30,0,1
18063,7-0,220,5,30,20,0
18064,7-0,220,5,30,20,1
18065,7-0,220,5,30,30,0
18066,7-0,220,5,30,30,1
18067,7-0,220,5,30,50,0
18068,7-0,220,5,30,50,1
18069,7-0,220,5,30,70,0
18070,7-0,220,5,30,70,1
18071,7-0,220,5,30,80,0
18072,7-0,220,5,30,80,1
18073,7-0,220,5,30,100,0
18074,7-0,220,5,30,100,1
18075,7-0,220,5,50,0,0
18076,7-0,220,5,50,0,1
18077,7-0,220,5,50,20,0
18078,7-0,220,5,50,20,1
18079,7-0,220,5,50,30,0
18080,7-0,220,5,50,30,1
18081,7-0,220,5,50,50,0
18082,7-0,220,5,50,50,1
18083,7-0,220,5,50,70,0
18084,7-0,220,5,50,70,1
18085,7-0,220,5,50,80,0
18086,7-0,220,5,50,80,1
18087,7-0,220,5,50,100,0
18088,7-0,220,5,50,100,1
18089,7-0,220,5,70,0,0
18090,7-0,220,5,70,0,1
18091,7-0,220,5,70,20,0
18092,7-0,220,5,70,20,1
18093,7-0,220,5,70,30,0
18094,7-0,220,5,70,30,1
18095,7-0,220,5,70,50,0
18096,7-0,220,5,70,50,1
18097,7-0,220,5,70,70,0
18098,7-0,220,5,70,70,1
18099,7-0,220,5,70,80,0
18100,7-0,220,5,70,80,1
18101,7-0,220,5,70,100,0
18102,7-0,220,5,70,100,1
18103,7-0,220,5,80,0,0
18104,7-0,220,5,80,0,1
18105,7-0,220,5,80,20,0
18106,7-0,220,5,80,20,1
18107,7-0,220,5,80,30,0
18108,7-0,220,5,80,30,1
18109,7-0,220,5,80,50,0
18110,7-0,220,5,80,50,1
18111,7-0,220,5,80,70,0
18112,7-0,220,5,80,70,1
18113,7-0,220,5,80,80,0
18114,7-0,220,5,80,80,1
18115,7-0,220,5,80,100,0
18116,7-0,220,5,80,100,1
18117,7-0,220,5,100,0,0
18118,7-0,220,5,100,0,1
18119,7-0,220,5,100,20,0
18120,7-0,220,5,100,20,1
18121,7-0,220,5,100,30,0
18122,7-0,220,5,100,30,1
18123,7-0,220,5,100,50,0
18124,7-0,220,5,100,50,1
18125,7-0,220,5,100,70,0
18126,7-0,220,5,100,70,1
18127,7-0,220,5,100,80,0
18128,7-0,220,5,100,80,1
18129,7-0,220,5,100,100,0
18130,7-0,220,5,100,100,1
18131,7-0,240,0,0,0,0
18132,7-0,240,0,0,0,1
18133,7-0,240,0,0,20,0
18134,7-0,240,0,0,20,1
18135,7-0,240,0,0,30,0
18136,7-0,240,0,0,30,1
18137,7-0,240,0,0,50,0
18138,7-0,240,0,0,50,1
18139,7-0,240,0,0,70,0
18140,7-0,240,0,0,70,1
18141,7-0,240,0,0,80,0
18142,7-0,240,0,0,80,1
18143,7-0,240,0,0,100,0
18144,7-0,240,0,0,100,1
18145,7-0,240,0,20,0,0
18146,7-0,240,0,20,0,1
18147,7-0,240,0,20,20,0
18148,7-0,240,0,20,20,1
18149,7-0,240,0,20,30,0
18150,7-0,240,0,20,30,1
18151,7-0,240,0,20,50,0
18152,7-0,240,0,20,50,1
18153,7-0,240,0,20,70,0
18154,7-0,240,0,20,70,1
18155,7-0,240,0,20,80,0
18156,7-0,240,0,20,80,1
18157,7-0,240,0,20,100,0
18158,7-0,240,0,20,100,1
18159,7-0,240,0,30,0,0
18160,7-0,240,0,30,0,1
18161,7-0,240,0,30,20,0
18162,7-0,240,0,30,20,1
18163,7-0,240,0,30,30,0
18164,7-0,240,0,30,30,1
18165,7-0,240,0,30,50,0
18166,7-0,240,0,30,50,1
18167,7-0,240,0,30,70,0
18168,7-0,240,0,30,70,1
18169,7-0,240,0,30,80,0
18170,7-0,240,0,30,80,1
18171,7-0,240,0,30,100,0
18172,7-0,240,0,30,100,1
18173,7-0,240,0,50,0,0
18174,7-0,240,0,50,0,1
18175,7-0,240,0,50,20,0
18176,7-0,240,0,50,20,1
18177,7-0,240,0,50,30,0
18178,7-0,240,0,50,30,1
18179,7-0,240,0,50,50,0
18180,7-0,240,0,50,50,1
18181,7-0,240,0,50,70,0
18182,7-0,240,0,50,70,1
18183,7-0,240,0,50,80,0
18184,7-0,240,0,50,80,1
18185,7-0,240,0,50,100,0
18186,7-0,240,0,50,100,1
18187,7-0,240,0,70,0,0
18188,7-0,240,0,70,0,1
18189,7-0,240,0,70,20,0
18190,7-0,240,0,70,20,1
18191,7-0,240,0,70,30,0
18192,7-0,240,0,70,30,1
18193,7-0,240,0,70,50,0
18194,7-0,240,0,70,50,1
18195,7-0,240,0,70,70,0
18196,7-0,240,0,70,70,1
18197,7-0,240,0,70,80,0
18198,7-0,240,0,70,80,1
18199,7-0,240,0,70,100,0
18200,7-0,240,0,70,100,1
18201,7-0,240,0,80,0,0
18202,7-0,240,0,80,0,1
18203,7-0,240,0,80,20,0
18204,7-0,240,0,80,20,1
18205,7-0,240,0,80,30,0
18206,7-0,240,0,80,30,1
18207,7-0,240,0,80,50,0
18208,7-0,240,0,80,50,1
18209,7-0,240,0,80,70,0
18210,7-0,240,0,80,70,1
18211,7-0,240,0,80,80,0
18212,7-0,240,0,80,80,1
18213,7-0,240,0,80,100,0
18214,7-0,240,0,80,100,1
18215,7-0,240,0,100,0,0
18216,7-0,240,0,100,0,1
18217,7-0,240,0,100,20,0
18218,7-0,240,0,100,20,1
18219,7-0,240,0,100,30,0
18220,7-0,240,0,100,30,1
18221,7-0,240,0,100,50,0
18222,7-0,240,0,100,50,1
18223,7-0,240,0,100,70,0
18224,7-0,240,0,100,70,1
18225,7-0,240,0,100,80,0
18226,7-0,240,0,100,80,1
18227,7-0,240,0,100,100,0
18228,7-0,240,0,100,100,1
18229,7-0,240,75,0,0,0
18230,7-0,240,75,0,0,1
18231,7-0,240,75,0,20,0
18232,7-0,240,75,0,20,1
18233,7-0,240,75,0,30,0
18234,7-0,240,75,0,30,1
18235,7-0,240,75,0,50,0
18236,7-0,240,75,0,50,1
18237,7-0,240,75,0,70,0
18238,7-0,240,75,0,70,1
18239,7-0,240,75,0,80,0
18240,7-0,240,75,0,80,1
18241,7-0,240,75,0,100,0
18242,7-0,240,75,0,100,1
18243,7-0,240,75,20,0,0
18244,7-0,240,75,20,0,1
18245,7-0,240,75,20,20,0
18246,7-0,240,75,20,20,1
18247,7-0,240,75,20,30,0
18248,7-0,240,75,20,30,1
18249,7-0,240,75,20,50,0
18250,7-0,240,75,20,50,1
18251,7-0,240,75,20,70,0
18252,7-0,240,75,20,70,1
18253,7-0,240,75,20,80,0
18254,7-0,240,75,20,80,1
18255,7-0,240,75,20,100,0
18256,7-0,240,75,20,100,1
18257,7-0,240,75,30,0,0
18258,7-0,240,75,30,0,1
18259,7-0,240,75,30,20,0
18260,7-0,240,75,30,20,1
18261,7-0,240,75,30,30,0
18262,7-0,240,75,30,30,1
18263,7-0,240,75,30,50,0
18264,7-0,240,75,30,50,1
18265,7-0,240,75,30,70,0
18266,7-0,240,75,30,70,1
18267,7-0,240,75,30,80,0
18268,7-0,240,75,30,80,1
18269,7-0,240,75,30,100,0
18270,7-0,240,75,30,100,1
18271,7-0,240,75,50,0,0
18272,7-0,240,75,50,0,1
18273,7-0,240,75,50,20,0
18274,7-0,240,75,50,20,1
18275,7-0,240,75,50,30,0
18276,7-0,240,75,50,30,1
18277,7-0,240,75,50,50,0
18278,7-0,240,75,50,50,1
18279,7-0,240,75,50,70,0
18280,7-0,240,75,50,70,1
18281,7-0,240,75,50,80,0
18282,7-0,240,75,50,80,1
18283,7-0,240,75,50,100,0
18284,7-0,240,75,50,100,1
18285,7-0,240,75,70,0,0
18286,7-0,240,75,70,0,1
18287,7-0,240,75,70,20,0
18288,7-0,240,75,70,20,1
18289,7-0,240,75,70,30,0
18290,7-0,240,75,70,30,1
18291,7-0,240,75,70,50,0
18292,7-0,240,75,70,50,1
18293,7-0,240,75,70,70,0
18294,7-0,240,75,70,70,1
18295,7-0,240,75,70,80,0
18296,7-0,240,75,70,80,1
18297,7-0,240,75,70,100,0
18298,7-0,240,75,70,100,1
18299,7-0,240,75,80,0,0
18300,7-0,240,75,80,0,1
18301,7-0,240,75,80,20,0
18302,7-0,240,75,80,20,1
18303,7-0,240,75,80,30,0
18304,7-0,240,75,80,30,1
18305,7-0,240,75,80,50,0
18306,7-0,240,75,80,50,1
18307,7-0,240,75,80,70,0
18308,7-0,240,75,80,70,1
18309,7-0,240,75,80,80,0
18310,7-0,240,75,80,80,1
18311,7-0,240,75,80,100,0
18312,7-0,240,75,80,100,1
18313,7-0,240,75,100,0,0
18314,7-0,240,75,100,0,1
18315,7-0,240,75,100,20,0
18316,7-0,240,75,100,20,1
18317,7-0,240,75,100,30,0
18318,7-0,240,75,100,30,1
18319,7-0,240,75,100,50,0
18320,7-0,240,75,100,50,1
18321,7-0,240,75,100,70,0
18322,7-0,240,75,100,70,1
18323,7-0,240,75,100,80,0
18324,7-0,240,75,100,80,1
18325,7-0,240,75,100,100,0
18326,7-0,240,75,100,100,1
18327,7-0,240,1,0,0,0
18328,7-0,240,1,0,0,1
18329,7-0,240,1,0,20,0
18330,7-0,240,1,0,20,1
18331,7-0,240,1,0,30,0
18332,7-0,240,1,0,30,1
18333,7-0,240,1,0,50,0
18334,7-0,240,1,0,50,1
18335,7-0,240,1,0,70,0
18336,7-0,240,1,0,70,1
18337,7-0,240,1,0,80,0
18338,7-0,240,1,0,80,1
18339,7-0,240,1,0,100,0
18340,7-0,240,1,0,100,1
18341,7-0,240,1,20,0,0
18342,7-0,240,1,20,0,1
18343,7-0,240,1,20,20,0
18344,7-0,240,1,20,20,1
18345,7-0,240,1,20,30,0
18346,7-0,240,1,20,30,1
18347,7-0,240,1,20,50,0
18348,7-0,240,1,20,50,1
18349,7-0,240,1,20,70,0
18350,7-0,240,1,20,70,1
18351,7-0,240,1,20,80,0
18352,7-0,240,1,20,80,1
18353,7-0,240,1,20,100,0
18354,7-0,240,1,20,100,1
18355,7-0,240,1,30,0,0
18356,7-0,240,1,30,0,1
18357,7-0,240,1,30,20,0
18358,7-0,240,1,30,20,1
18359,7-0,240,1,30,30,0
18360,7-0,240,1,30,30,1
18361,7-0,240,1,30,50,0
18362,7-0,240,1,30,50,1
18363,7-0,240,1,30,70,0
18364,7-0,240,1,30,70,1
18365,7-0,240,1,30,80,0
18366,7-0,240,1,30,80,1
18367,7-0,240,1,30,100,0
18368,7-0,240,1,30,100,1
18369,7-0,240,1,50,0,0
18370,7-0,240,1,50,0,1
18371,7-0,240,1,50,20,0
18372,7-0,240,1,50,20,1
18373,7-0,240,1,50,30,0
18374,7-0,240,1,50,30,1
18375,7-0,240,1,50,50,0
18376,7-0,240,1,50,50,1
18377,7-0,240,1,50,70,0
18378,7-0,240,1,50,70,1
18379,7-0,240,1,50,80,0
18380,7-0,240,1,50,80,1
18381,7-0,240,1,50,100,0
18382,7-0,240,1,50,100,1
18383,7-0,240,1,70,0,0
18384,7-0,240,1,70,0,1
18385,7-0,240,1,70,20,0
18386,7-0,240,1,70,20,1
18387,7-0,240,1,70,30,0
18388,7-0,240,1,70,30,1
18389,7-0,240,1,70,50,0
18390,7-0,240,1,70,50,1
18391,7-0,240,1,70,70,0
18392,7-0,240,1,70,70,1
18393,7-0,240,1,70,80,0
18394,7-0,240,1,70,80,1
18395,7-0,240,1,70,100,0
18396,7-0,240,1,70,100,1
18397,7-0,240,1,80,0,0
18398,7-0,240,1,80,0,1
18399,7-0,240,1,80,20,0
18400,7-0,240,1,80,20,1
18401,7-0,240,1,80,30,0
18402,7-0,240,1,80,30,1
18403,7-0,240,1,80,50,0
18404,7-0,240,1,80,50,1
18405,7-0,240,1,80,70,0
18406,7-0,240,1,80,70,1
18407,7-0,240,1,80,80,0
18408,7-0,240,1,80,80,1
18409,7-0,240,1,80,100,0
18410,7-0,240,1,80,100,1
18411,7-0,240,1,100,0,0
18412,7-0,240,1,100,0,1
18413,7-0,240,1,100,20,0
18414,7-0,240,1,100,20,1
18415,7-0,240,1,100,30,0
18416,7-0,240,1,100,30,1
18417,7-0,240,1,100,50,0
18418,7-0,240,1,100,50,1
18419,7-0,240,1,100,70,0
18420,7-0,240,1,100,70,1
18421,7-0,240,1,100,80,0
18422,7-0,240,1,100,80,1
18423,7-0,240,1,100,100,0
18424,7-0,240,1,100,100,1
18425,7-0,240,1,0,0,0
18426,7-0,240,1,0,0,1
18427,7-0,240,1,0,20,0
18428,7-0,240,1,0,20,1
18429,7-0,240,1,0,30,0
18430,7-0,240,1,0,30,1
18431,7-0,240,1,0,50,0
18432,7-0,240,1,0,50,1
18433,7-0,240,1,0,70,0
18434,7-0,240,1,0,70,1
18435,7-0,240,1,0,80,0
18436,7-0,240,1,0,80,1
18437,7-0,240,1,0,100,0
18438,7-0,240,1,0,100,1
18439,7-0,240,1,20,0,0
18440,7-0,240,1,20,0,1
18441,7-0,240,1,20,20,0
18442,7-0,240,1,20,20,1
18443,7-0,240,1,20,30,0
18444,7-0,240,1,20,30,1
18445,7-0,240,1,20,50,0
18446,7-0,240,1,20,50,1
18447,7-0,240,1,20,70,0
18448,7-0,240,1,20,70,1
18449,7-0,240,1,20,80,0
18450,7-0,240,1,20,80,1
18451,7-0,240,1,20,100,0
18452,7-0,240,1,20,100,1
18453,7-0,240,1,30,0,0
18454,7-0,240,1,30,0,1
18455,7-0,240,1,30,20,0
18456,7-0,240,1,30,20,1
18457,7-0,240,1,30,30,0
18458,7-0,240,1,30,30,1
18459,7-0,240,1,30,50,0
18460,7-0,240,1,30,50,1
18461,7-0,240,1,30,70,0
18462,7-0,240,1,30,70,1
18463,7-0,240,1,30,80,0
18464,7-0,240,1,30,80,1
18465,7-0,240,1,30,100,0
18466,7-0,240,1,30,100,1
18467,7-0,240,1,50,0,0
18468,7-0,240,1,50,0,1
18469,7-0,240,1,50,20,0
18470,7-0,240,1,50,20,1
18471,7-0,240,1,50,30,0
18472,7-0,240,1,50,30,1
18473,7-0,240,1,50,50,0
18474,7-0,240,1,50,50,1
18475,7-0,240,1,50,70,0
18476,7-0,240,1,50,70,1
18477,7-0,240,1,50,80,0
18478,7-0,240,1,50,80,1
18479,7-0,240,1,50,100,0
18480,7-0,240,1,50,100,1
18481,7-0,240,1,70,0,0
18482,7-0,240,1,70,0,1
18483,7-0,240,1,70,20,0
18484,7-0,240,1,70,20,1
18485,7-0,240,1,70,30,0
18486,7-0,240,1,70,30,1
18487,7-0,240,1,70,50,0
18488,7-0,240,1,70,50,1
18489,7-0,240,1,70,70,0
18490,7-0,240,1,70,70,1
18491,7-0,240,1,70,80,0
18492,7-0,240,1,70,80,1
18493,7-0,240,1,70,100,0
18494,7-0,240,1,70,100,1
18495,7-0,240,1,80,0,0
18496,7-0,240,1,80,0,1
18497,7-0,240,1,80,20,0
18498,7-0,240,1,80,20,1
18499,7-0,240,1,80,30,0
18500,7-0,240,1,80,30,1
18501,7-0,240,1,80,50,0
18502,7-0,240,1,80,50,1
18503,7-0,240,1,80,70,0
18504,7-0,240,1,80,70,1
18505,7-0,240,1,80,80,0
18506,7-0,240,1,80,80,1
18507,7-0,240,1,80,100,0
18508,7-0,240,1,80,100,1
18509,7-0,240,1,100,0,0
18510,7-0,240,1,100,0,1
18511,7-0,240,1,100,20,0
18512,7-0,240,1,100,20,1
18513,7-0,240,1,100,30,0
18514,7-0,240,1,100,30,1
18515,7-0,240,1,100,50,0
18516,7-0,240,1,100,50,1
18517,7-0,240,1,100,70,0
18518,7-0,240,1,100,70,1
18519,7-0,240,1,100,80,0
18520,7-0,240,1,100,80,1
18521,7-0,240,1,100,100,0
18522,7-0,240,1,100,100,1
18523,7-0,240,5,0,0,0
18524,7-0,240,5,0,0,1
18525,7-0,240,5,0,20,0
18526,7-0,240,5,0,20,1
18527,7-0,240,5,0,30,0
18528,7-0,240,5,0,30,1
18529,7-0,240,5,0,50,0
18530,7-0,240,5,0,50,1
18531,7-0,240,5,0,70,0
18532,7-0,240,5,0,70,1
18533,7-0,240,5,0,80,0
18534,7-0,240,5,0,80,1
18535,7-0,240,5,0,100,0
18536,7-0,240,5,0,100,1
18537,7-0,240,5,20,0,0
18538,7-0,240,5,20,0,1
18539,7-0,240,5,20,20,0
18540,7-0,240,5,20,20,1
18541,7-0,240,5,20,30,0
18542,7-0,240,5,20,30,1
18543,7-0,240,5,20,50,0
18544,7-0,240,5,20,50,1
18545,7-0,240,5,20,70,0
18546,7-0,240,5,20,70,1
18547,7-0,240,5,20,80,0
18548,7-0,240,5,20,80,1
18549,7-0,240,5,20,100,0
18550,7-0,240,5,20,100,1
18551,7-0,240,5,30,0,0
18552,7-0,240,5,30,0,1
18553,7-0,240,5,30,20,0
18554,7-0,240,5,30,20,1
18555,7-0,240,5,30,30,0
18556,7-0,240,5,30,30,1
18557,7-0,240,5,30,50,0
18558,7-0,240,5,30,50,1
18559,7-0,240,5,30,70,0
18560,7-0,240,5,30,70,1
18561,7-0,240,5,30,80,0
18562,7-0,240,5,30,80,1
18563,7-0,240,5,30,100,0
18564,7-0,240,5,30,100,1
18565,7-0,240,5,50,0,0
18566,7-0,240,5,50,0,1
18567,7-0,240,5,50,20,0
18568,7-0,240,5,50,20,1
18569,7-0,240,5,50,30,0
18570,7-0,240,5,50,30,1
18571,7-0,240,5,50,50,0
18572,7-0,240,5,50,50,1
18573,7-0,240,5,50,70,0
18574,7-0,240,5,50,70,1
18575,7-0,240,5,50,80,0
18576,7-0,240,5,50,80,1
18577,7-0,240,5,50,100,0
18578,7-0,240,5,50,100,1
18579,7-0,240,5,70,0,0
18580,7-0,240,5,70,0,1
18581,7-0,240,5,70,20,0
18582,7-0,240,5,70,20,1
18583,7-0,240,5,70,30,0
18584,7-0,240,5,70,30,1
18585,7-0,240,5,70,50,0
18586,7-0,240,5,70,50,1
18587,7-0,240,5,70,70,0
18588,7-0,240,5,70,70,1
18589,7-0,240,5,70,80,0
18590,7-0,240,5,70,80,1
18591,7-0,240,5,70,100,0
18592,7-0,240,5,70,100,1
18593,7-0,240,5,80,0,0
18594,7-0,240,5,80,0,1
18595,7-0,240,5,80,20,0
18596,7-0,240,5,80,20,1
18597,7-0,240,5,80,30,0
18598,7-0,240,5,80,30,1
18599,7-0,240,5,80,50,0
18600,7-0,240,5,80,50,1
18601,7-0,240,5,80,70,0
18602,7-0,240,5,80,70,1
18603,7-0,240,5,80,80,0
18604,7-0,240,5,80,80,1
18605,7-0,240,5,80,100,0
18606,7-0,240,5,80,100,1
18607,7-0,240,5,100,0,0
18608,7-0,240,5,100,0,1
18609,7-0,240,5,100,20,0
18610,7-0,240,5,100,20,1
18611,7-0,240,5,100,30,0
18612,7-0,240,5,100,30,1
18613,7-0,240,5,100,50,0
18614,7-0,240,5,100,50,1
18615,7-0,240,5,100,70,0
18616,7-0,240,5,100,70,1
18617,7-0,240,5,100,80,0
18618,7-0,240,5,100,80,1
18619,7-0,240,5,100,100,0
18620,7-0,240,5,100,100,1
18621,7-0,260,0,0,0,0
18622,7-0,260,0,0,0,1
18623,7-0,260,0,0,20,0
18624,7-0,260,0,0,20,1
18625,7-0,260,0,0,30,0
18626,7-0,260,0,0,30,1
18627,7-0,260,0,0,50,0
18628,7-0,260,0,0,50,1
18629,7-0,260,0,0,70,0
18630,7-0,260,0,0,70,1
18631,7-0,260,0,0,80,0
18632,7-0,260,0,0,80,1
18633,7-0,260,0,0,100,0
18634,7-0,260,0,0,100,1
18635,7-0,260,0,20,0,0
18636,7-0,260,0,20,0,1
18637,7-0,260,0,20,20,0
18638,7-0,260,0,20,20,1
18639,7-0,260,0,20,30,0
18640,7-0,260,0,20,30,1
18641,7-0,260,0,20,50,0
18642,7-0,260,0,20,50,1
18643,7-0,260,0,20,70,0
18644,7-0,260,0,20,70,1
18645,7-0,260,0,20,80,0
18646,7-0,260,0,20,80,1
18647,7-0,260,0,20,100,0
18648,7-0,260,0,20,100,1
18649,7-0,260,0,30,0,0
18650,7-0,260,0,30,0,1
18651,7-0,260,0,30,20,0
18652,7-0,260,0,30,20,1
18653,7-0,260,0,30,30,0
18654,7-0,260,0,30,30,1
18655,7-0,260,0,30,50,0
18656,7-0,260,0,30,50,1
18657,7-0,260,0,30,70,0
18658,7-0,260,0,30,70,1
18659,7-0,260,0,30,80,0
18660,7-0,260,0,30,80,1
18661,7-0,260,0,30,100,0
18662,7-0,260,0,30,100,1
18663,7-0,260,0,50,0,0
18664,7-0,260,0,50,0,1
18665,7-0,260,0,50,20,0
18666,7-0,260,0,50,20,1
18667,7-0,260,0,50,30,0
18668,7-0,260,0,50,30,1
18669,7-0,260,0,50,50,0
18670,7-0,260,0,50,50,1
18671,7-0,260,0,50,70,0
18672,7-0,260,0,50,70,1
18673,7-0,260,0,50,80,0
18674,7-0,260,0,50,80,1
18675,7-0,260,0,50,100,0
18676,7-0,260,0,50,100,1
18677,7-0,260,0,70,0,0
18678,7-0,260,0,70,0,1
18679,7-0,260,0,70,20,0
18680,7-0,260,0,70,20,1
18681,7-0,260,0,70,30,0
18682,7-0,260,0,70,30,1
18683,7-0,260,0,70,50,0
18684,7-0,260,0,70,50,1
18685,7-0,260,0,70,70,0
18686,7-0,260,0,70,70,1
18687,7-0,260,0,70,80,0
18688,7-0,260,0,70,80,1
18689,7-0,260,0,70,100,0
18690,7-0,260,0,70,100,1
18691,7-0,260,0,80,0,0
18692,7-0,260,0,80,0,1
18693,7-0,260,0,80,20,0
18694,7-0,260,0,80,20,1
18695,7-0,260,0,80,30,0
18696,7-0,260,0,80,30,1
18697,7-0,260,0,80,50,0
18698,7-0,260,0,80,50,1
18699,7-0,260,0,80,70,0
18700,7-0,260,0,80,70,1
18701,7-0,260,0,80,80,0
18702,7-0,260,0,80,80,1
18703,7-0,260,0,80,100,0
18704,7-0,260,0,80,100,1
18705,7-0,260,0,100,0,0
18706,7-0,260,0,100,0,1
18707,7-0,260,0,100,20,0
18708,7-0,260,0,100,20,1
18709,7-0,260,0,100,30,0
18710,7-0,260,0,100,30,1
18711,7-0,260,0,100,50,0
18712,7-0,260,0,100,50,1
18713,7-0,260,0,100,70,0
18714,7-0,260,0,100,70,1
18715,7-0,260,0,100,80,0
18716,7-0,260,0,100,80,1
18717,7-0,260,0,100,100,0
18718,7-0,260,0,100,100,1
18719,7-0,260,75,0,0,0
18720,7-0,260,75,0,0,1
18721,7-0,260,75,0,20,0
18722,7-0,260,75,0,20,1
18723,7-0,260,75,0,30,0
18724,7-0,260,75,0,30,1
18725,7-0,260,75,0,50,0
18726,7-0,260,75,0,50,1
18727,7-0,260,75,0,70,0
18728,7-0,260,75,0,70,1
18729,7-0,260,75,0,80,0
18730,7-0,260,75,0,80,1
18731,7-0,260,75,0,100,0
18732,7-0,260,75,0,100,1
18733,7-0,260,75,20,0,0
18734,7-0,260,75,20,0,1
18735,7-0,260,75,20,20,0
18736,7-0,260,75,20,20,1
18737,7-0,260,75,20,30,0
18738,7-0,260,75,20,30,1
18739,7-0,260,75,20,50,0
18740,7-0,260,75,20,50,1
18741,7-0,260,75,20,70,0
18742,7-0,260,75,20,70,1
18743,7-0,260,75,20,80,0
18744,7-0,260,75,20,80,1
18745,7-0,260,75,20,100,0
18746,7-0,260,75,20,100,1
18747,7-0,260,75,30,0,0
18748,7-0,260,75,30,0,1
18749,7-0,260,75,30,20,0
18750,7-0,260,75,30,20,1
18751,7-0,260,75,30,30,0
18752,7-0,260,75,30,30,1
18753,7-0,260,75,30,50,0
18754,7-0,260,75,30,50,1
18755,7-0,260,75,30,70,0
18756,7-0,260,75,30,70,1
18757,7-0,260,75,30,80,0
18758,7-0,260,75,30,80,1
18759,7-0,260,75,30,100,0
18760,7-0,260,75,30,100,1
18761,7-0,260,75,50,0,0
18762,7-0,260,75,50,0,1
18763,7-0,260,75,50,20,0
18764,7-0,260,75,50,20,1
18765,7-0,260,75,50,30,0
18766,7-0,260,75,50,30,1
18767,7-0,260,75,50,50,0
18768,7-0,260,75,50,50,1
18769,7-0,260,75,50,70,0
18770,7-0,260,75,50,70,1
18771,7-0,260,75,50,80,0
18772,7-0,260,75,50,80,1
18773,7-0,260,75,50,100,0
18774,7-0,260,75,50,100,1
18775,7-0,260,75,70,0,0
18776,7-0,260,75,70,0,1
18777,7-0,260,75,70,20,0
18778,7-0,260,75,70,20,1
18779,7-0,260,75,70,30,0
18780,7-0,260,75,70,30,1
18781,7-0,260,75,70,50,0
18782,7-0,260,75,70,50,1
18783,7-0,260,75,70,70,0
18784,7-0,260,75,70,70,1
18785,7-0,260,75,70,80,0
18786,7-0,260,75,70,80,1
18787,7-0,260,75,70,100,0
18788,7-0,260,75,70,100,1
18789,7-0,260,75,80,0,0
18790,7-0,260,75,80,0,1
18791,7-0,260,75,80,20,0
18792,7-0,260,75,80,20,1
18793,7-0,260,75,80,30,0
18794,7-0,260,75,80,30,1
18795,7-0,260,75,80,50,0
18796,7-0,260,75,80,50,1
18797,7-0,260,75,80,70,0
18798,7-0,260,75,80,70,1
18799,7-0,260,75,80,80,0
18800,7-0,260,75,80,80,1
18801,7-0,260,75,80,100,0
18802,7-0,260,75,80,100,1
18803,7-0,260,75,100,0,0
18804,7-0,260,75,100,0,1
18805,7-0,260,75,100,20,0
18806,7-0,260,75,100,20,1
18807,7-0,260,75,100,30,0
18808,7-0,260,75,100,30,1
18809,7-0,260,75,100,50,0
18810,7-0,260,75,100,50,1
18811,7-0,260,75,100,70,0
18812,7-0,260,75,100,70,1
18813,7-0,260,75,100,80,0
18814,7-0,260,75,100,80,1
18815,7-0,260,75,100,100,0
18816,7-0,260,75,100,100,1
18817,7-0,260,1,0,0,0
18818,7-0,260,1,0,0,1
18819,7-0,260,1,0,20,0
18820,7-0,260,1,0,20,1
18821,7-0,260,1,0,30,0
18822,7-0,260,1,0,30,1
18823,7-0,260,1,0,50,0
18824,7-0,260,1,0,50,1
18825,7-0,260,1,0,70,0
18826,7-0,260,1,0,70,1
18827,7-0,260,1,0,80,0
18828,7-0,260,1,0,80,1
18829,7-0,260,1,0,100,0
18830,7-0,260,1,0,100,1
18831,7-0,260,1,20,0,0
18832,7-0,260,1,20,0,1
18833,7-0,260,1,20,20,0
18834,7-0,260,1,20,20,1
18835,7-0,260,1,20,30,0
18836,7-0,260,1,20,30,1
18837,7-0,260,1,20,50,0
18838,7-0,260,1,20,50,1
18839,7-0,260,1,20,70,0
18840,7-0,260,1,20,70,1
18841,7-0,260,1,20,80,0
18842,7-0,260,1,20,80,1
18843,7-0,260,1,20,100,0
18844,7-0,260,1,20,100,1
18845,7-0,260,1,30,0,0
18846,7-0,260,1,30,0,1
18847,7-0,260,1,30,20,0
18848,7-0,260,1,30,20,1
18849,7-0,260,1,30,30,0
18850,7-0,260,1,30,30,1
18851,7-0,260,1,30,50,0
18852,7-0,260,1,30,50,1
18853,7-0,260,1,30,70,0
18854,7-0,260,1,30,70,1
18855,7-0,260,1,30,80,0
18856,7-0,260,1,30,80,1
18857,7-0,260,1,30,100,0
18858,7-0,260,1,30,100,1
18859,7-0,260,1,50,0,0
18860,7-0,260,1,50,0,1
18861,7-0,260,1,50,20,0
18862,7-0,260,1,50,20,1
18863,7-0,260,1,50,30,0
18864,7-0,260,1,50,30,1
18865,7-0,260,1,50,50,0
18866,7-0,260,1,50,50,1
18867,7-0,260,1,50,70,0
18868,7-0,260,1,50,70,1
18869,7-0,260,1,50,80,0
18870,7-0,260,1,50,80,1
18871,7-0,260,1,50,100,0
18872,7-0,260,1,50,100,1
18873,7-0,260,1,70,0,0
18874,7-0,260,1,70,0,1
18875,7-0,260,1,70,20,0
18876,7-0,260,1,70,20,1
18877,7-0,260,1,70,30,0
18878,7-0,260,1,70,30,1
18879,7-0,260,1,70,50,0
18880,7-0,260,1,70,50,1
18881,7-0,260,1,70,70,0
18882,7-0,260,1,70,70,1
18883,7-0,260,1,70,80,0
18884,7-0,260,1,70,80,1
18885,7-0,260,1,70,100,0
18886,7-0,260,1,70,100,1
18887,7-0,260,1,80,0,0
18888,7-0,260,1,80,0,1
18889,7-0,260,1,80,20,0
18890,7-0,260,1,80,20,1
18891,7-0,260,1,80,30,0
18892,7-0,260,1,80,30,1
18893,7-0,260,1,80,50,0
18894,7-0,260,1,80,50,1
18895,7-0,260,1,80,70,0
18896,7-0,260,1,80,70,1
18897,7-0,260,1,80,80,0
18898,7-0,260,1,80,80,1
18899,7-0,260,1,80,100,0
18900,7-0,260,1,80,100,1
18901,7-0,260,1,100,0,0
18902,7-0,260,1,100,0,1
18903,7-0,260,1,100,20,0
18904,7-0,260,1,100,20,1
18905,7-0,260,1,100,30,0
18906,7-0,260,1,100,30,1
18907,7-0,260,1,100,50,0
18908,7-0,260,1,100,50,1
18909,7-0,260,1,100,70,0
18910,7-0,260,1,100,70,1
18911,7-0,260,1,100,80,0
18912,7-0,260,1,100,80,1
18913,7-0,260,1,100,100,0
18914,7-0,260,1,100,100,1
18915,7-0,260,1,0,0,0
18916,7-0,260,1,0,0,1
18917,7-0,260,1,0,20,0
18918,7-0,260,1,0,20,1
18919,7-0,260,1,0,30,0
18920,7-0,260,1,0,30,1
18921,7-0,260,1,0,50,0
18922,7-0,260,1,0,50,1
18923,7-0,260,1,0,70,0
18924,7-0,260,1,0,70,1
18925,7-0,260,1,0,80,0
18926,7-0,260,1,0,80,1
18927,7-0,260,1,0,100,0
18928,7-0,260,1,0,100,1
18929,7-0,260,1,20,0,0
18930,7-0,260,1,20,0,1
18931,7-0,260,1,20,20,0
18932,7-0,260,1,20,20,1
18933,7-0,260,1,20,30,0
18934,7-0,260,1,20,30,1
18935,7-0,260,1,20,50,0
18936,7-0,260,1,20,50,1
18937,7-0,260,1,20,70,0
18938,7-0,260,1,20,70,1
18939,7-0,260,1,20,80,0
18940,7-0,260,1,20,80,1
18941,7-0,260,1,20,100,0
18942,7-0,260,1,20,100,1
18943,7-0,260,1,30,0,0
18944,7-0,260,1,30,0,1
18945,7-0,260,1,30,20,0
18946,7-0,260,1,30,20,1
18947,7-0,260,1,30,30,0
18948,7-0,260,1,30,30,1
18949,7-0,260,1,30,50,0
18950,7-0,260,1,30,50,1
18951,7-0,260,1,30,70,0
18952,7-0,260,1,30,70,1
18953,7-0,260,1,30,80,0
18954,7-0,260,1,30,80,1
18955,7-0,260,1,30,100,0
18956,7-0,260,1,30,100,1
18957,7-0,260,1,50,0,0
18958,7-0,260,1,50,0,1
18959,7-0,260,1,50,20,0
18960,7-0,260,1,50,20,1
18961,7-0,260,1,50,30,0
18962,7-0,260,1,50,30,1
18963,7-0,260,1,50,50,0
18964,7-0,260,1,50,50,1
18965,7-0,260,1,50,70,0
18966,7-0,260,1,50,70,1
18967,7-0,260,1,50,80,0
18968,7-0,260,1,50,80,1
18969,7-0,260,1,50,100,0
18970,7-0,260,1,50,100,1
18971,7-0,260,1,70,0,0
18972,7-0,260,1,70,0,1
18973,7-0,260,1,70,20,0
18974,7-0,260,1,70,20,1
18975,7-0,260,1,70,30,0
18976,7-0,260,1,70,30,1
18977,7-0,260,1,70,50,0
18978,7-0,260,1,70,50,1
18979,7-0,260,1,70,70,0
18980,7-0,260,1,70,70,1
18981,7-0,260,1,70,80,0
18982,7-0,260,1,70,80,1
18983,7-0,260,1,70,100,0
18984,7-0,260,1,70,100,1
18985,7-0,260,1,80,0,0
18986,7-0,260,1,80,0,1
18987,7-0,260,1,80,20,0
18988,7-0,260,1,80,20,1
18989,7-0,260,1,80,30,0
18990,7-0,260,1,80,30,1
18991,7-0,260,1,80,50,0
18992,7-0,260,1,80,50,1
18993,7-0,260,1,80,70,0
18994,7-0,260,1,80,70,1
18995,7-0,260,1,80,80,0
18996,7-0,260,1,80,80,1
18997,7-0,260,1,80,100,0
18998,7-0,260,1,80,100,1
18999,7-0,260,1,100,0,0
19000,7-0,260,1,100,0,1
19001,7-0,260,1,100,20,0
19002,7-0,260,1,100,20,1
19003,7-0,260,1,100,30,0
19004,7-0,260,1,100,30,1
19005,7-0,260,1,100,50,0
19006,7-0,260,1,100,50,1
19007,7-0,260,1,100,70,0
19008,7-0,260,1,100,70,1
19009,7-0,260,1,100,80,0
19010,7-0,260,1,100,80,1
19011,7-0,260,1,100,100,0
19012,7-0,260,1,100,100,1
19013,7-0,260,5,0,0,0
19014,7-0,260,5,0,0,1
19015,7-0,260,5,0,20,0
19016,7-0,260,5,0,20,1
19017,7-0,260,5,0,30,0
19018,7-0,260,5,0,30,1
19019,7-0,260,5,0,50,0
19020,7-0,260,5,0,50,1
19021,7-0,260,5,0,70,0
19022,7-0,260,5,0,70,1
19023,7-0,260,5,0,80,0
19024,7-0,260,5,0,80,1
19025,7-0,260,5,0,100,0
19026,7-0,260,5,0,100,1
19027,7-0,260,5,20,0,0
19028,7-0,260,5,20,0,1
19029,7-0,260,5,20,20,0
19030,7-0,260,5,20,20,1
19031,7-0,260,5,20,30,0
19032,7-0,260,5,20,30,1
19033,7-0,260,5,20,50,0
19034,7-0,260,5,20,50,1
19035,7-0,260,5,20,70,0
19036,7-0,260,5,20,70,1
19037,7-0,260,5,20,80,0
19038,7-0,260,5,20,80,1
19039,7-0,260,5,20,100,0
19040,7-0,260,5,20,100,1
19041,7-0,260,5,30,0,0
19042,7-0,260,5,30,0,1
19043,7-0,260,5,30,20,0
19044,7-0,260,5,30,20,1
19045,7-0,260,5,30,30,0
19046,7-0,260,5,30,30,1
19047,7-0,260,5,30,50,0
19048,7-0,260,5,30,50,1
19049,7-0,260,5,30,70,0
19050,7-0,260,5,30,70,1
19051,7-0,260,5,30,80,0
19052,7-0,260,5,30,80,1
19053,7-0,260,5,30,100,0
19054,7-0,260,5,30,100,1
19055,7-0,260,5,50,0,0
19056,7-0,260,5,50,0,1
19057,7-0,260,5,50,20,0
19058,7-0,260,5,50,20,1
19059,7-0,260,5,50,30,0
19060,7-0,260,5,50,30,1
19061,7-0,260,5,50,50,0
19062,7-0,260,5,50,50,1
19063,7-0,260,5,50,70,0
19064,7-0,260,5,50,70,1
19065,7-0,260,5,50,80,0
19066,7-0,260,5,50,80,1
19067,7-0,260,5,50,100,0
19068,7-0,260,5,50,100,1
19069,7-0,260,5,70,0,0
19070,7-0,260,5,70,0,1
19071,7-0,260,5,70,20,0
19072,7-0,260,5,70,20,1
19073,7-0,260,5,70,30,0
19074,7-0,260,5,70,30,1
19075,7-0,260,5,70,50,0
19076,7-0,260,5,70,50,1
19077,7-0,260,5,70,70,0
19078,7-0,260,5,70,70,1
19079,7-0,260,5,70,80,0
19080,7-0,260,5,70,80,1
19081,7-0,260,5,70,100,0
19082,7-0,260,5,70,100,1
19083,7-0,260,5,80,0,0
19084,7-0,260,5,80,0,1
19085,7-0,260,5,80,20,0
19086,7-0,260,5,80,20,1
19087,7-0,260,5,80,30,0
19088,7-0,260,5,80,30,1
19089,7-0,260,5,80,50,0
19090,7-0,260,5,80,50,1
19091,7-0,260,5,80,70,0
19092,7-0,260,5,80,70,1
19093,7-0,260,5,80,80,0
19094,7-0,260,5,80,80,1
19095,7-0,260,5,80,100,0
19096,7-0,260,5,80,100,1
19097,7-0,260,5,100,0,0
19098,7-0,260,5,100,0,1
19099,7-0,260,5,100,20,0
19100,7-0,260,5,100,20,1
19101,7-0,260,5,100,30,0
19102,7-0,260,5,100,30,1
19103,7-0,260,5,100,50,0
19104,7-0,260,5,100,50,1
19105,7-0,260,5,100,70,0
19106,7-0,260,5,100,70,1
19107,7-0,260,5,100,80,0
19108,7-0,260,5,100,80,1
19109,7-0,260,5,100,100,0
19110,7-0,260,5,100,100,1
19111,7-0,280,0,0,0,0
19112,7-0,280,0,0,0,1
19113,7-0,280,0,0,20,0
19114,7-0,280,0,0,20,1
19115,7-0,280,0,0,30,0
19116,7-0,280,0,0,30,1
19117,7-0,280,0,0,50,0
19118,7-0,280,0,0,50,1
19119,7-0,280,0,0,70,0
19120,7-0,280,0,0,70,1
19121,7-0,280,0,0,80,0
19122,7-0,280,0,0,80,1
19123,7-0,280,0,0,100,0
19124,7-0,280,0,0,100,1
19125,7-0,280,0,20,0,0
19126,7-0,280,0,20,0,1
19127,7-0,280,0,20,20,0
19128,7-0,280,0,20,20,1
19129,7-0,280,0,20,30,0
19130,7-0,280,0,20,30,1
19131,7-0,280,0,20,50,0
19132,7-0,280,0,20,50,1
19133,7-0,280,0,20,70,0
19134,7-0,280,0,20,70,1
19135,7-0,280,0,20,80,0
19136,7-0,280,0,20,80,1
19137,7-0,280,0,20,100,0
19138,7-0,280,0,20,100,1
19139,7-0,280,0,30,0,0
19140,7-0,280,0,30,0,1
19141,7-0,280,0,30,20,0
19142,7-0,280,0,30,20,1
19143,7-0,280,0,30,30,0
19144,7-0,280,0,30,30,1
19145,7-0,280,0,30,50,0
19146,7-0,280,0,30,50,1
19147,7-0,280,0,30,70,0
19148,7-0,280,0,30,70,1
19149,7-0,280,0,30,80,0
19150,7-0,280,0,30,80,1
19151,7-0,280,0,30,100,0
19152,7-0,280,0,30,100,1
19153,7-0,280,0,50,0,0
19154,7-0,280,0,50,0,1
19155,7-0,280,0,50,20,0
19156,7-0,280,0,50,20,1
19157,7-0,280,0,50,30,0
19158,7-0,280,0,50,30,1
19159,7-0,280,0,50,50,0
19160,7-0,280,0,50,50,1
19161,7-0,280,0,50,70,0
19162,7-0,280,0,50,70,1
19163,7-0,280,0,50,80,0
19164,7-0,280,0,50,80,1
19165,7-0,280,0,50,100,0
19166,7-0,280,0,50,100,1
19167,7-0,280,0,70,0,0
19168,7-0,280,0,70,0,1
19169,7-0,280,0,70,20,0
19170,7-0,280,0,70,20,1
19171,7-0,280,0,70,30,0
19172,7-0,280,0,70,30,1
19173,7-0,280,0,70,50,0
19174,7-0,280,0,70,50,1
19175,7-0,280,0,70,70,0
19176,7-0,280,0,70,70,1
19177,7-0,280,0,70,80,0
19178,7-0,280,0,70,80,1
19179,7-0,280,0,70,100,0
19180,7-0,280,0,70,100,1
19181,7-0,280,0,80,0,0
19182,7-0,280,0,80,0,1
19183,7-0,280,0,80,20,0
19184,7-0,280,0,80,20,1
19185,7-0,280,0,80,30,0
19186,7-0,280,0,80,30,1
19187,7-0,280,0,80,50,0
19188,7-0,280,0,80,50,1
19189,7-0,280,0,80,70,0
19190,7-0,280,0,80,70,1
19191,7-0,280,0,80,80,0
19192,7-0,280,0,80,80,1
19193,7-0,280,0,80,100,0
19194,7-0,280,0,80,100,1
19195,7-0,280,0,100,0,0
19196,7-0,280,0,100,0,1
19197,7-0,280,0,100,20,0
19198,7-0,280,0,100,20,1
19199,7-0,280,0,100,30,0
19200,7-0,280,0,100,30,1
19201,7-0,280,0,100,50,0
19202,7-0,280,0,100,50,1
19203,7-0,280,0,100,70,0
19204,7-0,280,0,100,70,1
19205,7-0,280,0,100,80,0
19206,7-0,280,0,100,80,1
19207,7-0,280,0,100,100,0
19208,7-0,280,0,100,100,1
19209,7-0,280,75,0,0,0
19210,7-0,280,75,0,0,1
19211,7-0,280,75,0,20,0
19212,7-0,280,75,0,20,1
19213,7-0,280,75,0,30,0
19214,7-0,280,75,0,30,1
19215,7-0,280,75,0,50,0
19216,7-0,280,75,0,50,1
19217,7-0,280,75,0,70,0
19218,7-0,280,75,0,70,1
19219,7-0,280,75,0,80,0
19220,7-0,280,75,0,80,1
19221,7-0,280,75,0,100,0
19222,7-0,280,75,0,100,1
19223,7-0,280,75,20,0,0
19224,7-0,280,75,20,0,1
19225,7-0,280,75,20,20,0
19226,7-0,280,75,20,20,1
19227,7-0,280,75,20,30,0
19228,7-0,280,75,20,30,1
19229,7-0,280,75,20,50,0
19230,7-0,280,75,20,50,1
19231,7-0,280,75,20,70,0
19232,7-0,280,75,20,70,1
19233,7-0,280,75,20,80,0
19234,7-0,280,75,20,80,1
19235,7-0,280,75,20,100,0
19236,7-0,280,75,20,100,1
19237,7-0,280,75,30,0,0
19238,7-0,280,75,30,0,1
19239,7-0,280,75,30,20,0
19240,7-0,280,75,30,20,1
19241,7-0,280,75,30,30,0
19242,7-0,280,75,30,30,1
19243,7-0,280,75,30,50,0
19244,7-0,280,75,30,50,1
19245,7-0,280,75,30,70,0
19246,7-0,280,75,30,70,1
19247,7-0,280,75,30,80,0
19248,7-0,280,75,30,80,1
19249,7-0,280,75,30,100,0
19250,7-0,280,75,30,100,1
19251,7-0,280,75,50,0,0
19252,7-0,280,75,50,0,1
19253,7-0,280,75,50,20,0
19254,7-0,280,75,50,20,1
19255,7-0,280,75,50,30,0
19256,7-0,280,75,50,30,1
19257,7-0,280,75,50,50,0
19258,7-0,280,75,50,50,1
19259,7-0,280,75,50,70,0
19260,7-0,280,75,50,70,1
19261,7-0,280,75,50,80,0
19262,7-0,280,75,50,80,1
19263,7-0,280,75,50,100,0
19264,7-0,280,75,50,100,1
19265,7-0,280,75,70,0,0
19266,7-0,280,75,70,0,1
19267,7-0,280,75,70,20,0
19268,7-0,280,75,70,20,1
19269,7-0,280,75,70,30,0
19270,7-0,280,75,70,30,1
19271,7-0,280,75,70,50,0
19272,7-0,280,75,70,50,1
19273,7-0,280,75,70,70,0
19274,7-0,280,75,70,70,1
19275,7-0,280,75,70,80,0
19276,7-0,280,75,70,80,1
19277,7-0,280,75,70,100,0
19278,7-0,280,75,70,100,1
19279,7-0,280,75,80,0,0
19280,7-0,280,75,80,0,1
19281,7-0,280,75,80,20,0
19282,7-0,280,75,80,20,1
19283,7-0,280,75,80,30,0
19284,7-0,280,75,80,30,1
19285,7-0,280,75,80,50,0
19286,7-0,280,75,80,50,1
19287,7-0,280,75,80,70,0
19288,7-0,280,75,80,70,1
19289,7-0,280,75,80,80,0
19290,7-0,280,75,80,80,1
19291,7-0,280,75,80,100,0
19292,7-0,280,75,80,100,1
19293,7-0,280,75,100,0,0
19294,7-0,280,75,100,0,1
19295,7-0,280,75,100,20,0
19296,7-0,280,75,100,20,1
19297,7-0,280,75,100,30,0
19298,7-0,280,75,100,30,1
19299,7-0,280,75,100,50,0
19300,7-0,280,75,100,50,1
19301,7-0,280,75,100,70,0
19302,7-0,280,75,100,70,1
19303,7-0,280,75,100,80,0
19304,7-0,280,75,100,80,1
19305,7-0,280,75,100,100,0
19306,7-0,280,75,100,100,1
19307,7-0,280,1,0,0,0
19308,7-0,280,1,0,0,1
19309,7-0,280,1,0,20,0
19310,7-0,280,1,0,20,1
19311,7-0,280,1,0,30,0
19312,7-0,280,1,0,30,1
19313,7-0,280,1,0,50,0
19314,7-0,280,1,0,50,1
19315,7-0,280,1,0,70,0
19316,7-0,280,1,0,70,1
19317,7-0,280,1,0,80,0
19318,7-0,280,1,0,80,1
19319,7-0,280,1,0,100,0
19320,7-0,280,1,0,100,1
19321,7-0,280,1,20,0,0
19322,7-0,280,1,20,0,1
19323,7-0,280,1,20,20,0
19324,7-0,280,1,20,20,1
19325,7-0,280,1,20,30,0
19326,7-0,280,1,20,30,1
19327,7-0,280,1,20,50,0
19328,7-0,280,1,20,50,1
19329,7-0,280,1,20,70,0
19330,7-0,280,1,20,70,1
19331,7-0,280,1,20,80,0
19332,7-0,280,1,20,80,1
19333,7-0,280,1,20,100,0
19334,7-0,280,1,20,100,1
19335,7-0,280,1,30,0,0
19336,7-0,280,1,30,0,1
19337,7-0,280,1,30,20,0
19338,7-0,280,1,30,20,1
19339,7-0,280,1,30,30,0
19340,7-0,280,1,30,30,1
19341,7-0,280,1,30,50,0
19342,7-0,280,1,30,50,1
19343,7-0,280,1,30,70,0
19344,7-0,280,1,30,70,1
19345,7-0,280,1,30,80,0
19346,7-0,280,1,30,80,1
19347,7-0,280,1,30,100,0
19348,7-0,280,1,30,100,1
19349,7-0,280,1,50,0,0
19350,7-0,280,1,50,0,1
19351,7-0,280,1,50,20,0
19352,7-0,280,1,50,20,1
19353,7-0,280,1,50,30,0
19354,7-0,280,1,50,30,1
19355,7-0,280,1,50,50,0
19356,7-0,280,1,50,50,1
19357,7-0,280,1,50,70,0
19358,7-0,280,1,50,70,1
19359,7-0,280,1,50,80,0
19360,7-0,280,1,50,80,1
19361,7-0,280,1,50,100,0
19362,7-0,280,1,50,100,1
19363,7-0,280,1,70,0,0
19364,7-0,280,1,70,0,1
19365,7-0,280,1,70,20,0
19366,7-0,280,1,70,20,1
19367,7-0,280,1,70,30,0
19368,7-0,280,1,70,30,1
19369,7-0,280,1,70,50,0
19370,7-0,280,1,70,50,1
19371,7-0,280,1,70,70,0
19372,7-0,280,1,70,70,1
19373,7-0,280,1,70,80,0
19374,7-0,280,1,70,80,1
19375,7-0,280,1,70,100,0
19376,7-0,280,1,70,100,1
19377,7-0,280,1,80,0,0
19378,7-0,280,1,80,0,1
19379,7-0,280,1,80,20,0
19380,7-0,280,1,80,20,1
19381,7-0,280,1,80,30,0
19382,7-0,280,1,80,30,1
19383,7-0,280,1,80,50,0
19384,7-0,280,1,80,50,1
19385,7-0,280,1,80,70,0
19386,7-0,280,1,80,70,1
19387,7-0,280,1,80,80,0
19388,7-0,280,1,80,80,1
19389,7-0,280,1,80,100,0
19390,7-0,280,1,80,100,1
19391,7-0,280,1,100,0,0
19392,7-0,280,1,100,0,1
19393,7-0,280,1,100,20,0
19394,7-0,280,1,100,20,1
19395,7-0,280,1,100,30,0
19396,7-0,280,1,100,30,1
19397,7-0,280,1,100,50,0
19398,7-0,280,1,100,50,1
19399,7-0,280,1,100,70,0
19400,7-0,280,1,100,70,1
19401,7-0,280,1,100,80,0
19402,7-0,280,1,100,80,1
19403,7-0,280,1,100,100,0
19404,7-0,280,1,100,100,1
19405,7-0,280,1,0,0,0
19406,7-0,280,1,0,0,1
19407,7-0,280,1,0,20,0
19408,7-0,280,1,0,20,1
19409,7-0,280,1,0,30,0
19410,7-0,280,1,0,30,1
19411,7-0,280,1,0,50,0
19412,7-0,280,1,0,50,1
19413,7-0,280,1,0,70,0
19414,7-0,280,1,0,70,1
19415,7-0,280,1,0,80,0
19416,7-0,280,1,0,80,1
19417,7-0,280,1,0,100,0
19418,7-0,280,1,0,100,1
19419,7-0,280,1,20,0,0
19420,7-0,280,1,20,0,1
19421,7-0,280,1,20,20,0
19422,7-0,280,1,20,20,1
19423,7-0,280,1,20,30,0
19424,7-0,280,1,20,30,1
19425,7-0,280,1,20,50,0
19426,7-0,280,1,20,50,1
19427,7-0,280,1,20,70,0
19428,7-0,280,1,20,70,1
19429,7-0,280,1,20,80,0
19430,7-0,280,1,20,80,1
19431,7-0,280,1,20,100,0
19432,7-0,280,1,20,100,1
19433,7-0,280,1,30,0,0
19434,7-0,280,1,30,0,1
19435,7-0,280,1,30,20,0
19436,7-0,280,1,30,20,1
19437,7-0,280,1,30,30,0
19438,7-0,280,1,30,30,1
19439,7-0,280,1,30,50,0
19440,7-0,280,1,30,50,1
19441,7-0,280,1,30,70,0
19442,7-0,280,1,30,70,1
19443,7-0,280,1,30,80,0
19444,7-0,280,1,30,80,1
19445,7-0,280,1,30,100,0
19446,7-0,280,1,30,100,1
19447,7-0,280,1,50,0,0
19448,7-0,280,1,50,0,1
19449,7-0,280,1,50,20,0
19450,7-0,280,1,50,20,1
19451,7-0,280,1,50,30,0
19452,7-0,280,1,50,30,1
19453,7-0,280,1,50,50,0
19454,7-0,280,1,50,50,1
19455,7-0,280,1,50,70,0
19456,7-0,280,1,50,70,1
19457,7-0,280,1,50,80,0
19458,7-0,280,1,50,80,1
19459,7-0,280,1,50,100,0
19460,7-0,280,1,50,100,1
19461,7-0,280,1,70,0,0
19462,7-0,280,1,70,0,1
19463,7-0,280,1,70,20,0
19464,7-0,280,1,70,20,1
19465,7-0,280,1,70,30,0
19466,7-0,280,1,70,30,1
19467,7-0,280,1,70,50,0
19468,7-0,280,1,70,50,1
19469,7-0,280,1,70,70,0
19470,7-0,280,1,70,70,1
19471,7-0,280,1,70,80,0
19472,7-0,280,1,70,80,1
19473,7-0,280,1,70,100,0
19474,7-0,280,1,70,100,1
19475,7-0,280,1,80,0,0
19476,7-0,280,1,80,0,1
19477,7-0,280,1,80,20,0
19478,7-0,280,1,80,20,1
19479,7-0,280,1,80,30,0
19480,7-0,280,1,80,30,1
19481,7-0,280,1,80,50,0
19482,7-0,280,1,80,50,1
19483,7-0,280,1,80,70,0
19484,7-0,280,1,80,70,1
19485,7-0,280,1,80,80,0
19486,7-0,280,1,80,80,1
19487,7-0,280,1,80,100,0
19488,7-0,280,1,80,100,1
19489,7-0,280,1,100,0,0
19490,7-0,280,1,100,0,1
19491,7-0,280,1,100,20,0
19492,7-0,280,1,100,20,1
19493,7-0,280,1,100,30,0
19494,7-0,280,1,100,30,1
19495,7-0,280,1,100,50,0
19496,7-0,280,1,100,50,1
19497,7-0,280,1,100,70,0
19498,7-0,280,1,100,70,1
19499,7-0,280,1,100,80,0
19500,7-0,280,1,100,80,1
19501,7-0,280,1,100,100,0
19502,7-0,280,1,100,100,1
19503,7-0,280,5,0,0,0
19504,7-0,280,5,0,0,1
19505,7-0,280,5,0,20,0
19506,7-0,280,5,0,20,1
19507,7-0,280,5,0,30,0
19508,7-0,280,5,0,30,1
19509,7-0,280,5,0,50,0
19510,7-0,280,5,0,50,1
19511,7-0,280,5,0,70,0
19512,7-0,280,5,0,70,1
19513,7-0,280,5,0,80,0
19514,7-0,280,5,0,80,1
19515,7-0,280,5,0,100,0
19516,7-0,280,5,0,100,1
19517,7-0,280,5,20,0,0
19518,7-0,280,5,20,0,1
19519,7-0,280,5,20,20,0
19520,7-0,280,5,20,20,1
19521,7-0,280,5,20,30,0
19522,7-0,280,5,20,30,1
19523,7-0,280,5,20,50,0
19524,7-0,280,5,20,50,1
19525,7-0,280,5,20,70,0
19526,7-0,280,5,20,70,1
19527,7-0,280,5,20,80,0
19528,7-0,280,5,20,80,1
19529,7-0,280,5,20,100,0
19530,7-0,280,5,20,100,1
19531,7-0,280,5,30,0,0
19532,7-0,280,5,30,0,1
19533,7-0,280,5,30,20,0
19534,7-0,280,5,30,20,1
19535,7-0,280,5,30,30,0
19536,7-0,280,5,30,30,1
19537,7-0,280,5,30,50,0
19538,7-0,280,5,30,50,1
19539,7-0,280,5,30,70,0
19540,7-0,280,5,30,70,1
19541,7-0,280,5,30,80,0
19542,7-0,280,5,30,80,1
19543,7-0,280,5,30,100,0
19544,7-0,280,5,30,100,1
19545,7-0,280,5,50,0,0
19546,7-0,280,5,50,0,1
19547,7-0,280,5,50,20,0
19548,7-0,280,5,50,20,1
19549,7-0,280,5,50,30,0
19550,7-0,280,5,50,30,1
19551,7-0,280,5,50,50,0
19552,7-0,280,5,50,50,1
19553,7-0,280,5,50,70,0
19554,7-0,280,5,50,70,1
19555,7-0,280,5,50,80,0
19556,7-0,280,5,50,80,1
19557,7-0,280,5,50,100,0
19558,7-0,280,5,50,100,1
19559,7-0,280,5,70,0,0
19560,7-0,280,5,70,0,1
19561,7-0,280,5,70,20,0
19562,7-0,280,5,70,20,1
19563,7-0,280,5,70,30,0
19564,7-0,280,5,70,30,1
19565,7-0,280,5,70,50,0
19566,7-0,280,5,70,50,1
19567,7-0,280,5,70,70,0
19568,7-0,280,5,70,70,1
19569,7-0,280,5,70,80,0
19570,7-0,280,5,70,80,1
19571,7-0,280,5,70,100,0
19572,7-0,280,5,70,100,1
19573,7-0,280,5,80,0,0
19574,7-0,280,5,80,0,1
19575,7-0,280,5,80,20,0
19576,7-0,280,5,80,20,1
19577,7-0,280,5,80,30,0
19578,7-0,280,5,80,30,1
19579,7-0,280,5,80,50,0
19580,7-0,280,5,80,50,1
19581,7-0,280,5,80,70,0
19582,7-0,280,5,80,70,1
19583,7-0,280,5,80,80,0
19584,7-0,280,5,80,80,1
19585,7-0,280,5,80,100,0
19586,7-0,280,5,80,100,1
19587,7-0,280,5,100,0,0
19588,7-0,280,5,100,0,1
19589,7-0,280,5,100,20,0
19590,7-0,280,5,100,20,1
19591,7-0,280,5,100,30,0
19592,7-0,280,5,100,30,1
19593,7-0,280,5,100,50,0
19594,7-0,280,5,100,50,1
19595,7-0,280,5,100,70,0
19596,7-0,280,5,100,70,1
19597,7-0,280,5,100,80,0
19598,7-0,280,5,100,80,1
19599,7-0,280,5,100,100,0
19600,7-0,280,5,100,100,1
19601,7-0,300,0,0,0,0
19602,7-0,300,0,0,0,1
19603,7-0,300,0,0,20,0
19604,7-0,300,0,0,20,1
19605,7-0,300,0,0,30,0
19606,7-0,300,0,0,30,1
19607,7-0,300,0,0,50,0
19608,7-0,300,0,0,50,1
19609,7-0,300,0,0,70,0
19610,7-0,300,0,0,70,1
19611,7-0,300,0,0,80,0
19612,7-0,300,0,0,80,1
19613,7-0,300,0,0,100,0
19614,7-0,300,0,0,100,1
19615,7-0,300,0,20,0,0
19616,7-0,300,0,20,0,1
19617,7-0,300,0,20,20,0
19618,7-0,300,0,20,20,1
19619,7-0,300,0,20,30,0
19620,7-0,300,0,20,30,1
19621,7-0,300,0,20,50,0
19622,7-0,300,0,20,50,1
19623,7-0,300,0,20,70,0
19624,7-0,300,0,20,70,1
19625,7-0,300,0,20,80,0
19626,7-0,300,0,20,80,1
19627,7-0,300,0,20,100,0
19628,7-0,300,0,20,100,1
19629,7-0,300,0,30,0,0
19630,7-0,300,0,30,0,1
19631,7-0,300,0,30,20,0
19632,7-0,300,0,30,20,1
19633,7-0,300,0,30,30,0
19634,7-0,300,0,30,30,1
19635,7-0,300,0,30,50,0
19636,7-0,300,0,30,50,1
19637,7-0,300,0,30,70,0
19638,7-0,300,0,30,70,1
19639,7-0,300,0,30,80,0
19640,7-0,300,0,30,80,1
19641,7-0,300,0,30,100,0
19642,7-0,300,0,30,100,1
19643,7-0,300,0,50,0,0
19644,7-0,300,0,50,0,1
19645,7-0,300,0,50,20,0
19646,7-0,300,0,50,20,1
19647,7-0,300,0,50,30,0
19648,7-0,300,0,50,30,1
19649,7-0,300,0,50,50,0
19650,7-0,300,0,50,50,1
19651,7-0,300,0,50,70,0
19652,7-0,300,0,50,70,1
19653,7-0,300,0,50,80,0
19654,7-0,300,0,50,80,1
19655,7-0,300,0,50,100,0
19656,7-0,300,0,50,100,1
19657,7-0,300,0,70,0,0
19658,7-0,300,0,70,0,1
19659,7-0,300,0,70,20,0
19660,7-0,300,0,70,20,1
19661,7-0,300,0,70,30,0
19662,7-0,300,0,70,30,1
19663,7-0,300,0,70,50,0
19664,7-0,300,0,70,50,1
19665,7-0,300,0,70,70,0
19666,7-0,300,0,70,70,1
19667,7-0,300,0,70,80,0
19668,7-0,300,0,70,80,1
19669,7-0,300,0,70,100,0
19670,7-0,300,0,70,100,1
19671,7-0,300,0,80,0,0
19672,7-0,300,0,80,0,1
19673,7-0,300,0,80,20,0
19674,7-0,300,0,80,20,1
19675,7-0,300,0,80,30,0
19676,7-0,300,0,80,30,1
19677,7-0,300,0,80,50,0
19678,7-0,300,0,80,50,1
19679,7-0,300,0,80,70,0
19680,7-0,300,0,80,70,1
19681,7-0,300,0,80,80,0
19682,7-0,300,0,80,80,1
19683,7-0,300,0,80,100,0
19684,7-0,300,0,80,100,1
19685,7-0,300,0,100,0,0
19686,7-0,300,0,100,0,1
19687,7-0,300,0,100,20,0
19688,7-0,300,0,100,20,1
19689,7-0,300,0,100,30,0
19690,7-0,300,0,100,30,1
19691,7-0,300,0,100,50,0
19692,7-0,300,0,100,50,1
19693,7-0,300,0,100,70,0
19694,7-0,300,0,100,70,1
19695,7-0,300,0,100,80,0
19696,7-0,300,0,100,80,1
19697,7-0,300,0,100,100,0
19698,7-0,300,0,100,100,1
19699,7-0,300,75,0,0,0
19700,7-0,300,75,0,0,1
19701,7-0,300,75,0,20,0
19702,7-0,300,75,0,20,1
19703,7-0,300,75,0,30,0
19704,7-0,300,75,0,30,1
19705,7-0,300,75,0,50,0
19706,7-0,300,75,0,50,1
19707,7-0,300,75,0,70,0
19708,7-0,300,75,0,70,1
19709,7-0,300,75,0,80,0
19710,7-0,300,75,0,80,1
19711,7-0,300,75,0,100,0
19712,7-0,300,75,0,100,1
19713,7-0,300,75,20,0,0
19714,7-0,300,75,20,0,1
19715,7-0,300,75,20,20,0
19716,7-0,300,75,20,20,1
19717,7-0,300,75,20,30,0
19718,7-0,300,75,20,30,1
19719,7-0,300,75,20,50,0
19720,7-0,300,75,20,50,1
19721,7-0,300,75,20,70,0
19722,7-0,300,75,20,70,1
19723,7-0,300,75,20,80,0
19724,7-0,300,75,20,80,1
19725,7-0,300,75,20,100,0
19726,7-0,300,75,20,100,1
19727,7-0,300,75,30,0,0
19728,7-0,300,75,30,0,1
19729,7-0,300,75,30,20,0
19730,7-0,300,75,30,20,1
19731,7-0,300,75,30,30,0
19732,7-0,300,75,30,30,1
19733,7-0,300,75,30,50,0
19734,7-0,300,75,30,50,1
19735,7-0,300,75,30,70,0
19736,7-0,300,75,30,70,1
19737,7-0,300,75,30,80,0
19738,7-0,300,75,30,80,1
19739,7-0,300,75,30,100,0
19740,7-0,300,75,30,100,1
19741,7-0,300,75,50,0,0
19742,7-0,300,75,50,0,1
19743,7-0,300,75,50,20,0
19744,7-0,300,75,50,20,1
19745,7-0,300,75,50,30,0
19746,7-0,300,75,50,30,1
19747,7-0,300,75,50,50,0
19748,7-0,300,75,50,50,1
19749,7-0,300,75,50,70,0
19750,7-0,300,75,50,70,1
19751,7-0,300,75,50,80,0
19752,7-0,300,75,50,80,1
19753,7-0,300,75,50,100,0
19754,7-0,300,75,50,100,1
19755,7-0,300,75,70,0,0
19756,7-0,300,75,70,0,1
19757,7-0,300,75,70,20,0
19758,7-0,300,75,70,20,1
19759,7-0,300,75,70,30,0
19760,7-0,300,75,70,30,1
19761,7-0,300,75,70,50,0
19762,7-0,300,75,70,50,1
19763,7-0,300,75,70,70,0
19764,7-0,300,75,70,70,1
19765,7-0,300,75,70,80,0
19766,7-0,300,75,70,80,1
19767,7-0,300,75,70,100,0
19768,7-0,300,75,70,100,1
19769,7-0,300,75,80,0,0
19770,7-0,300,75,80,0,1
19771,7-0,300,75,80,20,0
19772,7-0,300,75,80,20,1
19773,7-0,300,75,80,30,0
19774,7-0,300,75,80,30,1
19775,7-0,300,75,80,50,0
19776,7-0,300,75,80,50,1
19777,7-0,300,75,80,70,0
19778,7-0,300,75,80,70,1
19779,7-0,300,75,80,80,0
19780,7-0,300,75,80,80,1
19781,7-0,300,75,80,100,0
19782,7-0,300,75,80,100,1
19783,7-0,300,75,100,0,0
19784,7-0,300,75,100,0,1
19785,7-0,300,75,100,20,0
19786,7-0,300,75,100,20,1
19787,7-0,300,75,100,30,0
19788,7-0,300,75,100,30,1
19789,7-0,300,75,100,50,0
19790,7-0,300,75,100,50,1
19791,7-0,300,75,100,70,0
19792,7-0,300,75,100,70,1
19793,7-0,300,75,100,80,0
19794,7-0,300,75,100,80,1
19795,7-0,300,75,100,100,0
19796,7-0,300,75,100,100,1
19797,7-0,300,1,0,0,0
19798,7-0,300,1,0,0,1
19799,7-0,300,1,0,20,0
19800,7-0,300,1,0,20,1
19801,7-0,300,1,0,30,0
19802,7-0,300,1,0,30,1
19803,7-0,300,1,0,50,0
19804,7-0,300,1,0,50,1
19805,7-0,300,1,0,70,0
19806,7-0,300,1,0,70,1
19807,7-0,300,1,0,80,0
19808,7-0,300,1,0,80,1
19809,7-0,300,1,0,100,0
19810,7-0,300,1,0,100,1
19811,7-0,300,1,20,0,0
19812,7-0,300,1,20,0,1
19813,7-0,300,1,20,20,0
19814,7-0,300,1,20,20,1
19815,7-0,300,1,20,30,0
19816,7-0,300,1,20,30,1
19817,7-0,300,1,20,50,0
19818,7-0,300,1,20,50,1
19819,7-0,300,1,20,70,0
19820,7-0,300,1,20,70,1
19821,7-0,300,1,20,80,0
19822,7-0,300,1,20,80,1
19823,7-0,300,1,20,100,0
19824,7-0,300,1,20,100,1
19825,7-0,300,1,30,0,0
19826,7-0,300,1,30,0,1
19827,7-0,300,1,30,20,0
19828,7-0,300,1,30,20,1
19829,7-0,300,1,30,30,0
19830,7-0,300,1,30,30,1
19831,7-0,300,1,30,50,0
19832,7-0,300,1,30,50,1
19833,7-0,300,1,30,70,0
19834,7-0,300,1,30,70,1
19835,7-0,300,1,30,80,0
19836,7-0,300,1,30,80,1
19837,7-0,300,1,30,100,0
19838,7-0,300,1,30,100,1
19839,7-0,300,1,50,0,0
19840,7-0,300,1,50,0,1
19841,7-0,300,1,50,20,0
19842,7-0,300,1,50,20,1
19843,7-0,300,1,50,30,0
19844,7-0,300,1,50,30,1
19845,7-0,300,1,50,50,0
19846,7-0,300,1,50,50,1
19847,7-0,300,1,50,70,0
19848,7-0,300,1,50,70,1
19849,7-0,300,1,50,80,0
19850,7-0,300,1,50,80,1
19851,7-0,300,1,50,100,0
19852,7-0,300,1,50,100,1
19853,7-0,300,1,70,0,0
19854,7-0,300,1,70,0,1
19855,7-0,300,1,70,20,0
19856,7-0,300,1,70,20,1
19857,7-0,300,1,70,30,0
19858,7-0,300,1,70,30,1
19859,7-0,300,1,70,50,0
19860,7-0,300,1,70,50,1
19861,7-0,300,1,70,70,0
19862,7-0,300,1,70,70,1
19863,7-0,300,1,70,80,0
19864,7-0,300,1,70,80,1
19865,7-0,300,1,70,100,0
19866,7-0,300,1,70,100,1
19867,7-0,300,1,80,0,0
19868,7-0,300,1,80,0,1
19869,7-0,300,1,80,20,0
19870,7-0,300,1,80,20,1
19871,7-0,300,1,80,30,0
19872,7-0,300,1,80,30,1
19873,7-0,300,1,80,50,0
19874,7-0,300,1,80,50,1
19875,7-0,300,1,80,70,0
19876,7-0,300,1,80,70,1
19877,7-0,300,1,80,80,0
19878,7-0,300,1,80,80,1
19879,7-0,300,1,80,100,0
19880,7-0,300,1,80,100,1
19881,7-0,300,1,100,0,0
19882,7-0,300,1,100,0,1
19883,7-0,300,1,100,20,0
19884,7-0,300,1,100,20,1
19885,7-0,300,1,100,30,0
19886,7-0,300,1,100,30,1
19887,7-0,300,1,100,50,0
19888,7-0,300,1,100,50,1
19889,7-0,300,1,100,70,0
19890,7-0,300,1,100,70,1
19891,7-0,300,1,100,80,0
19892,7-0,300,1,100,80,1
19893,7-0,300,1,100,100,0
19894,7-0,300,1,100,100,1
19895,7-0,300,1,0,0,0
19896,7-0,300,1,0,0,1
19897,7-0,300,1,0,20,0
19898,7-0,300,1,0,20,1
19899,7-0,300,1,0,30,0
19900,7-0,300,1,0,30,1
19901,7-0,300,1,0,50,0
19902,7-0,300,1,0,50,1
19903,7-0,300,1,0,70,0
19904,7-0,300,1,0,70,1
19905,7-0,300,1,0,80,0
19906,7-0,300,1,0,80,1
19907,7-0,300,1,0,100,0
19908,7-0,300,1,0,100,1
19909,7-0,300,1,20,0,0
19910,7-0,300,1,20,0,1
19911,7-0,300,1,20,20,0
19912,7-0,300,1,20,20,1
19913,7-0,300,1,20,30,0
19914,7-0,300,1,20,30,1
19915,7-0,300,1,20,50,0
19916,7-0,300,1,20,50,1
19917,7-0,300,1,20,70,0
19918,7-0,300,1,20,70,1
19919,7-0,300,1,20,80,0
19920,7-0,300,1,20,80,1
19921,7-0,300,1,20,100,0
19922,7-0,300,1,20,100,1
19923,7-0,300,1,30,0,0
19924,7-0,300,1,30,0,1
19925,7-0,300,1,30,20,0
19926,7-0,300,1,30,20,1
19927,7-0,300,1,30,30,0
19928,7-0,300,1,30,30,1
19929,7-0,300,1,30,50,0
19930,7-0,300,1,30,50,1
19931,7-0,300,1,30,70,0
19932,7-0,300,1,30,70,1
19933,7-0,300,1,30,80,0
19934,7-0,300,1,30,80,1
19935,7-0,300,1,30,100,0
19936,7-0,300,1,30,100,1
19937,7-0,300,1,50,0,0
19938,7-0,300,1,50,0,1
19939,7-0,300,1,50,20,0
19940,7-0,300,1,50,20,1
19941,7-0,300,1,50,30,0
19942,7-0,300,1,50,30,1
19943,7-0,300,1,50,50,0
19944,7-0,300,1,50,50,1
19945,7-0,300,1,50,70,0
19946,7-0,300,1,50,70,1
19947,7-0,300,1,50,80,0
19948,7-0,300,1,50,80,1
19949,7-0,300,1,50,100,0
19950,7-0,300,1,50,100,1
19951,7-0,300,1,70,0,0
19952,7-0,300,1,70,0,1
19953,7-0,300,1,70,20,0
19954,7-0,300,1,70,20,1
19955,7-0,300,1,70,30,0
19956,7-0,300,1,70,30,1
19957,7-0,300,1,70,50,0
19958,7-0,300,1,70,50,1
19959,7-0,300,1,70,70,0
19960,7-0,300,1,70,70,1
19961,7-0,300,1,70,80,0
19962,7-0,300,1,70,80,1
19963,7-0,300,1,70,100,0
19964,7-0,300,1,70,100,1
19965,7-0,300,1,80,0,0
19966,7-0,300,1,80,0,1
19967,7-0,300,1,80,20,0
19968,7-0,300,1,80,20,1
19969,7-0,300,1,80,30,0
19970,7-0,300,1,80,30,1
19971,7-0,300,1,80,50,0
19972,7-0,300,1,80,50,1
19973,7-0,300,1,80,70,0
19974,7-0,300,1,80,70,1
19975,7-0,300,1,80,80,0
19976,7-0,300,1,80,80,1
19977,7-0,300,1,80,100,0
19978,7-0,300,1,80,100,1
19979,7-0,300,1,100,0,0
19980,7-0,300,1,100,0,1
19981,7-0,300,1,100,20,0
19982,7-0,300,1,100,20,1
19983,7-0,300,1,100,30,0
19984,7-0,300,1,100,30,1
19985,7-0,300,1,100,50,0
19986,7-0,300,1,100,50,1
19987,7-0,300,1,100,70,0
19988,7-0,300,1,100,70,1
19989,7-0,300,1,100,80,0
19990,7-0,300,1,100,80,1
19991,7-0,300,1,100,100,0
19992,7-0,300,1,100,100,1
19993,7-0,300,5,0,0,0
19994,7-0,300,5,0,0,1
19995,7-0,300,5,0,20,0
19996,7-0,300,5,0,20,1
19997,7-0,300,5,0,30,0
19998,7-0,300,5,0,30,1
19999,7-0,300,5,0,50,0
20000,7-0,300,5,0,50,1
20001,7-0,300,5,0,70,0
20002,7-0,300,5,0,70,1
20003,7-0,300,5,0,80,0
20004,7-0,300,5,0,80,1
20005,7-0,300,5,0,100,0
20006,7-0,300,5,0,100,1
20007,7-0,300,5,20,0,0
20008,7-0,300,5,20,0,1
20009,7-0,300,5,20,20,0
20010,7-0,300,5,20,20,1
20011,7-0,300,5,20,30,0
20012,7-0,300,5,20,30,1
20013,7-0,300,5,20,50,0
20014,7-0,300,5,20,50,1
20015,7-0,300,5,20,70,0
20016,7-0,300,5,20,70,1
20017,7-0,300,5,20,80,0
20018,7-0,300,5,20,80,1
20019,7-0,300,5,20,100,0
20020,7-0,300,5,20,100,1
20021,7-0,300,5,30,0,0
20022,7-0,300,5,30,0,1
20023,7-0,300,5,30,20,0
20024,7-0,300,5,30,20,1
20025,7-0,300,5,30,30,0
20026,7-0,300,5,30,30,1
20027,7-0,300,5,30,50,0
20028,7-0,300,5,30,50,1
20029,7-0,300,5,30,70,0
20030,7-0,300,5,30,70,1
20031,7-0,300,5,30,80,0
20032,7-0,300,5,30,80,1
20033,7-0,300,5,30,100,0
20034,7-0,300,5,30,100,1
20035,7-0,300,5,50,0,0
20036,7-0,300,5,50,0,1
20037,7-0,300,5,50,20,0
20038,7-0,300,5,50,20,1
20039,7-0,300,5,50,30,0
20040,7-0,300,5,50,30,1
20041,7-0,300,5,50,50,0
20042,7-0,300,5,50,50,1
20043,7-0,300,5,50,70,0
20044,7-0,300,5,50,70,1
20045,7-0,300,5,50,80,0
20046,7-0,300,5,50,80,1
20047,7-0,300,5,50,100,0
20048,7-0,300,5,50,100,1
20049,7-0,300,5,70,0,0
20050,7-0,300,5,70,0,1
20051,7-0,300,5,70,20,0
20052,7-0,300,5,70,20,1
20053,7-0,300,5,70,30,0
20054,7-0,300,5,70,30,1
20055,7-0,300,5,70,50,0
20056,7-0,300,5,70,50,1
20057,7-0,300,5,70,70,0
20058,7-0,300,5,70,70,1
20059,7-0,300,5,70,80,0
20060,7-0,300,5,70,80,1
20061,7-0,300,5,70,100,0
20062,7-0,300,5,70,100,1
20063,7-0,300,5,80,0,0
20064,7-0,300,5,80,0,1
20065,7-0,300,5,80,20,0
20066,7-0,300,5,80,20,1
20067,7-0,300,5,80,30,0
20068,7-0,300,5,80,30,1
20069,7-0,300,5,80,50,0
20070,7-0,300,5,80,50,1
20071,7-0,300,5,80,70,0
20072,7-0,300,5,80,70,1
20073,7-0,300,5,80,80,0
20074,7-0,300,5,80,80,1
20075,7-0,300,5,80,100,0
20076,7-0,300,5,80,100,1
20077,7-0,300,5,100,0,0
20078,7-0,300,5,100,0,1
20079,7-0,300,5,100,20,0
20080,7-0,300,5,100,20,1
20081,7-0,300,5,100,30,0
20082,7-0,300,5,100,30,1
20083,7-0,300,5,100,50,0
20084,7-0,300,5,100,50,1
20085,7-0,300,5,100,70,0
20086,7-0,300,5,100,70,1
20087,7-0,300,5,100,80,0
20088,7-0,300,5,100,80,1
20089,7-0,300,5,100,100,0
20090,7-0,300,5,100,100,1
20091,7-0,320,0,0,0,0
20092,7-0,320,0,0,0,1
20093,7-0,320,0,0,20,0
20094,7-0,320,0,0,20,1
20095,7-0,320,0,0,30,0
20096,7-0,320,0,0,30,1
20097,7-0,320,0,0,50,0
20098,7-0,320,0,0,50,1
20099,7-0,320,0,0,70,0
20100,7-0,320,0,0,70,1
20101,7-0,320,0,0,80,0
20102,7-0,320,0,0,80,1
20103,7-0,320,0,0,100,0
20104,7-0,320,0,0,100,1
20105,7-0,320,0,20,0,0
20106,7-0,320,0,20,0,1
20107,7-0,320,0,20,20,0
20108,7-0,320,0,20,20,1
20109,7-0,320,0,20,30,0
20110,7-0,320,0,20,30,1
20111,7-0,320,0,20,50,0
20112,7-0,320,0,20,50,1
20113,7-0,320,0,20,70,0
20114,7-0,320,0,20,70,1
20115,7-0,320,0,20,80,0
20116,7-0,320,0,20,80,1
20117,7-0,320,0,20,100,0
20118,7-0,320,0,20,100,1
20119,7-0,320,0,30,0,0
20120,7-0,320,0,30,0,1
20121,7-0,320,0,30,20,0
20122,7-0,320,0,30,20,1
20123,7-0,320,0,30,30,0
20124,7-0,320,0,30,30,1
20125,7-0,320,0,30,50,0
20126,7-0,320,0,30,50,1
20127,7-0,320,0,30,70,0
20128,7-0,320,0,30,70,1
20129,7-0,320,0,30,80,0
20130,7-0,320,0,30,80,1
20131,7-0,320,0,30,100,0
20132,7-0,320,0,30,100,1
20133,7-0,320,0,50,0,0
20134,7-0,320,0,50,0,1
20135,7-0,320,0,50,20,0
20136,7-0,320,0,50,20,1
20137,7-0,320,0,50,30,0
20138,7-0,320,0,50,30,1
20139,7-0,320,0,50,50,0
20140,7-0,320,0,50,50,1
20141,7-0,320,0,50,70,0
20142,7-0,320,0,50,70,1
20143,7-0,320,0,50,80,0
20144,7-0,320,0,50,80,1
20145,7-0,320,0,50,100,0
20146,7-0,320,0,50,100,1
20147,7-0,320,0,70,0,0
20148,7-0,320,0,70,0,1
20149,7-0,320,0,70,20,0
20150,7-0,320,0,70,20,1
20151,7-0,320,0,70,30,0
20152,7-0,320,0,70,30,1
20153,7-0,320,0,70,50,0
20154,7-0,320,0,70,50,1
20155,7-0,320,0,70,70,0
20156,7-0,320,0,70,70,1
20157,7-0,320,0,70,80,0
20158,7-0,320,0,70,80,1
20159,7-0,320,0,70,100,0
20160,7-0,320,0,70,100,1
20161,7-0,320,0,80,0,0
20162,7-0,320,0,80,0,1
20163,7-0,320,0,80,20,0
20164,7-0,320,0,80,20,1
20165,7-0,320,0,80,30,0
20166,7-0,320,0,80,30,1
20167,7-0,320,0,80,50,0
20168,7-0,320,0,80,50,1
20169,7-0,320,0,80,70,0
20170,7-0,320,0,80,70,1
20171,7-0,320,0,80,80,0
20172,7-0,320,0,80,80,1
20173,7-0,320,0,80,100,0
20174,7-0,320,0,80,100,1
20175,7-0,320,0,100,0,0
20176,7-0,320,0,100,0,1
20177,7-0,320,0,100,20,0
20178,7-0,320,0,100,20,1
20179,7-0,320,0,100,30,0
20180,7-0,320,0,100,30,1
20181,7-0,320,0,100,50,0
20182,7-0,320,0,100,50,1
20183,7-0,320,0,100,70,0
20184,7-0,320,0,100,70,1
20185,7-0,320,0,100,80,0
20186,7-0,320,0,100,80,1
20187,7-0,320,0,100,100,0
20188,7-0,320,0,100,100,1
20189,7-0,320,75,0,0,0
20190,7-0,320,75,0,0,1
20191,7-0,320,75,0,20,0
20192,7-0,320,75,0,20,1
20193,7-0,320,75,0,30,0
20194,7-0,320,75,0,30,1
20195,7-0,320,75,0,50,0
20196,7-0,320,75,0,50,1
20197,7-0,320,75,0,70,0
20198,7-0,320,75,0,70,1
20199,7-0,320,75,0,80,0
20200,7-0,320,75,0,80,1
20201,7-0,320,75,0,100,0
20202,7-0,320,75,0,100,1
20203,7-0,320,75,20,0,0
20204,7-0,320,75,20,0,1
20205,7-0,320,75,20,20,0
20206,7-0,320,75,20,20,1
20207,7-0,320,75,20,30,0
20208,7-0,320,75,20,30,1
20209,7-0,320,75,20,50,0
20210,7-0,320,75,20,50,1
20211,7-0,320,75,20,70,0
20212,7-0,320,75,20,70,1
20213,7-0,320,75,20,80,0
20214,7-0,320,75,20,80,1
20215,7-0,320,75,20,100,0
20216,7-0,320,75,20,100,1
20217,7-0,320,75,30,0,0
20218,7-0,320,75,30,0,1
20219,7-0,320,75,30,20,0
20220,7-0,320,75,30,20,1
20221,7-0,320,75,30,30,0
20222,7-0,320,75,30,30,1
20223,7-0,320,75,30,50,0
20224,7-0,320,75,30,50,1
20225,7-0,320,75,30,70,0
20226,7-0,320,75,30,70,1
20227,7-0,320,75,30,80,0
20228,7-0,320,75,30,80,1
20229,7-0,320,75,30,100,0
20230,7-0,320,75,30,100,1
20231,7-0,320,75,50,0,0
20232,7-0,320,75,50,0,1
20233,7-0,320,75,50,20,0
20234,7-0,320,75,50,20,1
20235,7-0,320,75,50,30,0
20236,7-0,320,75,50,30,1
20237,7-0,320,75,50,50,0
20238,7-0,320,75,50,50,1
20239,7-0,320,75,50,70,0
20240,7-0,320,75,50,70,1
20241,7-0,320,75,50,80,0
20242,7-0,320,75,50,80,1
20243,7-0,320,75,50,100,0
20244,7-0,320,75,50,100,1
20245,7-0,320,75,70,0,0
20246,7-0,320,75,70,0,1
20247,7-0,320,75,70,20,0
20248,7-0,320,75,70,20,1
20249,7-0,320,75,70,30,0
20250,7-0,320,75,70,30,1
20251,7-0,320,75,70,50,0
20252,7-0,320,75,70,50,1
20253,7-0,320,75,70,70,0
20254,7-0,320,75,70,70,1
20255,7-0,320,75,70,80,0
20256,7-0,320,75,70,80,1
20257,7-0,320,75,70,100,0
20258,7-0,320,75,70,100,1
20259,7-0,320,75,80,0,0
20260,7-0,320,75,80,0,1
20261,7-0,320,75,80,20,0
20262,7-0,320,75,80,20,1
20263,7-0,320,75,80,30,0
20264,7-0,320,75,80,30,1
20265,7-0,320,75,80,50,0
20266,7-0,320,75,80,50,1
20267,7-0,320,75,80,70,0
20268,7-0,320,75,80,70,1
20269,7-0,320,75,80,80,0
20270,7-0,320,75,80,80,1
20271,7-0,320,75,80,100,0
20272,7-0,320,75,80,100,1
20273,7-0,320,75,100,0,0
20274,7-0,320,75,100,0,1
20275,7-0,320,75,100,20,0
20276,7-0,320,75,100,20,1
20277,7-0,320,75,100,30,0
20278,7-0,320,75,100,30,1
20279,7-0,320,75,100,50,0
20280,7-0,320,75,100,50,1
20281,7-0,320,75,100,70,0
20282,7-0,320,75,100,70,1
20283,7-0,320,75,100,80,0
20284,7-0,320,75,100,80,1
20285,7-0,320,75,100,100,0
20286,7-0,320,75,100,100,1
20287,7-0,320,1,0,0,0
20288,7-0,320,1,0,0,1
20289,7-0,320,1,0,20,0
20290,7-0,320,1,0,20,1
20291,7-0,320,1,0,30,0
20292,7-0,320,1,0,30,1
20293,7-0,320,1,0,50,0
20294,7-0,320,1,0,50,1
20295,7-0,320,1,0,70,0
20296,7-0,320,1,0,70,1
20297,7-0,320,1,0,80,0
20298,7-0,320,1,0,80,1
20299,7-0,320,1,0,100,0
20300,7-0,320,1,0,100,1
20301,7-0,320,1,20,0,0
20302,7-0,320,1,20,0,1
20303,7-0,320,1,20,20,0
20304,7-0,320,1,20,20,1
20305,7-0,320,1,20,30,0
20306,7-0,320,1,20,30,1
20307,7-0,320,1,20,50,0
20308,7-0,320,1,20,50,1
20309,7-0,320,1,20,70,0
20310,7-0,320,1,20,70,1
20311,7-0,320,1,20,80,0
20312,7-0,320,1,20,80,1
20313,7-0,320,1,20,100,0
20314,7-0,320,1,20,100,1
20315,7-0,320,1,30,0,0
20316,7-0,320,1,30,0,1
20317,7-0,320,1,30,20,0
20318,7-0,320,1,30,20,1
20319,7-0,320,1,30,30,0
20320,7-0,320,1,30,30,1
20321,7-0,320,1,30,50,0
20322,7-0,320,1,30,50,1
20323,7-0,320,1,30,70,0
20324,7-0,320,1,30,70,1
20325,7-0,320,1,30,80,0
20326,7-0,320,1,30,80,1
20327,7-0,320,1,30,100,0
20328,7-0,320,1,30,100,1
20329,7-0,320,1,50,0,0
20330,7-0,320,1,50,0,1
20331,7-0,320,1,50,20,0
20332,7-0,320,1,50,20,1
20333,7-0,320,1,50,30,0
20334,7-0,320,1,50,30,1
20335,7-0,320,1,50,50,0
20336,7-0,320,1,50,50,1
20337,7-0,320,1,50,70,0
20338,7-0,320,1,50,70,1
20339,7-0,320,1,50,80,0
20340,7-0,320,1,50,80,1
20341,7-0,320,1,50,100,0
20342,7-0,320,1,50,100,1
20343,7-0,320,1,70,0,0
20344,7-0,320,1,70,0,1
20345,7-0,320,1,70,20,0
20346,7-0,320,1,70,20,1
20347,7-0,320,1,70,30,0
20348,7-0,320,1,70,30,1
20349,7-0,320,1,70,50,0
20350,7-0,320,1,70,50,1
20351,7-0,320,1,70,70,0
20352,7-0,320,1,70,70,1
20353,7-0,320,1,70,80,0
20354,7-0,320,1,70,80,1
20355,7-0,320,1,70,100,0
20356,7-0,320,1,70,100,1
20357,7-0,320,1,80,0,0
20358,7-0,320,1,80,0,1
20359,7-0,320,1,80,20,0
20360,7-0,320,1,80,20,1
20361,7-0,320,1,80,30,0
20362,7-0,320,1,80,30,1
20363,7-0,320,1,80,50,0
20364,7-0,320,1,80,50,1
20365,7-0,320,1,80,70,0
20366,7-0,320,1,80,70,1
20367,7-0,320,1,80,80,0
20368,7-0,320,1,80,80,1
20369,7-0,320,1,80,100,0
20370,7-0,320,1,80,100,1
20371,7-0,320,1,100,0,0
20372,7-0,320,1,100,0,1
20373,7-0,320,1,100,20,0
20374,7-0,320,1,100,20,1
20375,7-0,320,1,100,30,0
20376,7-0,320,1,100,30,1
20377,7-0,320,1,100,50,0
20378,7-0,320,1,100,50,1
20379,7-0,320,1,100,70,0
20380,7-0,320,1,100,70,1
20381,7-0,320,1,100,80,0
20382,7-0,320,1,100,80,1
20383,7-0,320,1,100,100,0
20384,7-0,320,1,100,100,1
20385,7-0,320,1,0,0,0
20386,7-0,320,1,0,0,1
20387,7-0,320,1,0,20,0
20388,7-0,320,1,0,20,1
20389,7-0,320,1,0,30,0
20390,7-0,320,1,0,30,1
20391,7-0,320,1,0,50,0
20392,7-0,320,1,0,50,1
20393,7-0,320,1,0,70,0
20394,7-0,320,1,0,70,1
20395,7-0,320,1,0,80,0
20396,7-0,320,1,0,80,1
20397,7-0,320,1,0,100,0
20398,7-0,320,1,0,100,1
20399,7-0,320,1,20,0,0
20400,7-0,320,1,20,0,1
20401,7-0,320,1,20,20,0
20402,7-0,320,1,20,20,1
20403,7-0,320,1,20,30,0
20404,7-0,320,1,20,30,1
20405,7-0,320,1,20,50,0
20406,7-0,320,1,20,50,1
20407,7-0,320,1,20,70,0
20408,7-0,320,1,20,70,1
20409,7-0,320,1,20,80,0
20410,7-0,320,1,20,80,1
20411,7-0,320,1,20,100,0
20412,7-0,320,1,20,100,1
20413,7-0,320,1,30,0,0
20414,7-0,320,1,30,0,1
20415,7-0,320,1,30,20,0
20416,7-0,320,1,30,20,1
20417,7-0,320,1,30,30,0
20418,7-0,320,1,30,30,1
20419,7-0,320,1,30,50,0
20420,7-0,320,1,30,50,1
20421,7-0,320,1,30,70,0
20422,7-0,320,1,30,70,1
20423,7-0,320,1,30,80,0
20424,7-0,320,1,30,80,1
20425,7-0,320,1,30,100,0
20426,7-0,320,1,30,100,1
20427,7-0,320,1,50,0,0
20428,7-0,320,1,50,0,1
20429,7-0,320,1,50,20,0
20430,7-0,320,1,50,20,1
20431,7-0,320,1,50,30,0
20432,7-0,320,1,50,30,1
20433,7-0,320,1,50,50,0
20434,7-0,320,1,50,50,1
20435,7-0,320,1,50,70,0
20436,7-0,320,1,50,70,1
20437,7-0,320,1,50,80,0
20438,7-0,320,1,50,80,1
20439,7-0,320,1,50,100,0
20440,7-0,320,1,50,100,1
20441,7-0,320,1,70,0,0
20442,7-0,320,1,70,0,1
20443,7-0,320,1,70,20,0
20444,7-0,320,1,70,20,1
20445,7-0,320,1,70,30,0
20446,7-0,320,1,70,30,1
20447,7-0,320,1,70,50,0
20448,7-0,320,1,70,50,1
20449,7-0,320,1,70,70,0
20450,7-0,320,1,70,70,1
20451,7-0,320,1,70,80,0
20452,7-0,320,1,70,80,1
20453,7-0,320,1,70,100,0
20454,7-0,320,1,70,100,1
20455,7-0,320,1,80,0,0
20456,7-0,320,1,80,0,1
20457,7-0,320,1,80,20,0
20458,7-0,320,1,80,20,1
20459,7-0,320,1,80,30,0
20460,7-0,320,1,80,30,1
20461,7-0,320,1,80,50,0
20462,7-0,320,1,80,50,1
20463,7-0,320,1,80,70,0
20464,7-0,320,1,80,70,1
20465,7-0,320,1,80,80,0
20466,7-0,320,1,80,80,1
20467,7-0,320,1,80,100,0
20468,7-0,320,1,80,100,1
20469,7-0,320,1,100,0,0
20470,7-0,320,1,100,0,1
20471,7-0,320,1,100,20,0
20472,7-0,320,1,100,20,1
20473,7-0,320,1,100,30,0
20474,7-0,320,1,100,30,1
20475,7-0,320,1,100,50,0
20476,7-0,320,1,100,50,1
20477,7-0,320,1,100,70,0
20478,7-0,320,1,100,70,1
20479,7-0,320,1,100,80,0
20480,7-0,320,1,100,80,1
20481,7-0,320,1,100,100,0
20482,7-0,320,1,100,100,1
20483,7-0,320,5,0,0,0
20484,7-0,320,5,0,0,1
20485,7-0,320,5,0,20,0
20486,7-0,320,5,0,20,1
20487,7-0,320,5,0,30,0
20488,7-0,320,5,0,30,1
20489,7-0,320,5,0,50,0
20490,7-0,320,5,0,50,1
20491,7-0,320,5,0,70,0
20492,7-0,320,5,0,70,1
20493,7-0,320,5,0,80,0
20494,7-0,320,5,0,80,1
20495,7-0,320,5,0,100,0
20496,7-0,320,5,0,100,1
20497,7-0,320,5,20,0,0
20498,7-0,320,5,20,0,1
20499,7-0,320,5,20,20,0
20500,7-0,320,5,20,20,1
20501,7-0,320,5,20,30,0
20502,7-0,320,5,20,30,1
20503,7-0,320,5,20,50,0
20504,7-0,320,5,20,50,1
20505,7-0,320,5,20,70,0
20506,7-0,320,5,20,70,1
20507,7-0,320,5,20,80,0
20508,7-0,320,5,20,80,1
20509,7-0,320,5,20,100,0
20510,7-0,320,5,20,100,1
20511,7-0,320,5,30,0,0
20512,7-0,320,5,30,0,1
20513,7-0,320,5,30,20,0
20514,7-0,320,5,30,20,1
20515,7-0,320,5,30,30,0
20516,7-0,320,5,30,30,1
20517,7-0,320,5,30,50,0
20518,7-0,320,5,30,50,1
20519,7-0,320,5,30,70,0
20520,7-0,320,5,30,70,1
20521,7-0,320,5,30,80,0
20522,7-0,320,5,30,80,1
20523,7-0,320,5,30,100,0
20524,7-0,320,5,30,100,1
20525,7-0,320,5,50,0,0
20526,7-0,320,5,50,0,1
20527,7-0,320,5,50,20,0
20528,7-0,320,5,50,20,1
20529,7-0,320,5,50,30,0
20530,7-0,320,5,50,30,1
20531,7-0,320,5,50,50,0
20532,7-0,320,5,50,50,1
20533,7-0,320,5,50,70,0
20534,7-0,320,5,50,70,1
20535,7-0,320,5,50,80,0
20536,7-0,320,5,50,80,1
20537,7-0,320,5,50,100,0
20538,7-0,320,5,50,100,1
20539,7-0,320,5,70,0,0
20540,7-0,320,5,70,0,1
20541,7-0,320,5,70,20,0
20542,7-0,320,5,70,20,1
20543,7-0,320,5,70,30,0
20544,7-0,320,5,70,30,1
20545,7-0,320,5,70,50,0
20546,7-0,320,5,70,50,1
20547,7-0,320,5,70,70,0
20548,7-0,320,5,70,70,1
20549,7-0,320,5,70,80,0
20550,7-0,320,5,70,80,1
20551,7-0,320,5,70,100,0
20552,7-0,320,5,70,100,1
20553,7-0,320,5,80,0,0
20554,7-0,320,5,80,0,1
20555,7-0,320,5,80,20,0
20556,7-0,320,5,80,20,1
20557,7-0,320,5,80,30,0
20558,7-0,320,5,80,30,1
20559,7-0,320,5,80,50,0
20560,7-0,320,5,80,50,1
20561,7-0,320,5,80,70,0
20562,7-0,320,5,80,70,1
20563,7-0,320,5,80,80,0
20564,7-0,320,5,80,80,1
20565,7-0,320,5,80,100,0
20566,7-0,320,5,80,100,1
20567,7-0,320,5,100,0,0
20568,7-0,320,5,100,0,1
20569,7-0,320,5,100,20,0
20570,7-0,320,5,100,20,1
20571,7-0,320,5,100,30,0
20572,7-0,320,5,100,30,1
20573,7-0,320,5,100,50,0
20574,7-0,320,5,100,50,1
20575,7-0,320,5,100,70,0
20576,7-0,320,5,100,70,1
20577,7-0,320,5,100,80,0
20578,7-0,320,5,100,80,1
20579,7-0,320,5,100,100,0
20580,7-0,320,5,100,100,1
20581,75,220,0,0,0,0
20582,75,220,0,0,0,1
20583,75,220,0,0,20,0
20584,75,220,0,0,20,1
20585,75,220,0,0,30,0
20586,75,220,0,0,30,1
20587,75,220,0,0,50,0
20588,75,220,0,0,50,1
20589,75,220,0,0,70,0
20590,75,220,0,0,70,1
20591,75,220,0,0,80,0
20592,75,220,0,0,80,1
20593,75,220,0,0,100,0
20594,75,220,0,0,100,1
20595,75,220,0,20,0,0
20596,75,220,0,20,0,1
20597,75,220,0,20,20,0
20598,75,220,0,20,20,1
20599,75,220,0,20,30,0
20600,75,220,0,20,30,1
20601,75,220,0,20,50,0
20602,75,220,0,20,50,1
20603,75,220,0,20,70,0
20604,75,220,0,20,70,1
20605,75,220,0,20,80,0
20606,75,220,0,20,80,1
20607,75,220,0,20,100,0
20608,75,220,0,20,100,1
20609,75,220,0,30,0,0
20610,75,220,0,30,0,1
20611,75,220,0,30,20,0
20612,75,220,0,30,20,1
20613,75,220,0,30,30,0
20614,75,220,0,30,30,1
20615,75,220,0,30,50,0
20616,75,220,0,30,50,1
20617,75,220,0,30,70,0
20618,75,220,0,30,70,1
20619,75,220,0,30,80,0
20620,75,220,0,30,80,1
20621,75,220,0,30,100,0
20622,75,220,0,30,100,1
20623,75,220,0,50,0,0
20624,75,220,0,50,0,1
20625,75,220,0,50,20,0
20626,75,220,0,50,20,1
20627,75,220,0,50,30,0
20628,75,220,0,50,30,1
20629,75,220,0,50,50,0
20630,75,220,0,50,50,1
20631,75,220,0,50,70,0
20632,75,220,0,50,70,1
20633,75,220,0,50,80,0
20634,75,220,0,50,80,1
20635,75,220,0,50,100,0
20636,75,220,0,50,100,1
20637,75,220,0,70,0,0
20638,75,220,0,70,0,1
20639,75,220,0,70,20,0
20640,75,220,0,70,20,1
20641,75,220,0,70,30,0
20642,75,220,0,70,30,1
20643,75,220,0,70,50,0
20644,75,220,0,70,50,1
20645,75,220,0,70,70,0
20646,75,220,0,70,70,1
20647,75,220,0,70,80,0
20648,75,220,0,70,80,1
20649,75,220,0,70,100,0
20650,75,220,0,70,100,1
20651,75,220,0,80,0,0
20652,75,220,0,80,0,1
20653,75,220,0,80,20,0
20654,75,220,0,80,20,1
20655,75,220,0,80,30,0
20656,75,220,0,80,30,1
20657,75,220,0,80,50,0
20658,75,220,0,80,50,1
20659,75,220,0,80,70,0
20660,75,220,0,80,70,1
20661,75,220,0,80,80,0
20662,75,220,0,80,80,1
20663,75,220,0,80,100,0
20664,75,220,0,80,100,1
20665,75,220,0,100,0,0
20666,75,220,0,100,0,1
20667,75,220,0,100,20,0
20668,75,220,0,100,20,1
20669,75,220,0,100,30,0
20670,75,220,0,100,30,1
20671,75,220,0,100,50,0
20672,75,220,0,100,50,1
20673,75,220,0,100,70,0
20674,75,220,0,100,70,1
20675,75,220,0,100,80,0
20676,75,220,0,100,80,1
20677,75,220,0,100,100,0
20678,75,220,0,100,100,1
20679,75,220,75,0,0,0
20680,75,220,75,0,0,1
20681,75,220,75,0,20,0
20682,75,220,75,0,20,1
20683,75,220,75,0,30,0
20684,75,220,75,0,30,1
20685,75,220,75,0,50,0
20686,75,220,75,0,50,1
20687,75,220,75,0,70,0
20688,75,220,75,0,70,1
20689,75,220,75,0,80,0
20690,75,220,75,0,80,1
20691,75,220,75,0,100,0
20692,75,220,75,0,100,1
20693,75,220,75,20,0,0
20694,75,220,75,20,0,1
20695,75,220,75,20,20,0
20696,75,220,75,20,20,1
20697,75,220,75,20,30,0
20698,75,220,75,20,30,1
20699,75,220,75,20,50,0
20700,75,220,75,20,50,1
20701,75,220,75,20,70,0
20702,75,220,75,20,70,1
20703,75,220,75,20,80,0
20704,75,220,75,20,80,1
20705,75,220,75,20,100,0
20706,75,220,75,20,100,1
20707,75,220,75,30,0,0
20708,75,220,75,30,0,1
20709,75,220,75,30,20,0
20710,75,220,75,30,20,1
20711,75,220,75,30,30,0
20712,75,220,75,30,30,1
20713,75,220,75,30,50,0
20714,75,220,75,30,50,1
20715,75,220,75,30,70,0
20716,75,220,75,30,70,1
20717,75,220,75,30,80,0
20718,75,220,75,30,80,1
20719,75,220,75,30,100,0
20720,75,220,75,30,100,1
20721,75,220,75,50,0,0
20722,75,220,75,50,0,1
20723,75,220,75,50,20,0
20724,75,220,75,50,20,1
20725,75,220,75,50,30,0
20726,75,220,75,50,30,1
20727,75,220,75,50,50,0
20728,75,220,75,50,50,1
20729,75,220,75,50,70,0
20730,75,220,75,50,70,1
20731,75,220,75,50,80,0
20732,75,220,75,50,80,1
20733,75,220,75,50,100,0
20734,75,220,75,50,100,1
20735,75,220,75,70,0,0
20736,75,220,75,70,0,1
20737,75,220,75,70,20,0
20738,75,220,75,70,20,1
20739,75,220,75,70,30,0
20740,75,220,75,70,30,1
20741,75,220,75,70,50,0
20742,75,220,75,70,50,1
20743,75,220,75,70,70,0
20744,75,220,75,70,70,1
20745,75,220,75,70,80,0
20746,75,220,75,70,80,1
20747,75,220,75,70,100,0
20748,75,220,75,70,100,1
20749,75,220,75,80,0,0
20750,75,220,75,80,0,1
20751,75,220,75,80,20,0
20752,75,220,75,80,20,1
20753,75,220,75,80,30,0
20754,75,220,75,80,30,1
20755,75,220,75,80,50,0
20756,75,220,75,80,50,1
20757,75,220,75,80,70,0
20758,75,220,75,80,70,1
20759,75,220,75,80,80,0
20760,75,220,75,80,80,1
20761,75,220,75,80,100,0
20762,75,220,75,80,100,1
20763,75,220,75,100,0,0
20764,75,220,75,100,0,1
20765,75,220,75,100,20,0
20766,75,220,75,100,20,1
20767,75,220,75,100,30,0
20768,75,220,75,100,30,1
20769,75,220,75,100,50,0
20770,75,220,75,100,50,1
20771,75,220,75,100,70,0
20772,75,220,75,100,70,1
20773,75,220,75,100,80,0
20774,75,220,75,100,80,1
20775,75,220,75,100,100,0
20776,75,220,75,100,100,1
20777,75,220,1,0,0,0
20778,75,220,1,0,0,1
20779,75,220,1,0,20,0
20780,75,220,1,0,20,1
20781,75,220,1,0,30,0
20782,75,220,1,0,30,1
20783,75,220,1,0,50,0
20784,75,220,1,0,50,1
20785,75,220,1,0,70,0
20786,75,220,1,0,70,1
20787,75,220,1,0,80,0
20788,75,220,1,0,80,1
20789,75,220,1,0,100,0
20790,75,220,1,0,100,1
20791,75,220,1,20,0,0
20792,75,220,1,20,0,1
20793,75,220,1,20,20,0
20794,75,220,1,20,20,1
20795,75,220,1,20,30,0
20796,75,220,1,20,30,1
20797,75,220,1,20,50,0
20798,75,220,1,20,50,1
20799,75,220,1,20,70,0
20800,75,220,1,20,70,1
20801,75,220,1,20,80,0
20802,75,220,1,20,80,1
20803,75,220,1,20,100,0
20804,75,220,1,20,100,1
20805,75,220,1,30,0,0
20806,75,220,1,30,0,1
20807,75,220,1,30,20,0
20808,75,220,1,30,20,1
20809,75,220,1,30,30,0
20810,75,220,1,30,30,1
20811,75,220,1,30,50,0
20812,75,220,1,30,50,1
20813,75,220,1,30,70,0
20814,75,220,1,30,70,1
20815,75,220,1,30,80,0
20816,75,220,1,30,80,1
20817,75,220,1,30,100,0
20818,75,220,1,30,100,1
20819,75,220,1,50,0,0
20820,75,220,1,50,0,1
20821,75,220,1,50,20,0
20822,75,220,1,50,20,1
20823,75,220,1,50,30,0
20824,75,220,1,50,30,1
20825,75,220,1,50,50,0
20826,75,220,1,50,50,1
20827,75,220,1,50,70,0
20828,75,220,1,50,70,1
20829,75,220,1,50,80,0
20830,75,220,1,50,80,1
20831,75,220,1,50,100,0
20832,75,220,1,50,100,1
20833,75,220,1,70,0,0
20834,75,220,1,70,0,1
20835,75,220,1,70,20,0
20836,75,220,1,70,20,1
20837,75,220,1,70,30,0
20838,75,220,1,70,30,1
20839,75,220,1,70,50,0
20840,75,220,1,70,50,1
20841,75,220,1,70,70,0
20842,75,220,1,70,70,1
20843,75,220,1,70,80,0
20844,75,220,1,70,80,1
20845,75,220,1,70,100,0
20846,75,220,1,70,100,1
20847,75,220,1,80,0,0
20848,75,220,1,80,0,1
20849,75,220,1,80,20,0
20850,75,220,1,80,20,1
20851,75,220,1,80,30,0
20852,75,220,1,80,30,1
20853,75,220,1,80,50,0
20854,75,220,1,80,50,1
20855,75,220,1,80,70,0
20856,75,220,1,80,70,1
20857,75,220,1,80,80,0
20858,75,220,1,80,80,1
20859,75,220,1,80,100,0
20860,75,220,1,80,100,1
20861,75,220,1,100,0,0
20862,75,220,1,100,0,1
20863,75,220,1,100,20,0
20864,75,220,1,100,20,1
20865,75,220,1,100,30,0
20866,75,220,1,100,30,1
20867,75,220,1,100,50,0
20868,75,220,1,100,50,1
20869,75,220,1,100,70,0
20870,75,220,1,100,70,1
20871,75,220,1,100,80,0
20872,75,220,1,100,80,1
20873,75,220,1,100,100,0
20874,75,220,1,100,100,1
20875,75,220,1,0,0,0
20876,75,220,1,0,0,1
20877,75,220,1,0,20,0
20878,75,220,1,0,20,1
20879,75,220,1,0,30,0
20880,75,220,1,0,30,1
20881,75,220,1,0,50,0
20882,75,220,1,0,50,1
20883,75,220,1,0,70,0
20884,75,220,1,0,70,1
20885,75,220,1,0,80,0
20886,75,220,1,0,80,1
20887,75,220,1,0,100,0
20888,75,220,1,0,100,1
20889,75,220,1,20,0,0
20890,75,220,1,20,0,1
20891,75,220,1,20,20,0
20892,75,220,1,20,20,1
20893,75,220,1,20,30,0
20894,75,220,1,20,30,1
20895,75,220,1,20,50,0
20896,75,220,1,20,50,1
20897,75,220,1,20,70,0
20898,75,220,1,20,70,1
20899,75,220,1,20,80,0
20900,75,220,1,20,80,1
20901,75,220,1,20,100,0
20902,75,220,1,20,100,1
20903,75,220,1,30,0,0
20904,75,220,1,30,0,1
20905,75,220,1,30,20,0
20906,75,220,1,30,20,1
20907,75,220,1,30,30,0
20908,75,220,1,30,30,1
20909,75,220,1,30,50,0
20910,75,220,1,30,50,1
20911,75,220,1,30,70,0
20912,75,220,1,30,70,1
20913,75,220,1,30,80,0
20914,75,220,1,30,80,1
20915,75,220,1,30,100,0
20916,75,220,1,30,100,1
20917,75,220,1,50,0,0
20918,75,220,1,50,0,1
20919,75,220,1,50,20,0
20920,75,220,1,50,20,1
20921,75,220,1,50,30,0
20922,75,220,1,50,30,1
20923,75,220,1,50,50,0
20924,75,220,1,50,50,1
20925,75,220,1,50,70,0
20926,75,220,1,50,70,1
20927,75,220,1,50,80,0
20928,75,220,1,50,80,1
20929,75,220,1,50,100,0
20930,75,220,1,50,100,1
20931,75,220,1,70,0,0
20932,75,220,1,70,0,1
20933,75,220,1,70,20,0
20934,75,220,1,70,20,1
20935,75,220,1,70,30,0
20936,75,220,1,70,30,1
20937,75,220,1,70,50,0
20938,75,220,1,70,50,1
20939,75,220,1,70,70,0
20940,75,220,1,70,70,1
20941,75,220,1,70,80,0
20942,75,220,1,70,80,1
20943,75,220,1,70,100,0
20944,75,220,1,70,100,1
20945,75,220,1,80,0,0
20946,75,220,1,80,0,1
20947,75,220,1,80,20,0
20948,75,220,1,80,20,1
20949,75,220,1,80,30,0
20950,75,220,1,80,30,1
20951,75,220,1,80,50,0
20952,75,220,1,80,50,1
20953,75,220,1,80,70,0
20954,75,220,1,80,70,1
20955,75,220,1,80,80,0
20956,75,220,1,80,80,1
20957,75,220,1,80,100,0
20958,75,220,1,80,100,1
20959,75,220,1,100,0,0
20960,75,220,1,100,0,1
20961,75,220,1,100,20,0
20962,75,220,1,100,20,1
20963,75,220,1,100,30,0
20964,75,220,1,100,30,1
20965,75,220,1,100,50,0
20966,75,220,1,100,50,1
20967,75,220,1,100,70,0
20968,75,220,1,100,70,1
20969,75,220,1,100,80,0
20970,75,220,1,100,80,1
20971,75,220,1,100,100,0
20972,75,220,1,100,100,1
20973,75,220,5,0,0,0
20974,75,220,5,0,0,1
20975,75,220,5,0,20,0
20976,75,220,5,0,20,1
20977,75,220,5,0,30,0
20978,75,220,5,0,30,1
20979,75,220,5,0,50,0
20980,75,220,5,0,50,1
20981,75,220,5,0,70,0
20982,75,220,5,0,70,1
20983,75,220,5,0,80,0
20984,75,220,5,0,80,1
20985,75,220,5,0,100,0
20986,75,220,5,0,100,1
20987,75,220,5,20,0,0
20988,75,220,5,20,0,1
20989,75,220,5,20,20,0
20990,75,220,5,20,20,1
20991,75,220,5,20,30,0
20992,75,220,5,20,30,1
20993,75,220,5,20,50,0
20994,75,220,5,20,50,1
20995,75,220,5,20,70,0
20996,75,220,5,20,70,1
20997,75,220,5,20,80,0
20998,75,220,5,20,80,1
20999,75,220,5,20,100,0
21000,75,220,5,20,100,1
21001,75,220,5,30,0,0
21002,75,220,5,30,0,1
21003,75,220,5,30,20,0
21004,75,220,5,30,20,1
21005,75,220,5,30,30,0
21006,75,220,5,30,30,1
21007,75,220,5,30,50,0
21008,75,220,5,30,50,1
21009,75,220,5,30,70,0
21010,75,220,5,30,70,1
21011,75,220,5,30,80,0
21012,75,220,5,30,80,1
21013,75,220,5,30,100,0
21014,75,220,5,30,100,1
21015,75,220,5,50,0,0
21016,75,220,5,50,0,1
21017,75,220,5,50,20,0
21018,75,220,5,50,20,1
21019,75,220,5,50,30,0
21020,75,220,5,50,30,1
21021,75,220,5,50,50,0
21022,75,220,5,50,50,1
21023,75,220,5,50,70,0
21024,75,220,5,50,70,1
21025,75,220,5,50,80,0
21026,75,220,5,50,80,1
21027,75,220,5,50,100,0
21028,75,220,5,50,100,1
21029,75,220,5,70,0,0
21030,75,220,5,70,0,1
21031,75,220,5,70,20,0
21032,75,220,5,70,20,1
21033,75,220,5,70,30,0
21034,75,220,5,70,30,1
21035,75,220,5,70,50,0
21036,75,220,5,70,50,1
21037,75,220,5,70,70,0
21038,75,220,5,70,70,1
21039,75,220,5,70,80,0
21040,75,220,5,70,80,1
21041,75,220,5,70,100,0
21042,75,220,5,70,100,1
21043,75,220,5,80,0,0
21044,75,220,5,80,0,1
21045,75,220,5,80,20,0
21046,75,220,5,80,20,1
21047,75,220,5,80,30,0
21048,75,220,5,80,30,1
21049,75,220,5,80,50,0
21050,75,220,5,80,50,1
21051,75,220,5,80,70,0
21052,75,220,5,80,70,1
21053,75,220,5,80,80,0
21054,75,220,5,80,80,1
21055,75,220,5,80,100,0
21056,75,220,5,80,100,1
21057,75,220,5,100,0,0
21058,75,220,5,100,0,1
21059,75,220,5,100,20,0
21060,75,220,5,100,20,1
21061,75,220,5,100,30,0
21062,75,220,5,100,30,1
21063,75,220,5,100,50,0
21064,75,220,5,100,50,1
21065,75,220,5,100,70,0
21066,75,220,5,100,70,1
21067,75,220,5,100,80,0
21068,75,220,5,100,80,1
21069,75,220,5,100,100,0
21070,75,220,5,100,100,1
21071,75,240,0,0,0,0
21072,75,240,0,0,0,1
21073,75,240,0,0,20,0
21074,75,240,0,0,20,1
21075,75,240,0,0,30,0
21076,75,240,0,0,30,1
21077,75,240,0,0,50,0
21078,75,240,0,0,50,1
21079,75,240,0,0,70,0
21080,75,240,0,0,70,1
21081,75,240,0,0,80,0
21082,75,240,0,0,80,1
21083,75,240,0,0,100,0
21084,75,240,0,0,100,1
21085,75,240,0,20,0,0
21086,75,240,0,20,0,1
21087,75,240,0,20,20,0
21088,75,240,0,20,20,1
21089,75,240,0,20,30,0
21090,75,240,0,20,30,1
21091,75,240,0,20,50,0
21092,75,240,0,20,50,1
21093,75,240,0,20,70,0
21094,75,240,0,20,70,1
21095,75,240,0,20,80,0
21096,75,240,0,20,80,1
21097,75,240,0,20,100,0
21098,75,240,0,20,100,1
21099,75,240,0,30,0,0
21100,75,240,0,30,0,1
21101,75,240,0,30,20,0
21102,75,240,0,30,20,1
21103,75,240,0,30,30,0
21104,75,240,0,30,30,1
21105,75,240,0,30,50,0
21106,75,240,0,30,50,1
21107,75,240,0,30,70,0
21108,75,240,0,30,70,1
21109,75,240,0,30,80,0
21110,75,240,0,30,80,1
21111,75,240,0,30,100,0
21112,75,240,0,30,100,1
21113,75,240,0,50,0,0
21114,75,240,0,50,0,1
21115,75,240,0,50,20,0
21116,75,240,0,50,20,1
21117,75,240,0,50,30,0
21118,75,240,0,50,30,1
21119,75,240,0,50,50,0
21120,75,240,0,50,50,1
21121,75,240,0,50,70,0
21122,75,240,0,50,70,1
21123,75,240,0,50,80,0
21124,75,240,0,50,80,1
21125,75,240,0,50,100,0
21126,75,240,0,50,100,1
21127,75,240,0,70,0,0
21128,75,240,0,70,0,1
21129,75,240,0,70,20,0
21130,75,240,0,70,20,1
21131,75,240,0,70,30,0
21132,75,240,0,70,30,1
21133,75,240,0,70,50,0
21134,75,240,0,70,50,1
21135,75,240,0,70,70,0
21136,75,240,0,70,70,1
21137,75,240,0,70,80,0
21138,75,240,0,70,80,1
21139,75,240,0,70,100,0
21140,75,240,0,70,100,1
21141,75,240,0,80,0,0
21142,75,240,0,80,0,1
21143,75,240,0,80,20,0
21144,75,240,0,80,20,1
21145,75,240,0,80,30,0
21146,75,240,0,80,30,1
21147,75,240,0,80,50,0
21148,75,240,0,80,50,1
21149,75,240,0,80,70,0
21150,75,240,0,80,70,1
21151,75,240,0,80,80,0
21152,75,240,0,80,80,1
21153,75,240,0,80,100,0
21154,75,240,0,80,100,1
21155,75,240,0,100,0,0
21156,75,240,0,100,0,1
21157,75,240,0,100,20,0
21158,75,240,0,100,20,1
21159,75,240,0,100,30,0
21160,75,240,0,100,30,1
21161,75,240,0,100,50,0
21162,75,240,0,100,50,1
21163,75,240,0,100,70,0
21164,75,240,0,100,70,1
21165,75,240,0,100,80,0
21166,75,240,0,100,80,1
21167,75,240,0,100,100,0
21168,75,240,0,100,100,1
21169,75,240,75,0,0,0
21170,75,240,75,0,0,1
21171,75,240,75,0,20,0
21172,75,240,75,0,20,1
21173,75,240,75,0,30,0
21174,75,240,75,0,30,1
21175,75,240,75,0,50,0
21176,75,240,75,0,50,1
21177,75,240,75,0,70,0
21178,75,240,75,0,70,1
21179,75,240,75,0,80,0
21180,75,240,75,0,80,1
21181,75,240,75,0,100,0
21182,75,240,75,0,100,1
21183,75,240,75,20,0,0
21184,75,240,75,20,0,1
21185,75,240,75,20,20,0
21186,75,240,75,20,20,1
21187,75,240,75,20,30,0
21188,75,240,75,20,30,1
21189,75,240,75,20,50,0
21190,75,240,75,20,50,1
21191,75,240,75,20,70,0
21192,75,240,75,20,70,1
21193,75,240,75,20,80,0
21194,75,240,75,20,80,1
21195,75,240,75,20,100,0
21196,75,240,75,20,100,1
21197,75,240,75,30,0,0
21198,75,240,75,30,0,1
21199,75,240,75,30,20,0
21200,75,240,75,30,20,1
21201,75,240,75,30,30,0
21202,75,240,75,30,30,1
21203,75,240,75,30,50,0
21204,75,240,75,30,50,1
21205,75,240,75,30,70,0
21206,75,240,75,30,70,1
21207,75,240,75,30,80,0
21208,75,240,75,30,80,1
21209,75,240,75,30,100,0
21210,75,240,75,30,100,1
21211,75,240,75,50,0,0
21212,75,240,75,50,0,1
21213,75,240,75,50,20,0
21214,75,240,75,50,20,1
21215,75,240,75,50,30,0
21216,75,240,75,50,30,1
21217,75,240,75,50,50,0
21218,75,240,75,50,50,1
21219,75,240,75,50,70,0
21220,75,240,75,50,70,1
21221,75,240,75,50,80,0
21222,75,240,75,50,80,1
21223,75,240,75,50,100,0
21224,75,240,75,50,100,1
21225,75,240,75,70,0,0
21226,75,240,75,70,0,1
21227,75,240,75,70,20,0
21228,75,240,75,70,20,1
21229,75,240,75,70,30,0
21230,75,240,75,70,30,1
21231,75,240,75,70,50,0
21232,75,240,75,70,50,1
21233,75,240,75,70,70,0
21234,75,240,75,70,70,1
21235,75,240,75,70,80,0
21236,75,240,75,70,80,1
21237,75,240,75,70,100,0
21238,75,240,75,70,100,1
21239,75,240,75,80,0,0
21240,75,240,75,80,0,1
21241,75,240,75,80,20,0
21242,75,240,75,80,20,1
21243,75,240,75,80,30,0
21244,75,240,75,80,30,1
21245,75,240,75,80,50,0
21246,75,240,75,80,50,1
21247,75,240,75,80,70,0
21248,75,240,75,80,70,1
21249,75,240,75,80,80,0
21250,75,240,75,80,80,1
21251,75,240,75,80,100,0
21252,75,240,75,80,100,1
21253,75,240,75,100,0,0
21254,75,240,75,100,0,1
21255,75,240,75,100,20,0
21256,75,240,75,100,20,1
21257,75,240,75,100,30,0
21258,75,240,75,100,30,1
21259,75,240,75,100,50,0
21260,75,240,75,100,50,1
21261,75,240,75,100,70,0
21262,75,240,75,100,70,1
21263,75,240,75,100,80,0
21264,75,240,75,100,80,1
21265,75,240,75,100,100,0
21266,75,240,75,100,100,1
21267,75,240,1,0,0,0
21268,75,240,1,0,0,1
21269,75,240,1,0,20,0
21270,75,240,1,0,20,1
21271,75,240,1,0,30,0
21272,75,240,1,0,30,1
21273,75,240,1,0,50,0
21274,75,240,1,0,50,1
21275,75,240,1,0,70,0
21276,75,240,1,0,70,1
21277,75,240,1,0,80,0
21278,75,240,1,0,80,1
21279,75,240,1,0,100,0
21280,75,240,1,0,100,1
21281,75,240,1,20,0,0
21282,75,240,1,20,0,1
21283,75,240,1,20,20,0
21284,75,240,1,20,20,1
21285,75,240,1,20,30,0
21286,75,240,1,20,30,1
21287,75,240,1,20,50,0
21288,75,240,1,20,50,1
21289,75,240,1,20,70,0
21290,75,240,1,20,70,1
21291,75,240,1,20,80,0
21292,75,240,1,20,80,1
21293,75,240,1,20,100,0
21294,75,240,1,20,100,1
21295,75,240,1,30,0,0
21296,75,240,1,30,0,1
21297,75,240,1,30,20,0
21298,75,240,1,30,20,1
21299,75,240,1,30,30,0
21300,75,240,1,30,30,1
21301,75,240,1,30,50,0
21302,75,240,1,30,50,1
21303,75,240,1,30,70,0
21304,75,240,1,30,70,1
21305,75,240,1,30,80,0
21306,75,240,1,30,80,1
21307,75,240,1,30,100,0
21308,75,240,1,30,100,1
21309,75,240,1,50,0,0
21310,75,240,1,50,0,1
21311,75,240,1,50,20,0
21312,75,240,1,50,20,1
21313,75,240,1,50,30,0
21314,75,240,1,50,30,1
21315,75,240,1,50,50,0
21316,75,240,1,50,50,1
21317,75,240,1,50,70,0
21318,75,240,1,50,70,1
21319,75,240,1,50,80,0
21320,75,240,1,50,80,1
21321,75,240,1,50,100,0
21322,75,240,1,50,100,1
21323,75,240,1,70,0,0
21324,75,240,1,70,0,1
21325,75,240,1,70,20,0
21326,75,240,1,70,20,1
21327,75,240,1,70,30,0
21328,75,240,1,70,30,1
21329,75,240,1,70,50,0
21330,75,240,1,70,50,1
21331,75,240,1,70,70,0
21332,75,240,1,70,70,1
21333,75,240,1,70,80,0
21334,75,240,1,70,80,1
21335,75,240,1,70,100,0
21336,75,240,1,70,100,1
21337,75,240,1,80,0,0
21338,75,240,1,80,0,1
21339,75,240,1,80,20,0
21340,75,240,1,80,20,1
21341,75,240,1,80,30,0
21342,75,240,1,80,30,1
21343,75,240,1,80,50,0
21344,75,240,1,80,50,1
21345,75,240,1,80,70,0
21346,75,240,1,80,70,1
21347,75,240,1,80,80,0
21348,75,240,1,80,80,1
21349,75,240,1,80,100,0
21350,75,240,1,80,100,1
21351,75,240,1,100,0,0
21352,75,240,1,100,0,1
21353,75,240,1,100,20,0
21354,75,240,1,100,20,1
21355,75,240,1,100,30,0
21356,75,240,1,100,30,1
21357,75,240,1,100,50,0
21358,75,240,1,100,50,1
21359,75,240,1,100,70,0
21360,75,240,1,100,70,1
21361,75,240,1,100,80,0
21362,75,240,1,100,80,1
21363,75,240,1,100,100,0
21364,75,240,1,100,100,1
21365,75,240,1,0,0,0
21366,75,240,1,0,0,1
21367,75,240,1,0,20,0
21368,75,240,1,0,20,1
21369,75,240,1,0,30,0
21370,75,240,1,0,30,1
21371,75,240,1,0,50,0
21372,75,240,1,0,50,1
21373,75,240,1,0,70,0
21374,75,240,1,0,70,1
21375,75,240,1,0,80,0
21376,75,240,1,0,80,1
21377,75,240,1,0,100,0
21378,75,240,1,0,100,1
21379,75,240,1,20,0,0
21380,75,240,1,20,0,1
21381,75,240,1,20,20,0
21382,75,240,1,20,20,1
21383,75,240,1,20,30,0
21384,75,240,1,20,30,1
21385,75,240,1,20,50,0
21386,75,240,1,20,50,1
21387,75,240,1,20,70,0
21388,75,240,1,20,70,1
21389,75,240,1,20,80,0
21390,75,240,1,20,80,1
21391,75,240,1,20,100,0
21392,75,240,1,20,100,1
21393,75,240,1,30,0,0
21394,75,240,1,30,0,1
21395,75,240,1,30,20,0
21396,75,240,1,30,20,1
21397,75,240,1,30,30,0
21398,75,240,1,30,30,1
21399,75,240,1,30,50,0
21400,75,240,1,30,50,1
21401,75,240,1,30,70,0
21402,75,240,1,30,70,1
21403,75,240,1,30,80,0
21404,75,240,1,30,80,1
21405,75,240,1,30,100,0
21406,75,240,1,30,100,1
21407,75,240,1,50,0,0
21408,75,240,1,50,0,1
21409,75,240,1,50,20,0
21410,75,240,1,50,20,1
21411,75,240,1,50,30,0
21412,75,240,1,50,30,1
21413,75,240,1,50,50,0
21414,75,240,1,50,50,1
21415,75,240,1,50,70,0
21416,75,240,1,50,70,1
21417,75,240,1,50,80,0
21418,75,240,1,50,80,1
21419,75,240,1,50,100,0
21420,75,240,1,50,100,1
21421,75,240,1,70,0,0
21422,75,240,1,70,0,1
21423,75,240,1,70,20,0
21424,75,240,1,70,20,1
21425,75,240,1,70,30,0
21426,75,240,1,70,30,1
21427,75,240,1,70,50,0
21428,75,240,1,70,50,1
21429,75,240,1,70,70,0
21430,75,240,1,70,70,1
21431,75,240,1,70,80,0
21432,75,240,1,70,80,1
21433,75,240,1,70,100,0
21434,75,240,1,70,100,1
21435,75,240,1,80,0,0
21436,75,240,1,80,0,1
21437,75,240,1,80,20,0
21438,75,240,1,80,20,1
21439,75,240,1,80,30,0
21440,75,240,1,80,30,1
21441,75,240,1,80,50,0
21442,75,240,1,80,50,1
21443,75,240,1,80,70,0
21444,75,240,1,80,70,1
21445,75,240,1,80,80,0
21446,75,240,1,80,80,1
21447,75,240,1,80,100,0
21448,75,240,1,80,100,1
21449,75,240,1,100,0,0
21450,75,240,1,100,0,1
21451,75,240,1,100,20,0
21452,75,240,1,100,20,1
21453,75,240,1,100,30,0
21454,75,240,1,100,30,1
21455,75,240,1,100,50,0
21456,75,240,1,100,50,1
21457,75,240,1,100,70,0
21458,75,240,1,100,70,1
21459,75,240,1,100,80,0
21460,75,240,1,100,80,1
21461,75,240,1,100,100,0
21462,75,240,1,100,100,1
21463,75,240,5,0,0,0
21464,75,240,5,0,0,1
21465,75,240,5,0,20,0
21466,75,240,5,0,20,1
21467,75,240,5,0,30,0
21468,75,240,5,0,30,1
21469,75,240,5,0,50,0
21470,75,240,5,0,50,1
21471,75,240,5,0,70,0
21472,75,240,5,0,70,1
21473,75,240,5,0,80,0
21474,75,240,5,0,80,1
21475,75,240,5,0,100,0
21476,75,240,5,0,100,1
21477,75,240,5,20,0,0
21478,75,240,5,20,0,1
21479,75,240,5,20,20,0
21480,75,240,5,20,20,1
21481,75,240,5,20,30,0
21482,75,240,5,20,30,1
21483,75,240,5,20,50,0
21484,75,240,5,20,50,1
21485,75,240,5,20,70,0
21486,75,240,5,20,70,1
21487,75,240,5,20,80,0
21488,75,240,5,20,80,1
21489,75,240,5,20,100,0
21490,75,240,5,20,100,1
21491,75,240,5,30,0,0
21492,75,240,5,30,0,1
21493,75,240,5,30,20,0
21494,75,240,5,30,20,1
21495,75,240,5,30,30,0
21496,75,240,5,30,30,1
21497,75,240,5,30,50,0
21498,75,240,5,30,50,1
21499,75,240,5,30,70,0
21500,75,240,5,30,70,1
21501,75,240,5,30,80,0
21502,75,240,5,30,80,1
21503,75,240,5,30,100,0
21504,75,240,5,30,100,1
21505,75,240,5,50,0,0
21506,75,240,5,50,0,1
21507,75,240,5,50,20,0
21508,75,240,5,50,20,1
21509,75,240,5,50,30,0
21510,75,240,5,50,30,1
21511,75,240,5,50,50,0
21512,75,240,5,50,50,1
21513,75,240,5,50,70,0
21514,75,240,5,50,70,1
21515,75,240,5,50,80,0
21516,75,240,5,50,80,1
21517,75,240,5,50,100,0
21518,75,240,5,50,100,1
21519,75,240,5,70,0,0
21520,75,240,5,70,0,1
21521,75,240,5,70,20,0
21522,75,240,5,70,20,1
21523,75,240,5,70,30,0
21524,75,240,5,70,30,1
21525,75,240,5,70,50,0
21526,75,240,5,70,50,1
21527,75,240,5,70,70,0
21528,75,240,5,70,70,1
21529,75,240,5,70,80,0
21530,75,240,5,70,80,1
21531,75,240,5,70,100,0
21532,75,240,5,70,100,1
21533,75,240,5,80,0,0
21534,75,240,5,80,0,1
21535,75,240,5,80,20,0
21536,75,240,5,80,20,1
21537,75,240,5,80,30,0
21538,75,240,5,80,30,1
21539,75,240,5,80,50,0
21540,75,240,5,80,50,1
21541,75,240,5,80,70,0
21542,75,240,5,80,70,1
21543,75,240,5,80,80,0
21544,75,240,5,80,80,1
21545,75,240,5,80,100,0
21546,75,240,5,80,100,1
21547,75,240,5,100,0,0
21548,75,240,5,100,0,1
21549,75,240,5,100,20,0
21550,75,240,5,100,20,1
21551,75,240,5,100,30,0
21552,75,240,5,100,30,1
21553,75,240,5,100,50,0
21554,75,240,5,100,50,1
21555,75,240,5,100,70,0
21556,75,240,5,100,70,1
21557,75,240,5,100,80,0
21558,75,240,5,100,80,1
21559,75,240,5,100,100,0
21560,75,240,5,100,100,1
21561,75,260,0,0,0,0
21562,75,260,0,0,0,1
21563,75,260,0,0,20,0
21564,75,260,0,0,20,1
21565,75,260,0,0,30,0
21566,75,260,0,0,30,1
21567,75,260,0,0,50,0
21568,75,260,0,0,50,1
21569,75,260,0,0,70,0
21570,75,260,0,0,70,1
21571,75,260,0,0,80,0
21572,75,260,0,0,80,1
21573,75,260,0,0,100,0
21574,75,260,0,0,100,1
21575,75,260,0,20,0,0
21576,75,260,0,20,0,1
21577,75,260,0,20,20,0
21578,75,260,0,20,20,1
21579,75,260,0,20,30,0
21580,75,260,0,20,30,1
21581,75,260,0,20,50,0
21582,75,260,0,20,50,1
21583,75,260,0,20,70,0
21584,75,260,0,20,70,1
21585,75,260,0,20,80,0
21586,75,260,0,20,80,1
21587,75,260,0,20,100,0
21588,75,260,0,20,100,1
21589,75,260,0,30,0,0
21590,75,260,0,30,0,1
21591,75,260,0,30,20,0
21592,75,260,0,30,20,1
21593,75,260,0,30,30,0
21594,75,260,0,30,30,1
21595,75,260,0,30,50,0
21596,75,260,0,30,50,1
21597,75,260,0,30,70,0
21598,75,260,0,30,70,1
21599,75,260,0,30,80,0
21600,75,260,0,30,80,1
21601,75,260,0,30,100,0
21602,75,260,0,30,100,1
21603,75,260,0,50,0,0
21604,75,260,0,50,0,1
21605,75,260,0,50,20,0
21606,75,260,0,50,20,1
21607,75,260,0,50,30,0
21608,75,260,0,50,30,1
21609,75,260,0,50,50,0
21610,75,260,0,50,50,1
21611,75,260,0,50,70,0
21612,75,260,0,50,70,1
21613,75,260,0,50,80,0
21614,75,260,0,50,80,1
21615,75,260,0,50,100,0
21616,75,260,0,50,100,1
21617,75,260,0,70,0,0
21618,75,260,0,70,0,1
21619,75,260,0,70,20,0
21620,75,260,0,70,20,1
21621,75,260,0,70,30,0
21622,75,260,0,70,30,1
21623,75,260,0,70,50,0
21624,75,260,0,70,50,1
21625,75,260,0,70,70,0
21626,75,260,0,70,70,1
21627,75,260,0,70,80,0
21628,75,260,0,70,80,1
21629,75,260,0,70,100,0
21630,75,260,0,70,100,1
21631,75,260,0,80,0,0
21632,75,260,0,80,0,1
21633,75,260,0,80,20,0
21634,75,260,0,80,20,1
21635,75,260,0,80,30,0
21636,75,260,0,80,30,1
21637,75,260,0,80,50,0
21638,75,260,0,80,50,1
21639,75,260,0,80,70,0
21640,75,260,0,80,70,1
21641,75,260,0,80,80,0
21642,75,260,0,80,80,1
21643,75,260,0,80,100,0
21644,75,260,0,80,100,1
21645,75,260,0,100,0,0
21646,75,260,0,100,0,1
21647,75,260,0,100,20,0
21648,75,260,0,100,20,1
21649,75,260,0,100,30,0
21650,75,260,0,100,30,1
21651,75,260,0,100,50,0
21652,75,260,0,100,50,1
21653,75,260,0,100,70,0
21654,75,260,0,100,70,1
21655,75,260,0,100,80,0
21656,75,260,0,100,80,1
21657,75,260,0,100,100,0
21658,75,260,0,100,100,1
21659,75,260,75,0,0,0
21660,75,260,75,0,0,1
21661,75,260,75,0,20,0
21662,75,260,75,0,20,1
21663,75,260,75,0,30,0
21664,75,260,75,0,30,1
21665,75,260,75,0,50,0
21666,75,260,75,0,50,1
21667,75,260,75,0,70,0
21668,75,260,75,0,70,1
21669,75,260,75,0,80,0
21670,75,260,75,0,80,1
21671,75,260,75,0,100,0
21672,75,260,75,0,100,1
21673,75,260,75,20,0,0
21674,75,260,75,20,0,1
21675,75,260,75,20,20,0
21676,75,260,75,20,20,1
21677,75,260,75,20,30,0
21678,75,260,75,20,30,1
21679,75,260,75,20,50,0
21680,75,260,75,20,50,1
21681,75,260,75,20,70,0
21682,75,260,75,20,70,1
21683,75,260,75,20,80,0
21684,75,260,75,20,80,1
21685,75,260,75,20,100,0
21686,75,260,75,20,100,1
21687,75,260,75,30,0,0
21688,75,260,75,30,0,1
21689,75,260,75,30,20,0
21690,75,260,75,30,20,1
21691,75,260,75,30,30,0
21692,75,260,75,30,30,1
21693,75,260,75,30,50,0
21694,75,260,75,30,50,1
21695,75,260,75,30,70,0
21696,75,260,75,30,70,1
21697,75,260,75,30,80,0
21698,75,260,75,30,80,1
21699,75,260,75,30,100,0
21700,75,260,75,30,100,1
21701,75,260,75,50,0,0
21702,75,260,75,50,0,1
21703,75,260,75,50,20,0
21704,75,260,75,50,20,1
21705,75,260,75,50,30,0
21706,75,260,75,50,30,1
21707,75,260,75,50,50,0
21708,75,260,75,50,50,1
21709,75,260,75,50,70,0
21710,75,260,75,50,70,1
21711,75,260,75,50,80,0
21712,75,260,75,50,80,1
21713,75,260,75,50,100,0
21714,75,260,75,50,100,1
21715,75,260,75,70,0,0
21716,75,260,75,70,0,1
21717,75,260,75,70,20,0
21718,75,260,75,70,20,1
21719,75,260,75,70,30,0
21720,75,260,75,70,30,1
21721,75,260,75,70,50,0
21722,75,260,75,70,50,1
21723,75,260,75,70,70,0
21724,75,260,75,70,70,1
21725,75,260,75,70,80,0
21726,75,260,75,70,80,1
21727,75,260,75,70,100,0
21728,75,260,75,70,100,1
21729,75,260,75,80,0,0
21730,75,260,75,80,0,1
21731,75,260,75,80,20,0
21732,75,260,75,80,20,1
21733,75,260,75,80,30,0
21734,75,260,75,80,30,1
21735,75,260,75,80,50,0
21736,75,260,75,80,50,1
21737,75,260,75,80,70,0
21738,75,260,75,80,70,1
21739,75,260,75,80,80,0
21740,75,260,75,80,80,1
21741,75,260,75,80,100,0
21742,75,260,75,80,100,1
21743,75,260,75,100,0,0
21744,75,260,75,100,0,1
21745,75,260,75,100,20,0
21746,75,260,75,100,20,1
21747,75,260,75,100,30,0
21748,75,260,75,100,30,1
21749,75,260,75,100,50,0
21750,75,260,75,100,50,1
21751,75,260,75,100,70,0
21752,75,260,75,100,70,1
21753,75,260,75,100,80,0
21754,75,260,75,100,80,1
21755,75,260,75,100,100,0
21756,75,260,75,100,100,1
21757,75,260,1,0,0,0
21758,75,260,1,0,0,1
21759,75,260,1,0,20,0
21760,75,260,1,0,20,1
21761,75,260,1,0,30,0
21762,75,260,1,0,30,1
21763,75,260,1,0,50,0
21764,75,260,1,0,50,1
21765,75,260,1,0,70,0
21766,75,260,1,0,70,1
21767,75,260,1,0,80,0
21768,75,260,1,0,80,1
21769,75,260,1,0,100,0
21770,75,260,1,0,100,1
21771,75,260,1,20,0,0
21772,75,260,1,20,0,1
21773,75,260,1,20,20,0
21774,75,260,1,20,20,1
21775,75,260,1,20,30,0
21776,75,260,1,20,30,1
21777,75,260,1,20,50,0
21778,75,260,1,20,50,1
21779,75,260,1,20,70,0
21780,75,260,1,20,70,1
21781,75,260,1,20,80,0
21782,75,260,1,20,80,1
21783,75,260,1,20,100,0
21784,75,260,1,20,100,1
21785,75,260,1,30,0,0
21786,75,260,1,30,0,1
21787,75,260,1,30,20,0
21788,75,260,1,30,20,1
21789,75,260,1,30,30,0
21790,75,260,1,30,30,1
21791,75,260,1,30,50,0
21792,75,260,1,30,50,1
21793,75,260,1,30,70,0
21794,75,260,1,30,70,1
21795,75,260,1,30,80,0
21796,75,260,1,30,80,1
21797,75,260,1,30,100,0
21798,75,260,1,30,100,1
21799,75,260,1,50,0,0
21800,75,260,1,50,0,1
21801,75,260,1,50,20,0
21802,75,260,1,50,20,1
21803,75,260,1,50,30,0
21804,75,260,1,50,30,1
21805,75,260,1,50,50,0
21806,75,260,1,50,50,1
21807,75,260,1,50,70,0
21808,75,260,1,50,70,1
21809,75,260,1,50,80,0
21810,75,260,1,50,80,1
21811,75,260,1,50,100,0
21812,75,260,1,50,100,1
21813,75,260,1,70,0,0
21814,75,260,1,70,0,1
21815,75,260,1,70,20,0
21816,75,260,1,70,20,1
21817,75,260,1,70,30,0
21818,75,260,1,70,30,1
21819,75,260,1,70,50,0
21820,75,260,1,70,50,1
21821,75,260,1,70,70,0
21822,75,260,1,70,70,1
21823,75,260,1,70,80,0
21824,75,260,1,70,80,1
21825,75,260,1,70,100,0
21826,75,260,1,70,100,1
21827,75,260,1,80,0,0
21828,75,260,1,80,0,1
21829,75,260,1,80,20,0
21830,75,260,1,80,20,1
21831,75,260,1,80,30,0
21832,75,260,1,80,30,1
21833,75,260,1,80,50,0
21834,75,260,1,80,50,1
21835,75,260,1,80,70,0
21836,75,260,1,80,70,1
21837,75,260,1,80,80,0
21838,75,260,1,80,80,1
21839,75,260,1,80,100,0
21840,75,260,1,80,100,1
21841,75,260,1,100,0,0
21842,75,260,1,100,0,1
21843,75,260,1,100,20,0
21844,75,260,1,100,20,1
21845,75,260,1,100,30,0
21846,75,260,1,100,30,1
21847,75,260,1,100,50,0
21848,75,260,1,100,50,1
21849,75,260,1,100,70,0
21850,75,260,1,100,70,1
21851,75,260,1,100,80,0
21852,75,260,1,100,80,1
21853,75,260,1,100,100,0
21854,75,260,1,100,100,1
21855,75,260,1,0,0,0
21856,75,260,1,0,0,1
21857,75,260,1,0,20,0
21858,75,260,1,0,20,1
21859,75,260,1,0,30,0
21860,75,260,1,0,30,1
21861,75,260,1,0,50,0
21862,75,260,1,0,50,1
21863,75,260,1,0,70,0
21864,75,260,1,0,70,1
21865,75,260,1,0,80,0
21866,75,260,1,0,80,1
21867,75,260,1,0,100,0
21868,75,260,1,0,100,1
21869,75,260,1,20,0,0
21870,75,260,1,20,0,1
21871,75,260,1,20,20,0
21872,75,260,1,20,20,1
21873,75,260,1,20,30,0
21874,75,260,1,20,30,1
21875,75,260,1,20,50,0
21876,75,260,1,20,50,1
21877,75,260,1,20,70,0
21878,75,260,1,20,70,1
21879,75,260,1,20,80,0
21880,75,260,1,20,80,1
21881,75,260,1,20,100,0
21882,75,260,1,20,100,1
21883,75,260,1,30,0,0
21884,75,260,1,30,0,1
21885,75,260,1,30,20,0
21886,75,260,1,30,20,1
21887,75,260,1,30,30,0
21888,75,260,1,30,30,1
21889,75,260,1,30,50,0
21890,75,260,1,30,50,1
21891,75,260,1,30,70,0
21892,75,260,1,30,70,1
21893,75,260,1,30,80,0
21894,75,260,1,30,80,1
21895,75,260,1,30,100,0
21896,75,260,1,30,100,1
21897,75,260,1,50,0,0
21898,75,260,1,50,0,1
21899,75,260,1,50,20,0
21900,75,260,1,50,20,1
21901,75,260,1,50,30,0
21902,75,260,1,50,30,1
21903,75,260,1,50,50,0
21904,75,260,1,50,50,1
21905,75,260,1,50,70,0
21906,75,260,1,50,70,1
21907,75,260,1,50,80,0
21908,75,260,1,50,80,1
21909,75,260,1,50,100,0
21910,75,260,1,50,100,1
21911,75,260,1,70,0,0
21912,75,260,1,70,0,1
21913,75,260,1,70,20,0
21914,75,260,1,70,20,1
21915,75,260,1,70,30,0
21916,75,260,1,70,30,1
21917,75,260,1,70,50,0
21918,75,260,1,70,50,1
21919,75,260,1,70,70,0
21920,75,260,1,70,70,1
21921,75,260,1,70,80,0
21922,75,260,1,70,80,1
21923,75,260,1,70,100,0
21924,75,260,1,70,100,1
21925,75,260,1,80,0,0
21926,75,260,1,80,0,1
21927,75,260,1,80,20,0
21928,75,260,1,80,20,1
21929,75,260,1,80,30,0
21930,75,260,1,80,30,1
21931,75,260,1,80,50,0
21932,75,260,1,80,50,1
21933,75,260,1,80,70,0
21934,75,260,1,80,70,1
21935,75,260,1,80,80,0
21936,75,260,1,80,80,1
21937,75,260,1,80,100,0
21938,75,260,1,80,100,1
21939,75,260,1,100,0,0
21940,75,260,1,100,0,1
21941,75,260,1,100,20,0
21942,75,260,1,100,20,1
21943,75,260,1,100,30,0
21944,75,260,1,100,30,1
21945,75,260,1,100,50,0
21946,75,260,1,100,50,1
21947,75,260,1,100,70,0
21948,75,260,1,100,70,1
21949,75,260,1,100,80,0
21950,75,260,1,100,80,1
21951,75,260,1,100,100,0
21952,75,260,1,100,100,1
21953,75,260,5,0,0,0
21954,75,260,5,0,0,1
21955,75,260,5,0,20,0
21956,75,260,5,0,20,1
21957,75,260,5,0,30,0
21958,75,260,5,0,30,1
21959,75,260,5,0,50,0
21960,75,260,5,0,50,1
21961,75,260,5,0,70,0
21962,75,260,5,0,70,1
21963,75,260,5,0,80,0
21964,75,260,5,0,80,1
21965,75,260,5,0,100,0
21966,75,260,5,0,100,1
21967,75,260,5,20,0,0
21968,75,260,5,20,0,1
21969,75,260,5,20,20,0
21970,75,260,5,20,20,1
21971,75,260,5,20,30,0
21972,75,260,5,20,30,1
21973,75,260,5,20,50,0
21974,75,260,5,20,50,1
21975,75,260,5,20,70,0
21976,75,260,5,20,70,1
21977,75,260,5,20,80,0
21978,75,260,5,20,80,1
21979,75,260,5,20,100,0
21980,75,260,5,20,100,1
21981,75,260,5,30,0,0
21982,75,260,5,30,0,1
21983,75,260,5,30,20,0
21984,75,260,5,30,20,1
21985,75,260,5,30,30,0
21986,75,260,5,30,30,1
21987,75,260,5,30,50,0
21988,75,260,5,30,50,1
21989,75,260,5,30,70,0
21990,75,260,5,30,70,1
21991,75,260,5,30,80,0
21992,75,260,5,30,80,1
21993,75,260,5,30,100,0
21994,75,260,5,30,100,1
21995,75,260,5,50,0,0
21996,75,260,5,50,0,1
21997,75,260,5,50,20,0
21998,75,260,5,50,20,1
21999,75,260,5,50,30,0
22000,75,260,5,50,30,1
22001,75,260,5,50,50,0
22002,75,260,5,50,50,1
22003,75,260,5,50,70,0
22004,75,260,5,50,70,1
22005,75,260,5,50,80,0
22006,75,260,5,50,80,1
22007,75,260,5,50,100,0
22008,75,260,5,50,100,1
22009,75,260,5,70,0,0
22010,75,260,5,70,0,1
22011,75,260,5,70,20,0
22012,75,260,5,70,20,1
22013,75,260,5,70,30,0
22014,75,260,5,70,30,1
22015,75,260,5,70,50,0
22016,75,260,5,70,50,1
22017,75,260,5,70,70,0
22018,75,260,5,70,70,1
22019,75,260,5,70,80,0
22020,75,260,5,70,80,1
22021,75,260,5,70,100,0
22022,75,260,5,70,100,1
22023,75,260,5,80,0,0
22024,75,260,5,80,0,1
22025,75,260,5,80,20,0
22026,75,260,5,80,20,1
22027,75,260,5,80,30,0
22028,75,260,5,80,30,1
22029,75,260,5,80,50,0
22030,75,260,5,80,50,1
22031,75,260,5,80,70,0
22032,75,260,5,80,70,1
22033,75,260,5,80,80,0
22034,75,260,5,80,80,1
22035,75,260,5,80,100,0
22036,75,260,5,80,100,1
22037,75,260,5,100,0,0
22038,75,260,5,100,0,1
22039,75,260,5,100,20,0
22040,75,260,5,100,20,1
22041,75,260,5,100,30,0
22042,75,260,5,100,30,1
22043,75,260,5,100,50,0
22044,75,260,5,100,50,1
22045,75,260,5,100,70,0
22046,75,260,5,100,70,1
22047,75,260,5,100,80,0
22048,75,260,5,100,80,1
22049,75,260,5,100,100,0
22050,75,260,5,100,100,1
22051,75,280,0,0,0,0
22052,75,280,0,0,0,1
22053,75,280,0,0,20,0
22054,75,280,0,0,20,1
22055,75,280,0,0,30,0
22056,75,280,0,0,30,1
22057,75,280,0,0,50,0
22058,75,280,0,0,50,1
22059,75,280,0,0,70,0
22060,75,280,0,0,70,1
22061,75,280,0,0,80,0
22062,75,280,0,0,80,1
22063,75,280,0,0,100,0
22064,75,280,0,0,100,1
22065,75,280,0,20,0,0
22066,75,280,0,20,0,1
22067,75,280,0,20,20,0
22068,75,280,0,20,20,1
22069,75,280,0,20,30,0
22070,75,280,0,20,30,1
22071,75,280,0,20,50,0
22072,75,280,0,20,50,1
22073,75,280,0,20,70,0
22074,75,280,0,20,70,1
22075,75,280,0,20,80,0
22076,75,280,0,20,80,1
22077,75,280,0,20,100,0
22078,75,280,0,20,100,1
22079,75,280,0,30,0,0
22080,75,280,0,30,0,1
22081,75,280,0,30,20,0
22082,75,280,0,30,20,1
22083,75,280,0,30,30,0
22084,75,280,0,30,30,1
22085,75,280,0,30,50,0
22086,75,280,0,30,50,1
22087,75,280,0,30,70,0
22088,75,280,0,30,70,1
22089,75,280,0,30,80,0
22090,75,280,0,30,80,1
22091,75,280,0,30,100,0
22092,75,280,0,30,100,1
22093,75,280,0,50,0,0
22094,75,280,0,50,0,1
22095,75,280,0,50,20,0
22096,75,280,0,50,20,1
22097,75,280,0,50,30,0
22098,75,280,0,50,30,1
22099,75,280,0,50,50,0
22100,75,280,0,50,50,1
22101,75,280,0,50,70,0
22102,75,280,0,50,70,1
22103,75,280,0,50,80,0
22104,75,280,0,50,80,1
22105,75,280,0,50,100,0
22106,75,280,0,50,100,1
22107,75,280,0,70,0,0
22108,75,280,0,70,0,1
22109,75,280,0,70,20,0
22110,75,280,0,70,20,1
22111,75,280,0,70,30,0
22112,75,280,0,70,30,1
22113,75,280,0,70,50,0
22114,75,280,0,70,50,1
22115,75,280,0,70,70,0
22116,75,280,0,70,70,1
22117,75,280,0,70,80,0
22118,75,280,0,70,80,1
22119,75,280,0,70,100,0
22120,75,280,0,70,100,1
22121,75,280,0,80,0,0
22122,75,280,0,80,0,1
22123,75,280,0,80,20,0
22124,75,280,0,80,20,1
22125,75,280,0,80,30,0
22126,75,280,0,80,30,1
22127,75,280,0,80,50,0
22128,75,280,0,80,50,1
22129,75,280,0,80,70,0
22130,75,280,0,80,70,1
22131,75,280,0,80,80,0
22132,75,280,0,80,80,1
22133,75,280,0,80,100,0
22134,75,280,0,80,100,1
22135,75,280,0,100,0,0
22136,75,280,0,100,0,1
22137,75,280,0,100,20,0
22138,75,280,0,100,20,1
22139,75,280,0,100,30,0
22140,75,280,0,100,30,1
22141,75,280,0,100,50,0
22142,75,280,0,100,50,1
22143,75,280,0,100,70,0
22144,75,280,0,100,70,1
22145,75,280,0,100,80,0
22146,75,280,0,100,80,1
22147,75,280,0,100,100,0
22148,75,280,0,100,100,1
22149,75,280,75,0,0,0
22150,75,280,75,0,0,1
22151,75,280,75,0,20,0
22152,75,280,75,0,20,1
22153,75,280,75,0,30,0
22154,75,280,75,0,30,1
22155,75,280,75,0,50,0
22156,75,280,75,0,50,1
22157,75,280,75,0,70,0
22158,75,280,75,0,70,1
22159,75,280,75,0,80,0
22160,75,280,75,0,80,1
22161,75,280,75,0,100,0
22162,75,280,75,0,100,1
22163,75,280,75,20,0,0
22164,75,280,75,20,0,1
22165,75,280,75,20,20,0
22166,75,280,75,20,20,1
22167,75,280,75,20,30,0
22168,75,280,75,20,30,1
22169,75,280,75,20,50,0
22170,75,280,75,20,50,1
22171,75,280,75,20,70,0
22172,75,280,75,20,70,1
22173,75,280,75,20,80,0
22174,75,280,75,20,80,1
22175,75,280,75,20,100,0
22176,75,280,75,20,100,1
22177,75,280,75,30,0,0
22178,75,280,75,30,0,1
22179,75,280,75,30,20,0
22180,75,280,75,30,20,1
22181,75,280,75,30,30,0
22182,75,280,75,30,30,1
22183,75,280,75,30,50,0
22184,75,280,75,30,50,1
22185,75,280,75,30,70,0
22186,75,280,75,30,70,1
22187,75,280,75,30,80,0
22188,75,280,75,30,80,1
22189,75,280,75,30,100,0
22190,75,280,75,30,100,1
22191,75,280,75,50,0,0
22192,75,280,75,50,0,1
22193,75,280,75,50,20,0
22194,75,280,75,50,20,1
22195,75,280,75,50,30,0
22196,75,280,75,50,30,1
22197,75,280,75,50,50,0
22198,75,280,75,50,50,1
22199,75,280,75,50,70,0
22200,75,280,75,50,70,1
22201,75,280,75,50,80,0
22202,75,280,75,50,80,1
22203,75,280,75,50,100,0
22204,75,280,75,50,100,1
22205,75,280,75,70,0,0
22206,75,280,75,70,0,1
22207,75,280,75,70,20,0
22208,75,280,75,70,20,1
22209,75,280,75,70,30,0
22210,75,280,75,70,30,1
22211,75,280,75,70,50,0
22212,75,280,75,70,50,1
22213,75,280,75,70,70,0
22214,75,280,75,70,70,1
22215,75,280,75,70,80,0
22216,75,280,75,70,80,1
22217,75,280,75,70,100,0
22218,75,280,75,70,100,1
22219,75,280,75,80,0,0
22220,75,280,75,80,0,1
22221,75,280,75,80,20,0
22222,75,280,75,80,20,1
22223,75,280,75,80,30,0
22224,75,280,75,80,30,1
22225,75,280,75,80,50,0
22226,75,280,75,80,50,1
22227,75,280,75,80,70,0
22228,75,280,75,80,70,1
22229,75,280,75,80,80,0
22230,75,280,75,80,80,1
22231,75,280,75,80,100,0
22232,75,280,75,80,100,1
22233,75,280,75,100,0,0
22234,75,280,75,100,0,1
22235,75,280,75,100,20,0
22236,75,280,75,100,20,1
22237,75,280,75,100,30,0
22238,75,280,75,100,30,1
22239,75,280,75,100,50,0
22240,75,280,75,100,50,1
22241,75,280,75,100,70,0
22242,75,280,75,100,70,1
22243,75,280,75,100,80,0
22244,75,280,75,100,80,1
22245,75,280,75,100,100,0
22246,75,280,75,100,100,1
22247,75,280,1,0,0,0
22248,75,280,1,0,0,1
22249,75,280,1,0,20,0
22250,75,280,1,0,20,1
22251,75,280,1,0,30,0
22252,75,280,1,0,30,1
22253,75,280,1,0,50,0
22254,75,280,1,0,50,1
22255,75,280,1,0,70,0
22256,75,280,1,0,70,1
22257,75,280,1,0,80,0
22258,75,280,1,0,80,1
22259,75,280,1,0,100,0
22260,75,280,1,0,100,1
22261,75,280,1,20,0,0
22262,75,280,1,20,0,1
22263,75,280,1,20,20,0
22264,75,280,1,20,20,1
22265,75,280,1,20,30,0
22266,75,280,1,20,30,1
22267,75,280,1,20,50,0
22268,75,280,1,20,50,1
22269,75,280,1,20,70,0
22270,75,280,1,20,70,1
22271,75,280,1,20,80,0
22272,75,280,1,20,80,1
22273,75,280,1,20,100,0
22274,75,280,1,20,100,1
22275,75,280,1,30,0,0
22276,75,280,1,30,0,1
22277,75,280,1,30,20,0
22278,75,280,1,30,20,1
22279,75,280,1,30,30,0
22280,75,280,1,30,30,1
22281,75,280,1,30,50,0
22282,75,280,1,30,50,1
22283,75,280,1,30,70,0
22284,75,280,1,30,70,1
22285,75,280,1,30,80,0
22286,75,280,1,30,80,1
22287,75,280,1,30,100,0
22288,75,280,1,30,100,1
22289,75,280,1,50,0,0
22290,75,280,1,50,0,1
22291,75,280,1,50,20,0
22292,75,280,1,50,20,1
22293,75,280,1,50,30,0
22294,75,280,1,50,30,1
22295,75,280,1,50,50,0
22296,75,280,1,50,50,1
22297,75,280,1,50,70,0
22298,75,280,1,50,70,1
22299,75,280,1,50,80,0
22300,75,280,1,50,80,1
22301,75,280,1,50,100,0
22302,75,280,1,50,100,1
22303,75,280,1,70,0,0
22304,75,280,1,70,0,1
22305,75,280,1,70,20,0
22306,75,280,1,70,20,1
22307,75,280,1,70,30,0
22308,75,280,1,70,30,1
22309,75,280,1,70,50,0
22310,75,280,1,70,50,1
22311,75,280,1,70,70,0
22312,75,280,1,70,70,1
22313,75,280,1,70,80,0
22314,75,280,1,70,80,1
22315,75,280,1,70,100,0
22316,75,280,1,70,100,1
22317,75,280,1,80,0,0
22318,75,280,1,80,0,1
22319,75,280,1,80,20,0
22320,75,280,1,80,20,1
22321,75,280,1,80,30,0
22322,75,280,1,80,30,1
22323,75,280,1,80,50,0
22324,75,280,1,80,50,1
22325,75,280,1,80,70,0
22326,75,280,1,80,70,1
22327,75,280,1,80,80,0
22328,75,280,1,80,80,1
22329,75,280,1,80,100,0
22330,75,280,1,80,100,1
22331,75,280,1,100,0,0
22332,75,280,1,100,0,1
22333,75,280,1,100,20,0
22334,75,280,1,100,20,1
22335,75,280,1,100,30,0
22336,75,280,1,100,30,1
22337,75,280,1,100,50,0
22338,75,280,1,100,50,1
22339,75,280,1,100,70,0
22340,75,280,1,100,70,1
22341,75,280,1,100,80,0
22342,75,280,1,100,80,1
22343,75,280,1,100,100,0
22344,75,280,1,100,100,1
22345,75,280,1,0,0,0
22346,75,280,1,0,0,1
22347,75,280,1,0,20,0
22348,75,280,1,0,20,1
22349,75,280,1,0,30,0
22350,75,280,1,0,30,1
22351,75,280,1,0,50,0
22352,75,280,1,0,50,1
22353,75,280,1,0,70,0
22354,75,280,1,0,70,1
22355,75,280,1,0,80,0
22356,75,280,1,0,80,1
22357,75,280,1,0,100,0
22358,75,280,1,0,100,1
22359,75,280,1,20,0,0
22360,75,280,1,20,0,1
22361,75,280,1,20,20,0
22362,75,280,1,20,20,1
22363,75,280,1,20,30,0
22364,75,280,1,20,30,1
22365,75,280,1,20,50,0
22366,75,280,1,20,50,1
22367,75,280,1,20,70,0
22368,75,280,1,20,70,1
22369,75,280,1,20,80,0
22370,75,280,1,20,80,1
22371,75,280,1,20,100,0
22372,75,280,1,20,100,1
22373,75,280,1,30,0,0
22374,75,280,1,30,0,1
22375,75,280,1,30,20,0
22376,75,280,1,30,20,1
22377,75,280,1,30,30,0
22378,75,280,1,30,30,1
22379,75,280,1,30,50,0
22380,75,280,1,30,50,1
22381,75,280,1,30,70,0
22382,75,280,1,30,70,1
22383,75,280,1,30,80,0
22384,75,280,1,30,80,1
22385,75,280,1,30,100,0
22386,75,280,1,30,100,1
22387,75,280,1,50,0,0
22388,75,280,1,50,0,1
22389,75,280,1,50,20,0
22390,75,280,1,50,20,1
22391,75,280,1,50,30,0
22392,75,280,1,50,30,1
22393,75,280,1,50,50,0
22394,75,280,1,50,50,1
22395,75,280,1,50,70,0
22396,75,280,1,50,70,1
22397,75,280,1,50,80,0
22398,75,280,1,50,80,1
22399,75,280,1,50,100,0
22400,75,280,1,50,100,1
22401,75,280,1,70,0,0
22402,75,280,1,70,0,1
22403,75,280,1,70,20,0
22404,75,280,1,70,20,1
22405,75,280,1,70,30,0
22406,75,280,1,70,30,1
22407,75,280,1,70,50,0
22408,75,280,1,70,50,1
22409,75,280,1,70,70,0
22410,75,280,1,70,70,1
22411,75,280,1,70,80,0
22412,75,280,1,70,80,1
22413,75,280,1,70,100,0
22414,75,280,1,70,100,1
22415,75,280,1,80,0,0
22416,75,280,1,80,0,1
22417,75,280,1,80,20,0
22418,75,280,1,80,20,1
22419,75,280,1,80,30,0
22420,75,280,1,80,30,1
22421,75,280,1,80,50,0
22422,75,280,1,80,50,1
22423,75,280,1,80,70,0
22424,75,280,1,80,70,1
22425,75,280,1,80,80,0
22426,75,280,1,80,80,1
22427,75,280,1,80,100,0
22428,75,280,1,80,100,1
22429,75,280,1,100,0,0
22430,75,280,1,100,0,1
22431,75,280,1,100,20,0
22432,75,280,1,100,20,1
22433,75,280,1,100,30,0
22434,75,280,1,100,30,1
22435,75,280,1,100,50,0
22436,75,280,1,100,50,1
22437,75,280,1,100,70,0
22438,75,280,1,100,70,1
22439,75,280,1,100,80,0
22440,75,280,1,100,80,1
22441,75,280,1,100,100,0
22442,75,280,1,100,100,1
22443,75,280,5,0,0,0
22444,75,280,5,0,0,1
22445,75,280,5,0,20,0
22446,75,280,5,0,20,1
22447,75,280,5,0,30,0
22448,75,280,5,0,30,1
22449,75,280,5,0,50,0
22450,75,280,5,0,50,1
22451,75,280,5,0,70,0
22452,75,280,5,0,70,1
22453,75,280,5,0,80,0
22454,75,280,5,0,80,1
22455,75,280,5,0,100,0
22456,75,280,5,0,100,1
22457,75,280,5,20,0,0
22458,75,280,5,20,0,1
22459,75,280,5,20,20,0
22460,75,280,5,20,20,1
22461,75,280,5,20,30,0
22462,75,280,5,20,30,1
22463,75,280,5,20,50,0
22464,75,280,5,20,50,1
22465,75,280,5,20,70,0
22466,75,280,5,20,70,1
22467,75,280,5,20,80,0
22468,75,280,5,20,80,1
22469,75,280,5,20,100,0
22470,75,280,5,20,100,1
22471,75,280,5,30,0,0
22472,75,280,5,30,0,1
22473,75,280,5,30,20,0
22474,75,280,5,30,20,1
22475,75,280,5,30,30,0
22476,75,280,5,30,30,1
22477,75,280,5,30,50,0
22478,75,280,5,30,50,1
22479,75,280,5,30,70,0
22480,75,280,5,30,70,1
22481,75,280,5,30,80,0
22482,75,280,5,30,80,1
22483,75,280,5,30,100,0
22484,75,280,5,30,100,1
22485,75,280,5,50,0,0
22486,75,280,5,50,0,1
22487,75,280,5,50,20,0
22488,75,280,5,50,20,1
22489,75,280,5,50,30,0
22490,75,280,5,50,30,1
22491,75,280,5,50,50,0
22492,75,280,5,50,50,1
22493,75,280,5,50,70,0
22494,75,280,5,50,70,1
22495,75,280,5,50,80,0
22496,75,280,5,50,80,1
22497,75,280,5,50,100,0
22498,75,280,5,50,100,1
22499,75,280,5,70,0,0
22500,75,280,5,70,0,1
22501,75,280,5,70,20,0
22502,75,280,5,70,20,1
22503,75,280,5,70,30,0
22504,75,280,5,70,30,1
22505,75,280,5,70,50,0
22506,75,280,5,70,50,1
22507,75,280,5,70,70,0
22508,75,280,5,70,70,1
22509,75,280,5,70,80,0
22510,75,280,5,70,80,1
22511,75,280,5,70,100,0
22512,75,280,5,70,100,1
22513,75,280,5,80,0,0
22514,75,280,5,80,0,1
22515,75,280,5,80,20,0
22516,75,280,5,80,20,1
22517,75,280,5,80,30,0
22518,75,280,5,80,30,1
22519,75,280,5,80,50,0
22520,75,280,5,80,50,1
22521,75,280,5,80,70,0
22522,75,280,5,80,70,1
22523,75,280,5,80,80,0
22524,75,280,5,80,80,1
22525,75,280,5,80,100,0
22526,75,280,5,80,100,1
22527,75,280,5,100,0,0
22528,75,280,5,100,0,1
22529,75,280,5,100,20,0
22530,75,280,5,100,20,1
22531,75,280,5,100,30,0
22532,75,280,5,100,30,1
22533,75,280,5,100,50,0
22534,75,280,5,100,50,1
22535,75,280,5,100,70,0
22536,75,280,5,100,70,1
22537,75,280,5,100,80,0
22538,75,280,5,100,80,1
22539,75,280,5,100,100,0
22540,75,280,5,100,100,1
22541,75,300,0,0,0,0
22542,75,300,0,0,0,1
22543,75,300,0,0,20,0
22544,75,300,0,0,20,1
22545,75,300,0,0,30,0
22546,75,300,0,0,30,1
22547,75,300,0,0,50,0
22548,75,300,0,0,50,1
22549,75,300,0,0,70,0
22550,75,300,0,0,70,1
22551,75,300,0,0,80,0
22552,75,300,0,0,80,1
22553,75,300,0,0,100,0
22554,75,300,0,0,100,1
22555,75,300,0,20,0,0
22556,75,300,0,20,0,1
22557,75,300,0,20,20,0
22558,75,300,0,20,20,1
22559,75,300,0,20,30,0
22560,75,300,0,20,30,1
22561,75,300,0,20,50,0
22562,75,300,0,20,50,1
22563,75,300,0,20,70,0
22564,75,300,0,20,70,1
22565,75,300,0,20,80,0
22566,75,300,0,20,80,1
22567,75,300,0,20,100,0
22568,75,300,0,20,100,1
22569,75,300,0,30,0,0
22570,75,300,0,30,0,1
22571,75,300,0,30,20,0
22572,75,300,0,30,20,1
22573,75,300,0,30,30,0
22574,75,300,0,30,30,1
22575,75,300,0,30,50,0
22576,75,300,0,30,50,1
22577,75,300,0,30,70,0
22578,75,300,0,30,70,1
22579,75,300,0,30,80,0
22580,75,300,0,30,80,1
22581,75,300,0,30,100,0
22582,75,300,0,30,100,1
22583,75,300,0,50,0,0
22584,75,300,0,50,0,1
22585,75,300,0,50,20,0
22586,75,300,0,50,20,1
22587,75,300,0,50,30,0
22588,75,300,0,50,30,1
22589,75,300,0,50,50,0
22590,75,300,0,50,50,1
22591,75,300,0,50,70,0
22592,75,300,0,50,70,1
22593,75,300,0,50,80,0
22594,75,300,0,50,80,1
22595,75,300,0,50,100,0
22596,75,300,0,50,100,1
22597,75,300,0,70,0,0
22598,75,300,0,70,0,1
22599,75,300,0,70,20,0
22600,75,300,0,70,20,1
22601,75,300,0,70,30,0
22602,75,300,0,70,30,1
22603,75,300,0,70,50,0
22604,75,300,0,70,50,1
22605,75,300,0,70,70,0
22606,75,300,0,70,70,1
22607,75,300,0,70,80,0
22608,75,300,0,70,80,1
22609,75,300,0,70,100,0
22610,75,300,0,70,100,1
22611,75,300,0,80,0,0
22612,75,300,0,80,0,1
22613,75,300,0,80,20,0
22614,75,300,0,80,20,1
22615,75,300,0,80,30,0
22616,75,300,0,80,30,1
22617,75,300,0,80,50,0
22618,75,300,0,80,50,1
22619,75,300,0,80,70,0
22620,75,300,0,80,70,1
22621,75,300,0,80,80,0
22622,75,300,0,80,80,1
22623,75,300,0,80,100,0
22624,75,300,0,80,100,1
22625,75,300,0,100,0,0
22626,75,300,0,100,0,1
22627,75,300,0,100,20,0
22628,75,300,0,100,20,1
22629,75,300,0,100,30,0
22630,75,300,0,100,30,1
22631,75,300,0,100,50,0
22632,75,300,0,100,50,1
22633,75,300,0,100,70,0
22634,75,300,0,100,70,1
22635,75,300,0,100,80,0
22636,75,300,0,100,80,1
22637,75,300,0,100,100,0
22638,75,300,0,100,100,1
22639,75,300,75,0,0,0
22640,75,300,75,0,0,1
22641,75,300,75,0,20,0
22642,75,300,75,0,20,1
22643,75,300,75,0,30,0
22644,75,300,75,0,30,1
22645,75,300,75,0,50,0
22646,75,300,75,0,50,1
22647,75,300,75,0,70,0
22648,75,300,75,0,70,1
22649,75,300,75,0,80,0
22650,75,300,75,0,80,1
22651,75,300,75,0,100,0
22652,75,300,75,0,100,1
22653,75,300,75,20,0,0
22654,75,300,75,20,0,1
22655,75,300,75,20,20,0
22656,75,300,75,20,20,1
22657,75,300,75,20,30,0
22658,75,300,75,20,30,1
22659,75,300,75,20,50,0
22660,75,300,75,20,50,1
22661,75,300,75,20,70,0
22662,75,300,75,20,70,1
22663,75,300,75,20,80,0
22664,75,300,75,20,80,1
22665,75,300,75,20,100,0
22666,75,300,75,20,100,1
22667,75,300,75,30,0,0
22668,75,300,75,30,0,1
22669,75,300,75,30,20,0
22670,75,300,75,30,20,1
22671,75,300,75,30,30,0
22672,75,300,75,30,30,1
22673,75,300,75,30,50,0
22674,75,300,75,30,50,1
22675,75,300,75,30,70,0
22676,75,300,75,30,70,1
22677,75,300,75,30,80,0
22678,75,300,75,30,80,1
22679,75,300,75,30,100,0
22680,75,300,75,30,100,1
22681,75,300,75,50,0,0
22682,75,300,75,50,0,1
22683,75,300,75,50,20,0
22684,75,300,75,50,20,1
22685,75,300,75,50,30,0
22686,75,300,75,50,30,1
22687,75,300,75,50,50,0
22688,75,300,75,50,50,1
22689,75,300,75,50,70,0
22690,75,300,75,50,70,1
22691,75,300,75,50,80,0
22692,75,300,75,50,80,1
22693,75,300,75,50,100,0
22694,75,300,75,50,100,1
22695,75,300,75,70,0,0
22696,75,300,75,70,0,1
22697,75,300,75,70,20,0
22698,75,300,75,70,20,1
22699,75,300,75,70,30,0
22700,75,300,75,70,30,1
22701,75,300,75,70,50,0
22702,75,300,75,70,50,1
22703,75,300,75,70,70,0
22704,75,300,75,70,70,1
22705,75,300,75,70,80,0
22706,75,300,75,70,80,1
22707,75,300,75,70,100,0
22708,75,300,75,70,100,1
22709,75,300,75,80,0,0
22710,75,300,75,80,0,1
22711,75,300,75,80,20,0
22712,75,300,75,80,20,1
22713,75,300,75,80,30,0
22714,75,300,75,80,30,1
22715,75,300,75,80,50,0
22716,75,300,75,80,50,1
22717,75,300,75,80,70,0
22718,75,300,75,80,70,1
22719,75,300,75,80,80,0
22720,75,300,75,80,80,1
22721,75,300,75,80,100,0
22722,75,300,75,80,100,1
22723,75,300,75,100,0,0
22724,75,300,75,100,0,1
22725,75,300,75,100,20,0
22726,75,300,75,100,20,1
22727,75,300,75,100,30,0
22728,75,300,75,100,30,1
22729,75,300,75,100,50,0
22730,75,300,75,100,50,1
22731,75,300,75,100,70,0
22732,75,300,75,100,70,1
22733,75,300,75,100,80,0
22734,75,300,75,100,80,1
22735,75,300,75,100,100,0
22736,75,300,75,100,100,1
22737,75,300,1,0,0,0
22738,75,300,1,0,0,1
22739,75,300,1,0,20,0
22740,75,300,1,0,20,1
22741,75,300,1,0,30,0
22742,75,300,1,0,30,1
22743,75,300,1,0,50,0
22744,75,300,1,0,50,1
22745,75,300,1,0,70,0
22746,75,300,1,0,70,1
22747,75,300,1,0,80,0
22748,75,300,1,0,80,1
22749,75,300,1,0,100,0
22750,75,300,1,0,100,1
22751,75,300,1,20,0,0
22752,75,300,1,20,0,1
22753,75,300,1,20,20,0
22754,75,300,1,20,20,1
22755,75,300,1,20,30,0
22756,75,300,1,20,30,1
22757,75,300,1,20,50,0
22758,75,300,1,20,50,1
22759,75,300,1,20,70,0
22760,75,300,1,20,70,1
22761,75,300,1,20,80,0
22762,75,300,1,20,80,1
22763,75,300,1,20,100,0
22764,75,300,1,20,100,1
22765,75,300,1,30,0,0
22766,75,300,1,30,0,1
22767,75,300,1,30,20,0
22768,75,300,1,30,20,1
22769,75,300,1,30,30,0
22770,75,300,1,30,30,1
22771,75,300,1,30,50,0
22772,75,300,1,30,50,1
22773,75,300,1,30,70,0
22774,75,300,1,30,70,1
22775,75,300,1,30,80,0
22776,75,300,1,30,80,1
22777,75,300,1,30,100,0
22778,75,300,1,30,100,1
22779,75,300,1,50,0,0
22780,75,300,1,50,0,1
22781,75,300,1,50,20,0
22782,75,300,1,50,20,1
22783,75,300,1,50,30,0
22784,75,300,1,50,30,1
22785,75,300,1,50,50,0
22786,75,300,1,50,50,1
22787,75,300,1,50,70,0
22788,75,300,1,50,70,1
22789,75,300,1,50,80,0
22790,75,300,1,50,80,1
22791,75,300,1,50,100,0
22792,75,300,1,50,100,1
22793,75,300,1,70,0,0
22794,75,300,1,70,0,1
22795,75,300,1,70,20,0
22796,75,300,1,70,20,1
22797,75,300,1,70,30,0
22798,75,300,1,70,30,1
22799,75,300,1,70,50,0
22800,75,300,1,70,50,1
22801,75,300,1,70,70,0
22802,75,300,1,70,70,1
22803,75,300,1,70,80,0
22804,75,300,1,70,80,1
22805,75,300,1,70,100,0
22806,75,300,1,70,100,1
22807,75,300,1,80,0,0
22808,75,300,1,80,0,1
22809,75,300,1,80,20,0
22810,75,300,1,80,20,1
22811,75,300,1,80,30,0
22812,75,300,1,80,30,1
22813,75,300,1,80,50,0
22814,75,300,1,80,50,1
22815,75,300,1,80,70,0
22816,75,300,1,80,70,1
22817,75,300,1,80,80,0
22818,75,300,1,80,80,1
22819,75,300,1,80,100,0
22820,75,300,1,80,100,1
22821,75,300,1,100,0,0
22822,75,300,1,100,0,1
22823,75,300,1,100,20,0
22824,75,300,1,100,20,1
22825,75,300,1,100,30,0
22826,75,300,1,100,30,1
22827,75,300,1,100,50,0
22828,75,300,1,100,50,1
22829,75,300,1,100,70,0
22830,75,300,1,100,70,1
22831,75,300,1,100,80,0
22832,75,300,1,100,80,1
22833,75,300,1,100,100,0
22834,75,300,1,100,100,1
22835,75,300,1,0,0,0
22836,75,300,1,0,0,1
22837,75,300,1,0,20,0
22838,75,300,1,0,20,1
22839,75,300,1,0,30,0
22840,75,300,1,0,30,1
22841,75,300,1,0,50,0
22842,75,300,1,0,50,1
22843,75,300,1,0,70,0
22844,75,300,1,0,70,1
22845,75,300,1,0,80,0
22846,75,300,1,0,80,1
22847,75,300,1,0,100,0
22848,75,300,1,0,100,1
22849,75,300,1,20,0,0
22850,75,300,1,20,0,1
22851,75,300,1,20,20,0
22852,75,300,1,20,20,1
22853,75,300,1,20,30,0
22854,75,300,1,20,30,1
22855,75,300,1,20,50,0
22856,75,300,1,20,50,1
22857,75,300,1,20,70,0
22858,75,300,1,20,70,1
22859,75,300,1,20,80,0
22860,75,300,1,20,80,1
22861,75,300,1,20,100,0
22862,75,300,1,20,100,1
22863,75,300,1,30,0,0
22864,75,300,1,30,0,1
22865,75,300,1,30,20,0
22866,75,300,1,30,20,1
22867,75,300,1,30,30,0
22868,75,300,1,30,30,1
22869,75,300,1,30,50,0
22870,75,300,1,30,50,1
22871,75,300,1,30,70,0
22872,75,300,1,30,70,1
22873,75,300,1,30,80,0
22874,75,300,1,30,80,1
22875,75,300,1,30,100,0
22876,75,300,1,30,100,1
22877,75,300,1,50,0,0
22878,75,300,1,50,0,1
22879,75,300,1,50,20,0
22880,75,300,1,50,20,1
22881,75,300,1,50,30,0
22882,75,300,1,50,30,1
22883,75,300,1,50,50,0
22884,75,300,1,50,50,1
22885,75,300,1,50,70,0
22886,75,300,1,50,70,1
22887,75,300,1,50,80,0
22888,75,300,1,50,80,1
22889,75,300,1,50,100,0
22890,75,300,1,50,100,1
22891,75,300,1,70,0,0
22892,75,300,1,70,0,1
22893,75,300,1,70,20,0
22894,75,300,1,70,20,1
22895,75,300,1,70,30,0
22896,75,300,1,70,30,1
22897,75,300,1,70,50,0
22898,75,300,1,70,50,1
22899,75,300,1,70,70,0
22900,75,300,1,70,70,1
22901,75,300,1,70,80,0
22902,75,300,1,70,80,1
22903,75,300,1,70,100,0
22904,75,300,1,70,100,1
22905,75,300,1,80,0,0
22906,75,300,1,80,0,1
22907,75,300,1,80,20,0
22908,75,300,1,80,20,1
22909,75,300,1,80,30,0
22910,75,300,1,80,30,1
22911,75,300,1,80,50,0
22912,75,300,1,80,50,1
22913,75,300,1,80,70,0
22914,75,300,1,80,70,1
22915,75,300,1,80,80,0
22916,75,300,1,80,80,1
22917,75,300,1,80,100,0
22918,75,300,1,80,100,1
22919,75,300,1,100,0,0
22920,75,300,1,100,0,1
22921,75,300,1,100,20,0
22922,75,300,1,100,20,1
22923,75,300,1,100,30,0
22924,75,300,1,100,30,1
22925,75,300,1,100,50,0
22926,75,300,1,100,50,1
22927,75,300,1,100,70,0
22928,75,300,1,100,70,1
22929,75,300,1,100,80,0
22930,75,300,1,100,80,1
22931,75,300,1,100,100,0
22932,75,300,1,100,100,1
22933,75,300,5,0,0,0
22934,75,300,5,0,0,1
22935,75,300,5,0,20,0
22936,75,300,5,0,20,1
22937,75,300,5,0,30,0
22938,75,300,5,0,30,1
22939,75,300,5,0,50,0
22940,75,300,5,0,50,1
22941,75,300,5,0,70,0
22942,75,300,5,0,70,1
22943,75,300,5,0,80,0
22944,75,300,5,0,80,1
22945,75,300,5,0,100,0
22946,75,300,5,0,100,1
22947,75,300,5,20,0,0
22948,75,300,5,20,0,1
22949,75,300,5,20,20,0
22950,75,300,5,20,20,1
22951,75,300,5,20,30,0
22952,75,300,5,20,30,1
22953,75,300,5,20,50,0
22954,75,300,5,20,50,1
22955,75,300,5,20,70,0
22956,75,300,5,20,70,1
22957,75,300,5,20,80,0
22958,75,300,5,20,80,1
22959,75,300,5,20,100,0
22960,75,300,5,20,100,1
22961,75,300,5,30,0,0
22962,75,300,5,30,0,1
22963,75,300,5,30,20,0
22964,75,300,5,30,20,1
22965,75,300,5,30,30,0
22966,75,300,5,30,30,1
22967,75,300,5,30,50,0
22968,75,300,5,30,50,1
22969,75,300,5,30,70,0
22970,75,300,5,30,70,1
22971,75,300,5,30,80,0
22972,75,300,5,30,80,1
22973,75,300,5,30,100,0
22974,75,300,5,30,100,1
22975,75,300,5,50,0,0
22976,75,300,5,50,0,1
22977,75,300,5,50,20,0
22978,75,300,5,50,20,1
22979,75,300,5,50,30,0
22980,75,300,5,50,30,1
22981,75,300,5,50,50,0
22982,75,300,5,50,50,1
22983,75,300,5,50,70,0
22984,75,300,5,50,70,1
22985,75,300,5,50,80,0
22986,75,300,5,50,80,1
22987,75,300,5,50,100,0
22988,75,300,5,50,100,1
22989,75,300,5,70,0,0
22990,75,300,5,70,0,1
22991,75,300,5,70,20,0
22992,75,300,5,70,20,1
22993,75,300,5,70,30,0
22994,75,300,5,70,30,1
22995,75,300,5,70,50,0
22996,75,300,5,70,50,1
22997,75,300,5,70,70,0
22998,75,300,5,70,70,1
22999,75,300,5,70,80,0
23000,75,300,5,70,80,1
23001,75,300,5,70,100,0
23002,75,300,5,70,100,1
23003,75,300,5,80,0,0
23004,75,300,5,80,0,1
23005,75,300,5,80,20,0
23006,75,300,5,80,20,1
23007,75,300,5,80,30,0
23008,75,300,5,80,30,1
23009,75,300,5,80,50,0
23010,75,300,5,80,50,1
23011,75,300,5,80,70,0
23012,75,300,5,80,70,1
23013,75,300,5,80,80,0
23014,75,300,5,80,80,1
23015,75,300,5,80,100,0
23016,75,300,5,80,100,1
23017,75,300,5,100,0,0
23018,75,300,5,100,0,1
23019,75,300,5,100,20,0
23020,75,300,5,100,20,1
23021,75,300,5,100,30,0
23022,75,300,5,100,30,1
23023,75,300,5,100,50,0
23024,75,300,5,100,50,1
23025,75,300,5,100,70,0
23026,75,300,5,100,70,1
23027,75,300,5,100,80,0
23028,75,300,5,100,80,1
23029,75,300,5,100,100,0
23030,75,300,5,100,100,1
23031,75,320,0,0,0,0
23032,75,320,0,0,0,1
23033,75,320,0,0,20,0
23034,75,320,0,0,20,1
23035,75,320,0,0,30,0
23036,75,320,0,0,30,1
23037,75,320,0,0,50,0
23038,75,320,0,0,50,1
23039,75,320,0,0,70,0
23040,75,320,0,0,70,1
23041,75,320,0,0,80,0
23042,75,320,0,0,80,1
23043,75,320,0,0,100,0
23044,75,320,0,0,100,1
23045,75,320,0,20,0,0
23046,75,320,0,20,0,1
23047,75,320,0,20,20,0
23048,75,320,0,20,20,1
23049,75,320,0,20,30,0
23050,75,320,0,20,30,1
23051,75,320,0,20,50,0
23052,75,320,0,20,50,1
23053,75,320,0,20,70,0
23054,75,320,0,20,70,1
23055,75,320,0,20,80,0
23056,75,320,0,20,80,1
23057,75,320,0,20,100,0
23058,75,320,0,20,100,1
23059,75,320,0,30,0,0
23060,75,320,0,30,0,1
23061,75,320,0,30,20,0
23062,75,320,0,30,20,1
23063,75,320,0,30,30,0
23064,75,320,0,30,30,1
23065,75,320,0,30,50,0
23066,75,320,0,30,50,1
23067,75,320,0,30,70,0
23068,75,320,0,30,70,1
23069,75,320,0,30,80,0
23070,75,320,0,30,80,1
23071,75,320,0,30,100,0
23072,75,320,0,30,100,1
23073,75,320,0,50,0,0
23074,75,320,0,50,0,1
23075,75,320,0,50,20,0
23076,75,320,0,50,20,1
23077,75,320,0,50,30,0
23078,75,320,0,50,30,1
23079,75,320,0,50,50,0
23080,75,320,0,50,50,1
23081,75,320,0,50,70,0
23082,75,320,0,50,70,1
23083,75,320,0,50,80,0
23084,75,320,0,50,80,1
23085,75,320,0,50,100,0
23086,75,320,0,50,100,1
23087,75,320,0,70,0,0
23088,75,320,0,70,0,1
23089,75,320,0,70,20,0
23090,75,320,0,70,20,1
23091,75,320,0,70,30,0
23092,75,320,0,70,30,1
23093,75,320,0,70,50,0
23094,75,320,0,70,50,1
23095,75,320,0,70,70,0
23096,75,320,0,70,70,1
23097,75,320,0,70,80,0
23098,75,320,0,70,80,1
23099,75,320,0,70,100,0
23100,75,320,0,70,100,1
23101,75,320,0,80,0,0
23102,75,320,0,80,0,1
23103,75,320,0,80,20,0
23104,75,320,0,80,20,1
23105,75,320,0,80,30,0
23106,75,320,0,80,30,1
23107,75,320,0,80,50,0
23108,75,320,0,80,50,1
23109,75,320,0,80,70,0
23110,75,320,0,80,70,1
23111,75,320,0,80,80,0
23112,75,320,0,80,80,1
23113,75,320,0,80,100,0
23114,75,320,0,80,100,1
23115,75,320,0,100,0,0
23116,75,320,0,100,0,1
23117,75,320,0,100,20,0
23118,75,320,0,100,20,1
23119,75,320,0,100,30,0
23120,75,320,0,100,30,1
23121,75,320,0,100,50,0
23122,75,320,0,100,50,1
23123,75,320,0,100,70,0
23124,75,320,0,100,70,1
23125,75,320,0,100,80,0
23126,75,320,0,100,80,1
23127,75,320,0,100,100,0
23128,75,320,0,100,100,1
23129,75,320,75,0,0,0
23130,75,320,75,0,0,1
23131,75,320,75,0,20,0
23132,75,320,75,0,20,1
23133,75,320,75,0,30,0
23134,75,320,75,0,30,1
23135,75,320,75,0,50,0
23136,75,320,75,0,50,1
23137,75,320,75,0,70,0
23138,75,320,75,0,70,1
23139,75,320,75,0,80,0
23140,75,320,75,0,80,1
23141,75,320,75,0,100,0
23142,75,320,75,0,100,1
23143,75,320,75,20,0,0
23144,75,320,75,20,0,1
23145,75,320,75,20,20,0
23146,75,320,75,20,20,1
23147,75,320,75,20,30,0
23148,75,320,75,20,30,1
23149,75,320,75,20,50,0
23150,75,320,75,20,50,1
23151,75,320,75,20,70,0
23152,75,320,75,20,70,1
23153,75,320,75,20,80,0
23154,75,320,75,20,80,1
23155,75,320,75,20,100,0
23156,75,320,75,20,100,1
23157,75,320,75,30,0,0
23158,75,320,75,30,0,1
23159,75,320,75,30,20,0
23160,75,320,75,30,20,1
23161,75,320,75,30,30,0
23162,75,320,75,30,30,1
23163,75,320,75,30,50,0
23164,75,320,75,30,50,1
23165,75,320,75,30,70,0
23166,75,320,75,30,70,1
23167,75,320,75,30,80,0
23168,75,320,75,30,80,1
23169,75,320,75,30,100,0
23170,75,320,75,30,100,1
23171,75,320,75,50,0,0
23172,75,320,75,50,0,1
23173,75,320,75,50,20,0
23174,75,320,75,50,20,1
23175,75,320,75,50,30,0
23176,75,320,75,50,30,1
23177,75,320,75,50,50,0
23178,75,320,75,50,50,1
23179,75,320,75,50,70,0
23180,75,320,75,50,70,1
23181,75,320,75,50,80,0
23182,75,320,75,50,80,1
23183,75,320,75,50,100,0
23184,75,320,75,50,100,1
23185,75,320,75,70,0,0
23186,75,320,75,70,0,1
23187,75,320,75,70,20,0
23188,75,320,75,70,20,1
23189,75,320,75,70,30,0
23190,75,320,75,70,30,1
23191,75,320,75,70,50,0
23192,75,320,75,70,50,1
23193,75,320,75,70,70,0
23194,75,320,75,70,70,1
23195,75,320,75,70,80,0
23196,75,320,75,70,80,1
23197,75,320,75,70,100,0
23198,75,320,75,70,100,1
23199,75,320,75,80,0,0
23200,75,320,75,80,0,1
23201,75,320,75,80,20,0
23202,75,320,75,80,20,1
23203,75,320,75,80,30,0
23204,75,320,75,80,30,1
23205,75,320,75,80,50,0
23206,75,320,75,80,50,1
23207,75,320,75,80,70,0
23208,75,320,75,80,70,1
23209,75,320,75,80,80,0
23210,75,320,75,80,80,1
23211,75,320,75,80,100,0
23212,75,320,75,80,100,1
23213,75,320,75,100,0,0
23214,75,320,75,100,0,1
23215,75,320,75,100,20,0
23216,75,320,75,100,20,1
23217,75,320,75,100,30,0
23218,75,320,75,100,30,1
23219,75,320,75,100,50,0
23220,75,320,75,100,50,1
23221,75,320,75,100,70,0
23222,75,320,75,100,70,1
23223,75,320,75,100,80,0
23224,75,320,75,100,80,1
23225,75,320,75,100,100,0
23226,75,320,75,100,100,1
23227,75,320,1,0,0,0
23228,75,320,1,0,0,1
23229,75,320,1,0,20,0
23230,75,320,1,0,20,1
23231,75,320,1,0,30,0
23232,75,320,1,0,30,1
23233,75,320,1,0,50,0
23234,75,320,1,0,50,1
23235,75,320,1,0,70,0
23236,75,320,1,0,70,1
23237,75,320,1,0,80,0
23238,75,320,1,0,80,1
23239,75,320,1,0,100,0
23240,75,320,1,0,100,1
23241,75,320,1,20,0,0
23242,75,320,1,20,0,1
23243,75,320,1,20,20,0
23244,75,320,1,20,20,1
23245,75,320,1,20,30,0
23246,75,320,1,20,30,1
23247,75,320,1,20,50,0
23248,75,320,1,20,50,1
23249,75,320,1,20,70,0
23250,75,320,1,20,70,1
23251,75,320,1,20,80,0
23252,75,320,1,20,80,1
23253,75,320,1,20,100,0
23254,75,320,1,20,100,1
23255,75,320,1,30,0,0
23256,75,320,1,30,0,1
23257,75,320,1,30,20,0
23258,75,320,1,30,20,1
23259,75,320,1,30,30,0
23260,75,320,1,30,30,1
23261,75,320,1,30,50,0
23262,75,320,1,30,50,1
23263,75,320,1,30,70,0
23264,75,320,1,30,70,1
23265,75,320,1,30,80,0
23266,75,320,1,30,80,1
23267,75,320,1,30,100,0
23268,75,320,1,30,100,1
23269,75,320,1,50,0,0
23270,75,320,1,50,0,1
23271,75,320,1,50,20,0
23272,75,320,1,50,20,1
23273,75,320,1,50,30,0
23274,75,320,1,50,30,1
23275,75,320,1,50,50,0
23276,75,320,1,50,50,1
23277,75,320,1,50,70,0
23278,75,320,1,50,70,1
23279,75,320,1,50,80,0
23280,75,320,1,50,80,1
23281,75,320,1,50,100,0
23282,75,320,1,50,100,1
23283,75,320,1,70,0,0
23284,75,320,1,70,0,1
23285,75,320,1,70,20,0
23286,75,320,1,70,20,1
23287,75,320,1,70,30,0
23288,75,320,1,70,30,1
23289,75,320,1,70,50,0
23290,75,320,1,70,50,1
23291,75,320,1,70,70,0
23292,75,320,1,70,70,1
23293,75,320,1,70,80,0
23294,75,320,1,70,80,1
23295,75,320,1,70,100,0
23296,75,320,1,70,100,1
23297,75,320,1,80,0,0
23298,75,320,1,80,0,1
23299,75,320,1,80,20,0
23300,75,320,1,80,20,1
23301,75,320,1,80,30,0
23302,75,320,1,80,30,1
23303,75,320,1,80,50,0
23304,75,320,1,80,50,1
23305,75,320,1,80,70,0
23306,75,320,1,80,70,1
23307,75,320,1,80,80,0
23308,75,320,1,80,80,1
23309,75,320,1,80,100,0
23310,75,320,1,80,100,1
23311,75,320,1,100,0,0
23312,75,320,1,100,0,1
23313,75,320,1,100,20,0
23314,75,320,1,100,20,1
23315,75,320,1,100,30,0
23316,75,320,1,100,30,1
23317,75,320,1,100,50,0
23318,75,320,1,100,50,1
23319,75,320,1,100,70,0
23320,75,320,1,100,70,1
23321,75,320,1,100,80,0
23322,75,320,1,100,80,1
23323,75,320,1,100,100,0
23324,75,320,1,100,100,1
23325,75,320,1,0,0,0
23326,75,320,1,0,0,1
23327,75,320,1,0,20,0
23328,75,320,1,0,20,1
23329,75,320,1,0,30,0
23330,75,320,1,0,30,1
23331,75,320,1,0,50,0
23332,75,320,1,0,50,1
23333,75,320,1,0,70,0
23334,75,320,1,0,70,1
23335,75,320,1,0,80,0
23336,75,320,1,0,80,1
23337,75,320,1,0,100,0
23338,75,320,1,0,100,1
23339,75,320,1,20,0,0
23340,75,320,1,20,0,1
23341,75,320,1,20,20,0
23342,75,320,1,20,20,1
23343,75,320,1,20,30,0
23344,75,320,1,20,30,1
23345,75,320,1,20,50,0
23346,75,320,1,20,50,1
23347,75,320,1,20,70,0
23348,75,320,1,20,70,1
23349,75,320,1,20,80,0
23350,75,320,1,20,80,1
23351,75,320,1,20,100,0
23352,75,320,1,20,100,1
23353,75,320,1,30,0,0
23354,75,320,1,30,0,1
23355,75,320,1,30,20,0
23356,75,320,1,30,20,1
23357,75,320,1,30,30,0
23358,75,320,1,30,30,1
23359,75,320,1,30,50,0
23360,75,320,1,30,50,1
23361,75,320,1,30,70,0
23362,75,320,1,30,70,1
23363,75,320,1,30,80,0
23364,75,320,1,30,80,1
23365,75,320,1,30,100,0
23366,75,320,1,30,100,1
23367,75,320,1,50,0,0
23368,75,320,1,50,0,1
23369,75,320,1,50,20,0
23370,75,320,1,50,20,1
23371,75,320,1,50,30,0
23372,75,320,1,50,30,1
23373,75,320,1,50,50,0
23374,75,320,1,50,50,1
23375,75,320,1,50,70,0
23376,75,320,1,50,70,1
23377,75,320,1,50,80,0
23378,75,320,1,50,80,1
23379,75,320,1,50,100,0
23380,75,320,1,50,100,1
23381,75,320,1,70,0,0
23382,75,320,1,70,0,1
23383,75,320,1,70,20,0
23384,75,320,1,70,20,1
23385,75,320,1,70,30,0
23386,75,320,1,70,30,1
23387,75,320,1,70,50,0
23388,75,320,1,70,50,1
23389,75,320,1,70,70,0
23390,75,320,1,70,70,1
23391,75,320,1,70,80,0
23392,75,320,1,70,80,1
23393,75,320,1,70,100,0
23394,75,320,1,70,100,1
23395,75,320,1,80,0,0
23396,75,320,1,80,0,1
23397,75,320,1,80,20,0
23398,75,320,1,80,20,1
23399,75,320,1,80,30,0
23400,75,320,1,80,30,1
23401,75,320,1,80,50,0
23402,75,320,1,80,50,1
23403,75,320,1,80,70,0
23404,75,320,1,80,70,1
23405,75,320,1,80,80,0
23406,75,320,1,80,80,1
23407,75,320,1,80,100,0
23408,75,320,1,80,100,1
23409,75,320,1,100,0,0
23410,75,320,1,100,0,1
23411,75,320,1,100,20,0
23412,75,320,1,100,20,1
23413,75,320,1,100,30,0
23414,75,320,1,100,30,1
23415,75,320,1,100,50,0
23416,75,320,1,100,50,1
23417,75,320,1,100,70,0
23418,75,320,1,100,70,1
23419,75,320,1,100,80,0
23420,75,320,1,100,80,1
23421,75,320,1,100,100,0
23422,75,320,1,100,100,1
23423,75,320,5,0,0,0
23424,75,320,5,0,0,1
23425,75,320,5,0,20,0
23426,75,320,5,0,20,1
23427,75,320,5,0,30,0
23428,75,320,5,0,30,1
23429,75,320,5,0,50,0
23430,75,320,5,0,50,1
23431,75,320,5,0,70,0
23432,75,320,5,0,70,1
23433,75,320,5,0,80,0
23434,75,320,5,0,80,1
23435,75,320,5,0,100,0
23436,75,320,5,0,100,1
23437,75,320,5,20,0,0
23438,75,320,5,20,0,1
23439,75,320,5,20,20,0
23440,75,320,5,20,20,1
23441,75,320,5,20,30,0
23442,75,320,5,20,30,1
23443,75,320,5,20,50,0
23444,75,320,5,20,50,1
23445,75,320,5,20,70,0
23446,75,320,5,20,70,1
23447,75,320,5,20,80,0
23448,75,320,5,20,80,1
23449,75,320,5,20,100,0
23450,75,320,5,20,100,1
23451,75,320,5,30,0,0
23452,75,320,5,30,0,1
23453,75,320,5,30,20,0
23454,75,320,5,30,20,1
23455,75,320,5,30,30,0
23456,75,320,5,30,30,1
23457,75,320,5,30,50,0
23458,75,320,5,30,50,1
23459,75,320,5,30,70,0
23460,75,320,5,30,70,1
23461,75,320,5,30,80,0
23462,75,320,5,30,80,1
23463,75,320,5,30,100,0
23464,75,320,5,30,100,1
23465,75,320,5,50,0,0
23466,75,320,5,50,0,1
23467,75,320,5,50,20,0
23468,75,320,5,50,20,1
23469,75,320,5,50,30,0
23470,75,320,5,50,30,1
23471,75,320,5,50,50,0
23472,75,320,5,50,50,1
23473,75,320,5,50,70,0
23474,75,320,5,50,70,1
23475,75,320,5,50,80,0
23476,75,320,5,50,80,1
23477,75,320,5,50,100,0
23478,75,320,5,50,100,1
23479,75,320,5,70,0,0
23480,75,320,5,70,0,1
23481,75,320,5,70,20,0
23482,75,320,5,70,20,1
23483,75,320,5,70,30,0
23484,75,320,5,70,30,1
23485,75,320,5,70,50,0
23486,75,320,5,70,50,1
23487,75,320,5,70,70,0
23488,75,320,5,70,70,1
23489,75,320,5,70,80,0
23490,75,320,5,70,80,1
23491,75,320,5,70,100,0
23492,75,320,5,70,100,1
23493,75,320,5,80,0,0
23494,75,320,5,80,0,1
23495,75,320,5,80,20,0
23496,75,320,5,80,20,1
23497,75,320,5,80,30,0
23498,75,320,5,80,30,1
23499,75,320,5,80,50,0
23500,75,320,5,80,50,1
23501,75,320,5,80,70,0
23502,75,320,5,80,70,1
23503,75,320,5,80,80,0
23504,75,320,5,80,80,1
23505,75,320,5,80,100,0
23506,75,320,5,80,100,1
23507,75,320,5,100,0,0
23508,75,320,5,100,0,1
23509,75,320,5,100,20,0
23510,75,320,5,100,20,1
23511,75,320,5,100,30,0
23512,75,320,5,100,30,1
23513,75,320,5,100,50,0
23514,75,320,5,100,50,1
23515,75,320,5,100,70,0
23516,75,320,5,100,70,1
23517,75,320,5,100,80,0
23518,75,320,5,100,80,1
23519,75,320,5,100,100,0
23520,75,320,5,100,100,1
